item_id,title,item_type,url,tags,countries,shock_types,content_roles,geographic_scope,language,diem_pillar,confidence,review_notes,existing_group_categories,proposed_group_categories,verified_group_categories,status
b07ff1fe5bc44c159f39af0bcc64fa06, Nepal - Impact of the November 2023 earthquakes - Impact Assesment,Document Link,https://doi.org/10.4060/cd0639en,Other DIEM documents | Impact assessment,NPL,Earthquake,Primary assessment,Country,English,Hazard impact assessment,high,,,/Categories/Countries/NPL | /Categories/Shock types/Earthquake | /Categories/Content roles/Primary assessment | /Categories/Geographic scope/Country | /Categories/Languages/English | /Categories/DIEM pillars/Hazard impact assessment,/Categories/Content roles/Primary assessment | /Categories/Countries/NPL | /Categories/DIEM pillars/Hazard impact assessment | /Categories/Geographic scope/Country | /Categories/Languages/English | /Categories/Shock types/Earthquake,verified
8969d10f89d6440cb4920fa0e3e8c3b1,Afghanistan - Cold wave assessment on livestock 2023 - Impact Assessment,Document Link,https://openknowledge.fao.org/handle/20.500.14283/cc7193en,Other DIEM documents | Impact assessment,AFG,Drought and climatic anomaly,Primary assessment,Country,English,Hazard impact assessment,high,,,/Categories/Countries/AFG | /Categories/Shock types/Drought and climatic anomaly | /Categories/Content roles/Primary assessment | /Categories/Geographic scope/Country | /Categories/Languages/English | /Categories/DIEM pillars/Hazard impact assessment,/Categories/Content roles/Primary assessment | /Categories/Countries/AFG | /Categories/DIEM pillars/Hazard impact assessment | /Categories/Geographic scope/Country | /Categories/Languages/English | /Categories/Shock types/Drought and climatic anomaly,verified
e4a0aafa9c7248019448deff0ba8246d,Afghanistan - Flood Damage May 2024 - Impact Assessment,Document Link,https://doi.org/10.4060/cd3570en,Other DIEM documents | Impact assessment,AFG,Flood,Primary assessment,Country,English,Hazard impact assessment,high,,,/Categories/Countries/AFG | /Categories/Shock types/Flood | /Categories/Content roles/Primary assessment | /Categories/Geographic scope/Country | /Categories/Languages/English | /Categories/DIEM pillars/Hazard impact assessment,/Categories/Content roles/Primary assessment | /Categories/Countries/AFG | /Categories/DIEM pillars/Hazard impact assessment | /Categories/Geographic scope/Country | /Categories/Languages/English | /Categories/Shock types/Flood,verified
4026c71f971c474aa205984ecea9cf08,Afghanistan - The impact of the June 2022 earthquake on Khost and Paktika provinces - Impact Assessment,Document Link,https://openknowledge.fao.org/handle/20.500.14283/cc3940en,Impact assessment,AFG,Earthquake,Primary assessment,Country,English,Hazard impact assessment,high,,,/Categories/Countries/AFG | /Categories/Shock types/Earthquake | /Categories/Content roles/Primary assessment | /Categories/Geographic scope/Country | /Categories/Languages/English | /Categories/DIEM pillars/Hazard impact assessment,/Categories/Content roles/Primary assessment | /Categories/Countries/AFG | /Categories/DIEM pillars/Hazard impact assessment | /Categories/Geographic scope/Country | /Categories/Languages/English | /Categories/Shock types/Earthquake,verified
baaa1f02a22e467dafc612d3bfb83af4,Afghanistan earthquake,StoryMap,https://storymaps.arcgis.com/stories/baaa1f02a22e467dafc612d3bfb83af4,DIEM StoryMap | Impact assessment,AFG,Earthquake,StoryMap,Country,English,Hazard impact assessment,high,,,/Categories/Countries/AFG | /Categories/Shock types/Earthquake | /Categories/Content roles/StoryMap | /Categories/Geographic scope/Country | /Categories/Languages/English | /Categories/DIEM pillars/Hazard impact assessment,/Categories/Content roles/StoryMap | /Categories/Countries/AFG | /Categories/DIEM pillars/Hazard impact assessment | /Categories/Geographic scope/Country | /Categories/Languages/English | /Categories/Shock types/Earthquake,verified
054558f41aa647ed99405c945750417b,Afghanistan earthquake 31 August 2025 - Agricultural area exposed,Web Experience,https://experience.arcgis.com/experience/054558f41aa647ed99405c945750417b,Impact assessment,AFG,Earthquake,Interactive application,Country,English,Hazard impact assessment,high,,,/Categories/Countries/AFG | /Categories/Shock types/Earthquake | /Categories/Content roles/Interactive application | /Categories/Geographic scope/Country | /Categories/Languages/English | /Categories/DIEM pillars/Hazard impact assessment,/Categories/Content roles/Interactive application | /Categories/Countries/AFG | /Categories/DIEM pillars/Hazard impact assessment | /Categories/Geographic scope/Country | /Categories/Languages/English | /Categories/Shock types/Earthquake,verified
237dacf9a2c946a08dc2b1b4a77f563b,"Al Haouz–Morocco earthquake, September 2023",StoryMap,https://storymaps.arcgis.com/stories/237dacf9a2c946a08dc2b1b4a77f563b,DIEM StoryMap | Impact assessment,MAR,Earthquake,StoryMap,Country,English,Hazard impact assessment,high,,,/Categories/Countries/MAR | /Categories/Shock types/Earthquake | /Categories/Content roles/StoryMap | /Categories/Geographic scope/Country | /Categories/Languages/English | /Categories/DIEM pillars/Hazard impact assessment,/Categories/Content roles/StoryMap | /Categories/Countries/MAR | /Categories/DIEM pillars/Hazard impact assessment | /Categories/Geographic scope/Country | /Categories/Languages/English | /Categories/Shock types/Earthquake,verified
ae7bde039c97489e95420cb8ecadddb6,"Analyse des conflits au Nord-Kivu, janvier-juin 2025",StoryMap,https://storymaps.arcgis.com/stories/ae7bde039c97489e95420cb8ecadddb6,DIEM StoryMap | Impact assessment,COD,Conflict and displacement,StoryMap | Translation,Country,French,Hazard impact assessment,high,Translation inferred from a matching English publication/event,,/Categories/Countries/COD | /Categories/Shock types/Conflict and displacement | /Categories/Content roles/StoryMap | /Categories/Content roles/Translation | /Categories/Geographic scope/Country | /Categories/Languages/French | /Categories/DIEM pillars/Hazard impact assessment,/Categories/Content roles/StoryMap | /Categories/Content roles/Translation | /Categories/Countries/COD | /Categories/DIEM pillars/Hazard impact assessment | /Categories/Geographic scope/Country | /Categories/Languages/French | /Categories/Shock types/Conflict and displacement,verified
7df8afe38ca2490c850aa10f5765427d,"Analyse du conflit au Nord Kivu, janvier–février 2025",StoryMap,https://storymaps.arcgis.com/stories/7df8afe38ca2490c850aa10f5765427d,DIEM StoryMap | Impact assessment,COD,Conflict and displacement,StoryMap | Translation,Country,French,Hazard impact assessment,high,Translation inferred from a matching English publication/event,,/Categories/Countries/COD | /Categories/Shock types/Conflict and displacement | /Categories/Content roles/StoryMap | /Categories/Content roles/Translation | /Categories/Geographic scope/Country | /Categories/Languages/French | /Categories/DIEM pillars/Hazard impact assessment,/Categories/Content roles/StoryMap | /Categories/Content roles/Translation | /Categories/Countries/COD | /Categories/DIEM pillars/Hazard impact assessment | /Categories/Geographic scope/Country | /Categories/Languages/French | /Categories/Shock types/Conflict and displacement,verified
4c3328baec2e42e6afb8c7c3665f9ceb,"Analyse du conflit au Nord-Kivu, RDC ",StoryMap,https://storymaps.arcgis.com/stories/4c3328baec2e42e6afb8c7c3665f9ceb,DIEM StoryMap | Impact assessment,COD,Conflict and displacement,StoryMap | Translation,Country,French,Hazard impact assessment,high,Translation inferred from a matching English publication/event,,/Categories/Countries/COD | /Categories/Shock types/Conflict and displacement | /Categories/Content roles/StoryMap | /Categories/Content roles/Translation | /Categories/Geographic scope/Country | /Categories/Languages/French | /Categories/DIEM pillars/Hazard impact assessment,/Categories/Content roles/StoryMap | /Categories/Content roles/Translation | /Categories/Countries/COD | /Categories/DIEM pillars/Hazard impact assessment | /Categories/Geographic scope/Country | /Categories/Languages/French | /Categories/Shock types/Conflict and displacement,verified
edc8bdc13feb4b9a8a071fddd7f5db94,"Analysis of conflict events in Nord Kivu, January–June 2025",StoryMap,https://storymaps.arcgis.com/stories/edc8bdc13feb4b9a8a071fddd7f5db94,DIEM StoryMap | Impact assessment,COD,Conflict and displacement,StoryMap,Country,English,Hazard impact assessment,high,,,/Categories/Countries/COD | /Categories/Shock types/Conflict and displacement | /Categories/Content roles/StoryMap | /Categories/Geographic scope/Country | /Categories/Languages/English | /Categories/DIEM pillars/Hazard impact assessment,/Categories/Content roles/StoryMap | /Categories/Countries/COD | /Categories/DIEM pillars/Hazard impact assessment | /Categories/Geographic scope/Country | /Categories/Languages/English | /Categories/Shock types/Conflict and displacement,verified
d0d83883600c4f139420a5e14d6d81ab,Angola - El Nino highlights  2024 - Impact Assessment,Document Link,https://openknowledge.fao.org/handle/20.500.14283/CD3954EN,Other DIEM documents | Impact assessment,AGO,Drought and climatic anomaly,Executive summary,Country,English,Hazard impact assessment,high,,,/Categories/Countries/AGO | /Categories/Shock types/Drought and climatic anomaly | /Categories/Content roles/Executive summary | /Categories/Geographic scope/Country | /Categories/Languages/English | /Categories/DIEM pillars/Hazard impact assessment,/Categories/Content roles/Executive summary | /Categories/Countries/AGO | /Categories/DIEM pillars/Hazard impact assessment | /Categories/Geographic scope/Country | /Categories/Languages/English | /Categories/Shock types/Drought and climatic anomaly,verified
2e56e180716a4d90b10962c4eb7573d1,Bangladesh - Impact of the floods on agricultural livelihoods and food security in the eastern part of the country - Impact Assessment,Document Link,https://openknowledge.fao.org/handle/20.500.14283/cd3008en,Other DIEM documents | Impact assessment,BGD,Flood,Primary assessment,Country,English,Hazard impact assessment,high,,,/Categories/Countries/BGD | /Categories/Shock types/Flood | /Categories/Content roles/Primary assessment | /Categories/Geographic scope/Country | /Categories/Languages/English | /Categories/DIEM pillars/Hazard impact assessment,/Categories/Content roles/Primary assessment | /Categories/Countries/BGD | /Categories/DIEM pillars/Hazard impact assessment | /Categories/Geographic scope/Country | /Categories/Languages/English | /Categories/Shock types/Flood,verified
652fdd456bcb48bc9fb5043e44c281ff,Botswana - African Armyworm impact assessment - April 2025,PDF,,Other DIEM documents | Impact assessment,BWA,Pest and disease,Primary assessment,Country,English,Hazard impact assessment,high,,,/Categories/Countries/BWA | /Categories/Shock types/Pest and disease | /Categories/Content roles/Primary assessment | /Categories/Geographic scope/Country | /Categories/Languages/English | /Categories/DIEM pillars/Hazard impact assessment,/Categories/Content roles/Primary assessment | /Categories/Countries/BWA | /Categories/DIEM pillars/Hazard impact assessment | /Categories/Geographic scope/Country | /Categories/Languages/English | /Categories/Shock types/Pest and disease,verified
a2f887a1083e41ba81a7242a6e81ff33,"Burkina Faso - Impact of fall armyworm on maize production, livelihoods and food security  - Impact Assessment ",Document Link,https://openknowledge.fao.org/handle/20.500.14283/cc7050en,Impact assessment,BFA,Pest and disease,Primary assessment,Country,English,Hazard impact assessment,high,,,/Categories/Countries/BFA | /Categories/Shock types/Pest and disease | /Categories/Content roles/Primary assessment | /Categories/Geographic scope/Country | /Categories/Languages/English | /Categories/DIEM pillars/Hazard impact assessment,/Categories/Content roles/Primary assessment | /Categories/Countries/BFA | /Categories/DIEM pillars/Hazard impact assessment | /Categories/Geographic scope/Country | /Categories/Languages/English | /Categories/Shock types/Pest and disease,verified
5c6ff9f5340c45e3b1dfb11c46ba6f13,Cameroon floods - EVE flood impact analysis - 1 October 2024,PDF,,DIEM EVE | Impact assessment,CMR,Flood,Primary assessment,Country,English,Hazard impact assessment,high,,,/Categories/Countries/CMR | /Categories/Shock types/Flood | /Categories/Content roles/Primary assessment | /Categories/Geographic scope/Country | /Categories/Languages/English | /Categories/DIEM pillars/Hazard impact assessment,/Categories/Content roles/Primary assessment | /Categories/Countries/CMR | /Categories/DIEM pillars/Hazard impact assessment | /Categories/Geographic scope/Country | /Categories/Languages/English | /Categories/Shock types/Flood,verified
ee4de15b14a44bdeb98115084bff5a90,Cameroon floods - EVE flood impact analysis - 15 October 2024,PDF,,DIEM EVE | Impact assessment,CMR,Flood,Primary assessment,Country,English,Hazard impact assessment,high,,,/Categories/Countries/CMR | /Categories/Shock types/Flood | /Categories/Content roles/Primary assessment | /Categories/Geographic scope/Country | /Categories/Languages/English | /Categories/DIEM pillars/Hazard impact assessment,/Categories/Content roles/Primary assessment | /Categories/Countries/CMR | /Categories/DIEM pillars/Hazard impact assessment | /Categories/Geographic scope/Country | /Categories/Languages/English | /Categories/Shock types/Flood,verified
e2e17a0d3c6d4b8bbe2a38b5cf80b81c,Chad - Conflict and Displacement Impact analysis - February 2025,Document Link,https://openknowledge.fao.org/handle/20.500.14283/CD5764EN,Other DIEM documents | Impact assessment,TCD,Conflict and displacement,Primary assessment,Country,English,Hazard impact assessment,high,,,/Categories/Countries/TCD | /Categories/Shock types/Conflict and displacement | /Categories/Content roles/Primary assessment | /Categories/Geographic scope/Country | /Categories/Languages/English | /Categories/DIEM pillars/Hazard impact assessment,/Categories/Content roles/Primary assessment | /Categories/Countries/TCD | /Categories/DIEM pillars/Hazard impact assessment | /Categories/Geographic scope/Country | /Categories/Languages/English | /Categories/Shock types/Conflict and displacement,verified
27a01c5f7b0149d88e10542c661b540f,Chad floods - EVE flood impact analysis - 15 October 2024,PDF,,DIEM EVE | Impact assessment,TCD,Flood,Primary assessment,Country,English,Hazard impact assessment,high,,,/Categories/Countries/TCD | /Categories/Shock types/Flood | /Categories/Content roles/Primary assessment | /Categories/Geographic scope/Country | /Categories/Languages/English | /Categories/DIEM pillars/Hazard impact assessment,/Categories/Content roles/Primary assessment | /Categories/Countries/TCD | /Categories/DIEM pillars/Hazard impact assessment | /Categories/Geographic scope/Country | /Categories/Languages/English | /Categories/Shock types/Flood,verified
c6cc76667d6b47a7965b883f89b8ae1e,Cold wave in Afghanistan,StoryMap,https://storymaps.arcgis.com/stories/c6cc76667d6b47a7965b883f89b8ae1e,DIEM StoryMap | Impact assessment,AFG,Drought and climatic anomaly,StoryMap,Country,English,Hazard impact assessment,high,,,/Categories/Countries/AFG | /Categories/Shock types/Drought and climatic anomaly | /Categories/Content roles/StoryMap | /Categories/Geographic scope/Country | /Categories/Languages/English | /Categories/DIEM pillars/Hazard impact assessment,/Categories/Content roles/StoryMap | /Categories/Countries/AFG | /Categories/DIEM pillars/Hazard impact assessment | /Categories/Geographic scope/Country | /Categories/Languages/English | /Categories/Shock types/Drought and climatic anomaly,verified
87da3d4c37174ecb9d219795a0286737,"Conflict analysis in Nord Kivu, DRC",StoryMap,https://storymaps.arcgis.com/stories/87da3d4c37174ecb9d219795a0286737,DIEM StoryMap | Impact assessment,COD,Conflict and displacement,StoryMap,Country,English,Hazard impact assessment,high,,,/Categories/Countries/COD | /Categories/Shock types/Conflict and displacement | /Categories/Content roles/StoryMap | /Categories/Geographic scope/Country | /Categories/Languages/English | /Categories/DIEM pillars/Hazard impact assessment,/Categories/Content roles/StoryMap | /Categories/Countries/COD | /Categories/DIEM pillars/Hazard impact assessment | /Categories/Geographic scope/Country | /Categories/Languages/English | /Categories/Shock types/Conflict and displacement,verified
1ae0bb4fe27e47368d15f82ef7c9f86b,"Conflict analysis in Nord Kivu, January–February 2025",StoryMap,https://storymaps.arcgis.com/stories/1ae0bb4fe27e47368d15f82ef7c9f86b,DIEM StoryMap | Impact assessment,COD,Conflict and displacement,StoryMap,Country,English,Hazard impact assessment,high,,,/Categories/Countries/COD | /Categories/Shock types/Conflict and displacement | /Categories/Content roles/StoryMap | /Categories/Geographic scope/Country | /Categories/Languages/English | /Categories/DIEM pillars/Hazard impact assessment,/Categories/Content roles/StoryMap | /Categories/Countries/COD | /Categories/DIEM pillars/Hazard impact assessment | /Categories/Geographic scope/Country | /Categories/Languages/English | /Categories/Shock types/Conflict and displacement,verified
63e6f077de9341179afec9f7bb473fbc,"Cross-Country Findings - DIEM Analytical report - Forced displacement, agricultural livelihoods and food security needs - May 2026",Document Link,https://openknowledge.fao.org/handle/20.500.14283/CE0389EN,Other DIEM documents | Impact assessment,,Conflict and displacement,Primary assessment,Multi-country,English,Research,medium,No country inferred; scope assigned from regional/global wording | Pillar exception inferred: Research,,/Categories/Shock types/Conflict and displacement | /Categories/Content roles/Primary assessment | /Categories/Geographic scope/Multi-country | /Categories/Languages/English | /Categories/DIEM pillars/Research,/Categories/Content roles/Primary assessment | /Categories/DIEM pillars/Research | /Categories/Geographic scope/Multi-country | /Categories/Languages/English | /Categories/Shock types/Conflict and displacement,verified
007f8f0e6e6747dc819ca16a46142f6a,Cross-Country Findings - DIEM Research and Analysis - Agricultural solutions for displaced population - May 2026,Document Link,https://openknowledge.fao.org/handle/20.500.14283/CD9767EN,Other DIEM documents | Impact assessment,,Conflict and displacement,Primary assessment,Multi-country,English,Research,medium,No country inferred; scope assigned from regional/global wording | Pillar exception inferred: Research,,/Categories/Shock types/Conflict and displacement | /Categories/Content roles/Primary assessment | /Categories/Geographic scope/Multi-country | /Categories/Languages/English | /Categories/DIEM pillars/Research,/Categories/Content roles/Primary assessment | /Categories/DIEM pillars/Research | /Categories/Geographic scope/Multi-country | /Categories/Languages/English | /Categories/Shock types/Conflict and displacement,verified
24243923848843f481a0bc303b9fb34e,"Cyclone tropical ALVARO-24, Madagascar 2024",StoryMap,https://storymaps.arcgis.com/stories/24243923848843f481a0bc303b9fb34e,DIEM StoryMap | Impact assessment,MDG,Flood | Tropical cyclone and storm,StoryMap | Translation,Country,French,Hazard impact assessment,medium,Multiple shock types inferred | Translation inferred from a matching English publication/event,,/Categories/Countries/MDG | /Categories/Shock types/Flood | /Categories/Shock types/Tropical cyclone and storm | /Categories/Content roles/StoryMap | /Categories/Content roles/Translation | /Categories/Geographic scope/Country | /Categories/Languages/French | /Categories/DIEM pillars/Hazard impact assessment,/Categories/Content roles/StoryMap | /Categories/Content roles/Translation | /Categories/Countries/MDG | /Categories/DIEM pillars/Hazard impact assessment | /Categories/Geographic scope/Country | /Categories/Languages/French | /Categories/Shock types/Flood | /Categories/Shock types/Tropical cyclone and storm,verified
f9b1ed238b5e48c68c26c5dfdb7b8db9,"Democratic Republic of the Congo - Impact des conflits sur l’agriculture, la sécurité alimentaire  et les moyens d’existence en Ituri  - Impact Assessment ",Document Link,https://openknowledge.fao.org/handle/20.500.14283/cc9007fr,Other DIEM documents | Impact assessment,COD,Conflict and displacement,Primary assessment | Translation,Country,French,Hazard impact assessment,high,Translation inferred from a matching English publication/event,,/Categories/Countries/COD | /Categories/Shock types/Conflict and displacement | /Categories/Content roles/Primary assessment | /Categories/Content roles/Translation | /Categories/Geographic scope/Country | /Categories/Languages/French | /Categories/DIEM pillars/Hazard impact assessment,/Categories/Content roles/Primary assessment | /Categories/Content roles/Translation | /Categories/Countries/COD | /Categories/DIEM pillars/Hazard impact assessment | /Categories/Geographic scope/Country | /Categories/Languages/French | /Categories/Shock types/Conflict and displacement,verified
22561dc1baee4f4387881d3801dc16d7,DRC - Conflict impact assessment in Ituri province,Web Experience,https://experience.arcgis.com/experience/22561dc1baee4f4387881d3801dc16d7/,Other DIEM documents | Impact assessment,COD,Conflict and displacement,Interactive application,Country,English,Hazard impact assessment,high,,,/Categories/Countries/COD | /Categories/Shock types/Conflict and displacement | /Categories/Content roles/Interactive application | /Categories/Geographic scope/Country | /Categories/Languages/English | /Categories/DIEM pillars/Hazard impact assessment,/Categories/Content roles/Interactive application | /Categories/Countries/COD | /Categories/DIEM pillars/Hazard impact assessment | /Categories/Geographic scope/Country | /Categories/Languages/English | /Categories/Shock types/Conflict and displacement,verified
df787eb4a7a540c492d6387bb420228d,Dry spells in Ghana: Joint geospatial impact assessment,StoryMap,https://storymaps.arcgis.com/stories/df787eb4a7a540c492d6387bb420228d,DIEM StoryMap | Impact assessment,GHA,Drought and climatic anomaly,StoryMap,Country,English,Hazard impact assessment,high,,,/Categories/Countries/GHA | /Categories/Shock types/Drought and climatic anomaly | /Categories/Content roles/StoryMap | /Categories/Geographic scope/Country | /Categories/Languages/English | /Categories/DIEM pillars/Hazard impact assessment,/Categories/Content roles/StoryMap | /Categories/Countries/GHA | /Categories/DIEM pillars/Hazard impact assessment | /Categories/Geographic scope/Country | /Categories/Languages/English | /Categories/Shock types/Drought and climatic anomaly,verified
775cd09d031a42cda961e15c53274e45,"Earthquake in Afghanistan, 31 August 2025",StoryMap,https://storymaps.arcgis.com/stories/775cd09d031a42cda961e15c53274e45,DIEM StoryMap | Impact assessment,AFG,Earthquake,StoryMap,Country,English,Hazard impact assessment,high,,,/Categories/Countries/AFG | /Categories/Shock types/Earthquake | /Categories/Content roles/StoryMap | /Categories/Geographic scope/Country | /Categories/Languages/English | /Categories/DIEM pillars/Hazard impact assessment,/Categories/Content roles/StoryMap | /Categories/Countries/AFG | /Categories/DIEM pillars/Hazard impact assessment | /Categories/Geographic scope/Country | /Categories/Languages/English | /Categories/Shock types/Earthquake,verified
e74e35e35e95432dbdd0773e0c7edfff,"Earthquake in Myanmar, 28 March 2025",StoryMap,https://storymaps.arcgis.com/stories/e74e35e35e95432dbdd0773e0c7edfff,DIEM StoryMap | Impact assessment,MMR,Earthquake,StoryMap,Country,English,Hazard impact assessment,high,,,/Categories/Countries/MMR | /Categories/Shock types/Earthquake | /Categories/Content roles/StoryMap | /Categories/Geographic scope/Country | /Categories/Languages/English | /Categories/DIEM pillars/Hazard impact assessment,/Categories/Content roles/StoryMap | /Categories/Countries/MMR | /Categories/DIEM pillars/Hazard impact assessment | /Categories/Geographic scope/Country | /Categories/Languages/English | /Categories/Shock types/Earthquake,verified
b0363c81466c424aa1e394aa171ea501,"Earthquakes in Afghanistan, October 2023",StoryMap,https://storymaps.arcgis.com/stories/b0363c81466c424aa1e394aa171ea501,DIEM StoryMap | Impact assessment,AFG,Earthquake,StoryMap,Country,English,Hazard impact assessment,high,,,/Categories/Countries/AFG | /Categories/Shock types/Earthquake | /Categories/Content roles/StoryMap | /Categories/Geographic scope/Country | /Categories/Languages/English | /Categories/DIEM pillars/Hazard impact assessment,/Categories/Content roles/StoryMap | /Categories/Countries/AFG | /Categories/DIEM pillars/Hazard impact assessment | /Categories/Geographic scope/Country | /Categories/Languages/English | /Categories/Shock types/Earthquake,verified
1d5a21b9175c4756a5e3bda3bb7a5fd3,"El Salvador, Guatemala, Haití y Honduras: Análisis regional sobre movilidad humana, mayo–septiembre de 2024",Document Link,https://openknowledge.fao.org/handle/20.500.14283/CD5005ES,Other DIEM documents | Impact assessment,GTM | HTI | HND | SLV,Conflict and displacement,Primary assessment,Regional,Spanish,Hazard impact assessment,medium,Multiple countries inferred,,/Categories/Countries/GTM | /Categories/Countries/HTI | /Categories/Countries/HND | /Categories/Countries/SLV | /Categories/Shock types/Conflict and displacement | /Categories/Content roles/Primary assessment | /Categories/Geographic scope/Regional | /Categories/Languages/Spanish | /Categories/DIEM pillars/Hazard impact assessment,/Categories/Content roles/Primary assessment | /Categories/Countries/GTM | /Categories/Countries/HND | /Categories/Countries/HTI | /Categories/Countries/SLV | /Categories/DIEM pillars/Hazard impact assessment | /Categories/Geographic scope/Regional | /Categories/Languages/Spanish | /Categories/Shock types/Conflict and displacement,verified
ec2465c234ff4e70adff060b1ffb1fd4,Evaluación del impacto de los incendios en Colombia ,StoryMap,https://storymaps.arcgis.com/stories/ec2465c234ff4e70adff060b1ffb1fd4,DIEM StoryMap | Impact assessment,COL,Drought and climatic anomaly | Wildfire,StoryMap | Translation,Country,Spanish,Hazard impact assessment,medium,Multiple shock types inferred | Translation inferred from a matching English publication/event,,/Categories/Countries/COL | /Categories/Shock types/Drought and climatic anomaly | /Categories/Shock types/Wildfire | /Categories/Content roles/StoryMap | /Categories/Content roles/Translation | /Categories/Geographic scope/Country | /Categories/Languages/Spanish | /Categories/DIEM pillars/Hazard impact assessment,/Categories/Content roles/StoryMap | /Categories/Content roles/Translation | /Categories/Countries/COL | /Categories/DIEM pillars/Hazard impact assessment | /Categories/Geographic scope/Country | /Categories/Languages/Spanish | /Categories/Shock types/Drought and climatic anomaly | /Categories/Shock types/Wildfire,verified
09cfa8668a6747458aa03887dcaf700a,Evaluation qualitative de l'impact de la MV Ebola en Guinee,PDF,,Impact Assessment,GIN,Pest and disease,Primary assessment,Country,English,Hazard impact assessment,high,,,/Categories/Countries/GIN | /Categories/Shock types/Pest and disease | /Categories/Content roles/Primary assessment | /Categories/Geographic scope/Country | /Categories/Languages/English | /Categories/DIEM pillars/Hazard impact assessment,/Categories/Content roles/Primary assessment | /Categories/Countries/GIN | /Categories/DIEM pillars/Hazard impact assessment | /Categories/Geographic scope/Country | /Categories/Languages/English | /Categories/Shock types/Pest and disease,verified
0ce1392638f64afcb1cbe40021723f41,Evaluation quantitative de l'impact de la MV Ebola en Guinee,PDF,,Impact Assessment,GIN,Pest and disease,Primary assessment,Country,English,Hazard impact assessment,high,,,/Categories/Countries/GIN | /Categories/Shock types/Pest and disease | /Categories/Content roles/Primary assessment | /Categories/Geographic scope/Country | /Categories/Languages/English | /Categories/DIEM pillars/Hazard impact assessment,/Categories/Content roles/Primary assessment | /Categories/Countries/GIN | /Categories/DIEM pillars/Hazard impact assessment | /Categories/Geographic scope/Country | /Categories/Languages/English | /Categories/Shock types/Pest and disease,verified
34a3e71fda27477f813a531787e228ee,FAO's response to the 2023 earthquakes in Afghanistan,StoryMap,https://storymaps.arcgis.com/stories/34a3e71fda27477f813a531787e228ee,DIEM StoryMap | Impact assessment,AFG,Earthquake,StoryMap,Country,English,Hazard impact assessment,high,,,/Categories/Countries/AFG | /Categories/Shock types/Earthquake | /Categories/Content roles/StoryMap | /Categories/Geographic scope/Country | /Categories/Languages/English | /Categories/DIEM pillars/Hazard impact assessment,/Categories/Content roles/StoryMap | /Categories/Countries/AFG | /Categories/DIEM pillars/Hazard impact assessment | /Categories/Geographic scope/Country | /Categories/Languages/English | /Categories/Shock types/Earthquake,verified
862848562db94757983bf6a73cbf7f3c,"Flooding in the Democratic Republic of the Congo, 2023–2024",StoryMap,https://storymaps.arcgis.com/stories/862848562db94757983bf6a73cbf7f3c,DIEM StoryMap | Impact assessment,COD,Flood,StoryMap,Country,English,Hazard impact assessment,high,,,/Categories/Countries/COD | /Categories/Shock types/Flood | /Categories/Content roles/StoryMap | /Categories/Geographic scope/Country | /Categories/Languages/English | /Categories/DIEM pillars/Hazard impact assessment,/Categories/Content roles/StoryMap | /Categories/Countries/COD | /Categories/DIEM pillars/Hazard impact assessment | /Categories/Geographic scope/Country | /Categories/Languages/English | /Categories/Shock types/Flood,verified
ea7ce53c87084635a8508865c2689957,"Flooding in the Republic of the Congo, 2023–2024",StoryMap,https://storymaps.arcgis.com/stories/ea7ce53c87084635a8508865c2689957,DIEM StoryMap | Impact assessment,COG,Flood,StoryMap,Country,English,Hazard impact assessment,high,,,/Categories/Countries/COG | /Categories/Shock types/Flood | /Categories/Content roles/StoryMap | /Categories/Geographic scope/Country | /Categories/Languages/English | /Categories/DIEM pillars/Hazard impact assessment,/Categories/Content roles/StoryMap | /Categories/Countries/COG | /Categories/DIEM pillars/Hazard impact assessment | /Categories/Geographic scope/Country | /Categories/Languages/English | /Categories/Shock types/Flood,verified
39fc0b059a1b48c3855e7d5f8ed3a9f8,"Floods in Afghanistan, 2024",StoryMap,https://storymaps.arcgis.com/stories/39fc0b059a1b48c3855e7d5f8ed3a9f8,DIEM StoryMap | Impact assessment,AFG,Flood,StoryMap,Country,English,Hazard impact assessment,high,,,/Categories/Countries/AFG | /Categories/Shock types/Flood | /Categories/Content roles/StoryMap | /Categories/Geographic scope/Country | /Categories/Languages/English | /Categories/DIEM pillars/Hazard impact assessment,/Categories/Content roles/StoryMap | /Categories/Countries/AFG | /Categories/DIEM pillars/Hazard impact assessment | /Categories/Geographic scope/Country | /Categories/Languages/English | /Categories/Shock types/Flood,verified
fabf3067e9494bae8d001ef09fcde59a,"Floods in Bangladesh, August 2024",StoryMap,https://storymaps.arcgis.com/stories/fabf3067e9494bae8d001ef09fcde59a,DIEM StoryMap | Impact assessment,BGD,Flood,StoryMap,Country,English,Hazard impact assessment,high,,,/Categories/Countries/BGD | /Categories/Shock types/Flood | /Categories/Content roles/StoryMap | /Categories/Geographic scope/Country | /Categories/Languages/English | /Categories/DIEM pillars/Hazard impact assessment,/Categories/Content roles/StoryMap | /Categories/Countries/BGD | /Categories/DIEM pillars/Hazard impact assessment | /Categories/Geographic scope/Country | /Categories/Languages/English | /Categories/Shock types/Flood,verified
88c85107d0c24040891e3f05ca26edc3,"Floods in Bangladesh, May 2024",StoryMap,https://storymaps.arcgis.com/stories/88c85107d0c24040891e3f05ca26edc3,DIEM StoryMap | Impact assessment,BGD,Flood,StoryMap,Country,English,Hazard impact assessment,high,,,/Categories/Countries/BGD | /Categories/Shock types/Flood | /Categories/Content roles/StoryMap | /Categories/Geographic scope/Country | /Categories/Languages/English | /Categories/DIEM pillars/Hazard impact assessment,/Categories/Content roles/StoryMap | /Categories/Countries/BGD | /Categories/DIEM pillars/Hazard impact assessment | /Categories/Geographic scope/Country | /Categories/Languages/English | /Categories/Shock types/Flood,verified
4f8bfbdc3a6a435b88cbd7249d6bfb16,"Floods in Chad, July 2024",StoryMap,https://storymaps.arcgis.com/stories/4f8bfbdc3a6a435b88cbd7249d6bfb16,DIEM StoryMap | Impact assessment,TCD,Flood,StoryMap,Country,English,Hazard impact assessment,high,,,/Categories/Countries/TCD | /Categories/Shock types/Flood | /Categories/Content roles/StoryMap | /Categories/Geographic scope/Country | /Categories/Languages/English | /Categories/DIEM pillars/Hazard impact assessment,/Categories/Content roles/StoryMap | /Categories/Countries/TCD | /Categories/DIEM pillars/Hazard impact assessment | /Categories/Geographic scope/Country | /Categories/Languages/English | /Categories/Shock types/Flood,verified
a518d24fc7cd42e09de12f5179aa1f81,"Floods in Haor, Bangladesh, June 2024",StoryMap,https://storymaps.arcgis.com/stories/a518d24fc7cd42e09de12f5179aa1f81,DIEM StoryMap | Impact assessment,BGD,Flood,StoryMap,Country,English,Hazard impact assessment,high,,,/Categories/Countries/BGD | /Categories/Shock types/Flood | /Categories/Content roles/StoryMap | /Categories/Geographic scope/Country | /Categories/Languages/English | /Categories/DIEM pillars/Hazard impact assessment,/Categories/Content roles/StoryMap | /Categories/Countries/BGD | /Categories/DIEM pillars/Hazard impact assessment | /Categories/Geographic scope/Country | /Categories/Languages/English | /Categories/Shock types/Flood,verified
8ddb9170ddf148cfa2b6b101817ca5b4,"Floods in La Mojana, Colombia, May – June 2024",StoryMap,https://storymaps.arcgis.com/stories/8ddb9170ddf148cfa2b6b101817ca5b4,DIEM StoryMap | Impact assessment,COL,Flood,StoryMap,Country,English,Hazard impact assessment,high,,,/Categories/Countries/COL | /Categories/Shock types/Flood | /Categories/Content roles/StoryMap | /Categories/Geographic scope/Country | /Categories/Languages/English | /Categories/DIEM pillars/Hazard impact assessment,/Categories/Content roles/StoryMap | /Categories/Countries/COL | /Categories/DIEM pillars/Hazard impact assessment | /Categories/Geographic scope/Country | /Categories/Languages/English | /Categories/Shock types/Flood,verified
5c159648110641ac8191c4d62f7b5e74,"Floods in Mozambique, March 2024",StoryMap,https://storymaps.arcgis.com/stories/5c159648110641ac8191c4d62f7b5e74,DIEM StoryMap | Impact assessment,MOZ,Flood,StoryMap,Country,English,Hazard impact assessment,high,,,/Categories/Countries/MOZ | /Categories/Shock types/Flood | /Categories/Content roles/StoryMap | /Categories/Geographic scope/Country | /Categories/Languages/English | /Categories/DIEM pillars/Hazard impact assessment,/Categories/Content roles/StoryMap | /Categories/Countries/MOZ | /Categories/DIEM pillars/Hazard impact assessment | /Categories/Geographic scope/Country | /Categories/Languages/English | /Categories/Shock types/Flood,verified
81e2f51294ca4b2d9744605ace1d4092,"Floods in Myanmar, July–September 2024",StoryMap,https://storymaps.arcgis.com/stories/81e2f51294ca4b2d9744605ace1d4092,DIEM StoryMap | Impact assessment,MMR,Flood,StoryMap,Country,English,Hazard impact assessment,high,,,/Categories/Countries/MMR | /Categories/Shock types/Flood | /Categories/Content roles/StoryMap | /Categories/Geographic scope/Country | /Categories/Languages/English | /Categories/DIEM pillars/Hazard impact assessment,/Categories/Content roles/StoryMap | /Categories/Countries/MMR | /Categories/DIEM pillars/Hazard impact assessment | /Categories/Geographic scope/Country | /Categories/Languages/English | /Categories/Shock types/Flood,verified
1a042320faa14837bacd07dcd38faf5e,"Floods in the Sudan, August–September 2024",StoryMap,https://storymaps.arcgis.com/stories/1a042320faa14837bacd07dcd38faf5e,DIEM StoryMap | Impact assessment,SDN,Flood,StoryMap,Country,English,Hazard impact assessment,high,,,/Categories/Countries/SDN | /Categories/Shock types/Flood | /Categories/Content roles/StoryMap | /Categories/Geographic scope/Country | /Categories/Languages/English | /Categories/DIEM pillars/Hazard impact assessment,/Categories/Content roles/StoryMap | /Categories/Countries/SDN | /Categories/DIEM pillars/Hazard impact assessment | /Categories/Geographic scope/Country | /Categories/Languages/English | /Categories/Shock types/Flood,verified
81b9fa56729d432dbd2fdc6633de4a6c,Gaza Damage Assessment May 2021  - Damaged Greenhouses,Web Map,,impact assessment,,,Supporting map or data,Global,English,Hazard impact assessment,medium,No country inferred; scope assigned from regional/global wording | No controlled shock type confidently inferred,,/Categories/Content roles/Supporting map or data | /Categories/Geographic scope/Global | /Categories/Languages/English | /Categories/DIEM pillars/Hazard impact assessment,/Categories/Content roles/Supporting map or data | /Categories/DIEM pillars/Hazard impact assessment | /Categories/Geographic scope/Global | /Categories/Languages/English,verified
a94333e00fa84aa488bf19c9831b5695,GAZA damaged greenhouses,Feature Service,https://services5.arcgis.com/sjP4Ugu5s0dZWLjd/arcgis/rest/services/GAZA_damaged_greenhouses/FeatureServer,impact assessment,,,Supporting map or data,Global,English,Hazard impact assessment,medium,No country inferred; scope assigned from regional/global wording | No controlled shock type confidently inferred,,/Categories/Content roles/Supporting map or data | /Categories/Geographic scope/Global | /Categories/Languages/English | /Categories/DIEM pillars/Hazard impact assessment,/Categories/Content roles/Supporting map or data | /Categories/DIEM pillars/Hazard impact assessment | /Categories/Geographic scope/Global | /Categories/Languages/English,verified
13ee3d2306e94eae8025467746b4d56f,Gaza Greenhouses 2019 2021,Feature Service,https://services5.arcgis.com/sjP4Ugu5s0dZWLjd/arcgis/rest/services/Gaza_Greenhouses_2019_2021/FeatureServer,impact assessment,,,Supporting map or data,Global,English,Hazard impact assessment,medium,No country inferred; scope assigned from regional/global wording | No controlled shock type confidently inferred,,/Categories/Content roles/Supporting map or data | /Categories/Geographic scope/Global | /Categories/Languages/English | /Categories/DIEM pillars/Hazard impact assessment,/Categories/Content roles/Supporting map or data | /Categories/DIEM pillars/Hazard impact assessment | /Categories/Geographic scope/Global | /Categories/Languages/English,verified
64698067743d4e45a33ce3d04db09a00,Geospatial applications in emergency impact assessment,Document Link,https://openknowledge.fao.org/handle/20.500.14283/cc9284en,Other DIEM documents | Impact assessment,,,Primary assessment,Global,English,Research,medium,No country inferred; scope assigned from regional/global wording | No controlled shock type confidently inferred | Pillar exception inferred: Research,,/Categories/Content roles/Primary assessment | /Categories/Geographic scope/Global | /Categories/Languages/English | /Categories/DIEM pillars/Research,/Categories/Content roles/Primary assessment | /Categories/DIEM pillars/Research | /Categories/Geographic scope/Global | /Categories/Languages/English,verified
9b4cfa72a0fa43d3a21444e5e1e52032,Ghana - Priority Areas Impacted by Dry Spell and District Level Intervention Priorities 2024 - Impact Assessment,Document Link,https://doi.org/10.4060/cd3443en,Other DIEM documents | Impact assessment,GHA,Drought and climatic anomaly,Primary assessment,Country,English,Hazard impact assessment,high,,,/Categories/Countries/GHA | /Categories/Shock types/Drought and climatic anomaly | /Categories/Content roles/Primary assessment | /Categories/Geographic scope/Country | /Categories/Languages/English | /Categories/DIEM pillars/Hazard impact assessment,/Categories/Content roles/Primary assessment | /Categories/Countries/GHA | /Categories/DIEM pillars/Hazard impact assessment | /Categories/Geographic scope/Country | /Categories/Languages/English | /Categories/Shock types/Drought and climatic anomaly,verified
382fa645982747679a5a271d7824da0d,Guatemala and Haiti - Analysis of the impact of drought - May–July 2024,Document Link,https://openknowledge.fao.org/handle/20.500.14283/CD5026EN,Guatemala | Haiti | Impact Assessment,GTM | HTI,Drought and climatic anomaly,Primary assessment,Multi-country,English,Hazard impact assessment,medium,Multiple countries inferred,,/Categories/Countries/GTM | /Categories/Countries/HTI | /Categories/Shock types/Drought and climatic anomaly | /Categories/Content roles/Primary assessment | /Categories/Geographic scope/Multi-country | /Categories/Languages/English | /Categories/DIEM pillars/Hazard impact assessment,/Categories/Content roles/Primary assessment | /Categories/Countries/GTM | /Categories/Countries/HTI | /Categories/DIEM pillars/Hazard impact assessment | /Categories/Geographic scope/Multi-country | /Categories/Languages/English | /Categories/Shock types/Drought and climatic anomaly,verified
23658ac12e234aada907f855b82913e1,"Guatemala y Haití: Análisis del impacto de la sequía, mayo–julio de 2024",Document Link,https://openknowledge.fao.org/handle/20.500.14283/CD5026ES,Other DIEM documents | Impact assessment,GTM | HTI,Drought and climatic anomaly,Primary assessment | Translation,Multi-country,Spanish,Hazard impact assessment,medium,Multiple countries inferred | Translation inferred from a matching English publication/event,,/Categories/Countries/GTM | /Categories/Countries/HTI | /Categories/Shock types/Drought and climatic anomaly | /Categories/Content roles/Primary assessment | /Categories/Content roles/Translation | /Categories/Geographic scope/Multi-country | /Categories/Languages/Spanish | /Categories/DIEM pillars/Hazard impact assessment,/Categories/Content roles/Primary assessment | /Categories/Content roles/Translation | /Categories/Countries/GTM | /Categories/Countries/HTI | /Categories/DIEM pillars/Hazard impact assessment | /Categories/Geographic scope/Multi-country | /Categories/Languages/Spanish | /Categories/Shock types/Drought and climatic anomaly,verified
c6974fcea36a4696a7721c30f7deb283,Hunga Tonga - Hunga Ha'apai Volcano Eruption 2022 - Geospatial Analysis - Impact Assessment,PDF,,Impact assessment,TON,Volcanic eruption,Primary assessment,Country,English,Hazard impact assessment,high,,,/Categories/Countries/TON | /Categories/Shock types/Volcanic eruption | /Categories/Content roles/Primary assessment | /Categories/Geographic scope/Country | /Categories/Languages/English | /Categories/DIEM pillars/Hazard impact assessment,/Categories/Content roles/Primary assessment | /Categories/Countries/TON | /Categories/DIEM pillars/Hazard impact assessment | /Categories/Geographic scope/Country | /Categories/Languages/English | /Categories/Shock types/Volcanic eruption,verified
a6b091ef4f204f938fd8ff7f696aceee,Hunga Tonga - Hunga Ha'apai Volcano Eruption 2022 - Impact Assessment - Update #1,PDF,,Impact assessment,TON,Volcanic eruption,Update,Country,English,Hazard impact assessment,high,,,/Categories/Countries/TON | /Categories/Shock types/Volcanic eruption | /Categories/Content roles/Update | /Categories/Geographic scope/Country | /Categories/Languages/English | /Categories/DIEM pillars/Hazard impact assessment,/Categories/Content roles/Update | /Categories/Countries/TON | /Categories/DIEM pillars/Hazard impact assessment | /Categories/Geographic scope/Country | /Categories/Languages/English | /Categories/Shock types/Volcanic eruption,verified
90a5b03abea8463b9af3080c841a4390,Hunga Tonga - Hunga Ha'apai Volcano Eruption 2022 - Impact Assessment - Update #2,PDF,,Impact assessment,TON,Volcanic eruption,Update,Country,English,Hazard impact assessment,high,,,/Categories/Countries/TON | /Categories/Shock types/Volcanic eruption | /Categories/Content roles/Update | /Categories/Geographic scope/Country | /Categories/Languages/English | /Categories/DIEM pillars/Hazard impact assessment,/Categories/Content roles/Update | /Categories/Countries/TON | /Categories/DIEM pillars/Hazard impact assessment | /Categories/Geographic scope/Country | /Categories/Languages/English | /Categories/Shock types/Volcanic eruption,verified
03731e8ac5e74992b09ce16e2301b471,Impact assessment of the fires in Colombia,StoryMap,https://storymaps.arcgis.com/stories/03731e8ac5e74992b09ce16e2301b471,DIEM StoryMap | Impact assessment,COL,Drought and climatic anomaly | Wildfire,StoryMap,Country,English,Hazard impact assessment,medium,Multiple shock types inferred,,/Categories/Countries/COL | /Categories/Shock types/Drought and climatic anomaly | /Categories/Shock types/Wildfire | /Categories/Content roles/StoryMap | /Categories/Geographic scope/Country | /Categories/Languages/English | /Categories/DIEM pillars/Hazard impact assessment,/Categories/Content roles/StoryMap | /Categories/Countries/COL | /Categories/DIEM pillars/Hazard impact assessment | /Categories/Geographic scope/Country | /Categories/Languages/English | /Categories/Shock types/Drought and climatic anomaly | /Categories/Shock types/Wildfire,verified
5de07a8064394269948ff92cd5de5e16,Infestation de rongeurs au Sénégal et en Mauritanie - Impact et besoins - 20210419,PDF,,Impact Assessment,MRT | SEN,Pest and disease,Primary assessment,Multi-country,English,Hazard impact assessment,medium,Multiple countries inferred,,/Categories/Countries/MRT | /Categories/Countries/SEN | /Categories/Shock types/Pest and disease | /Categories/Content roles/Primary assessment | /Categories/Geographic scope/Multi-country | /Categories/Languages/English | /Categories/DIEM pillars/Hazard impact assessment,/Categories/Content roles/Primary assessment | /Categories/Countries/MRT | /Categories/Countries/SEN | /Categories/DIEM pillars/Hazard impact assessment | /Categories/Geographic scope/Multi-country | /Categories/Languages/English | /Categories/Shock types/Pest and disease,verified
d8300494d15244749f7cc0b869a1b9a3,"Inondations au Tchad, juillet 2024",StoryMap,https://storymaps.arcgis.com/stories/d8300494d15244749f7cc0b869a1b9a3,DIEM StoryMap | Impact assessment,TCD,Flood,StoryMap | Translation,Country,French,Hazard impact assessment,high,Translation inferred from a matching English publication/event,,/Categories/Countries/TCD | /Categories/Shock types/Flood | /Categories/Content roles/StoryMap | /Categories/Content roles/Translation | /Categories/Geographic scope/Country | /Categories/Languages/French | /Categories/DIEM pillars/Hazard impact assessment,/Categories/Content roles/StoryMap | /Categories/Content roles/Translation | /Categories/Countries/TCD | /Categories/DIEM pillars/Hazard impact assessment | /Categories/Geographic scope/Country | /Categories/Languages/French | /Categories/Shock types/Flood,verified
7e35012a609048e990945ca843fc64c9,"Inondations en République du Congo, 2023-2024",StoryMap,https://storymaps.arcgis.com/stories/7e35012a609048e990945ca843fc64c9,DIEM StoryMap | Impact assessment,COG,Flood,StoryMap | Translation,Country,French,Hazard impact assessment,high,Translation inferred from a matching English publication/event,,/Categories/Countries/COG | /Categories/Shock types/Flood | /Categories/Content roles/StoryMap | /Categories/Content roles/Translation | /Categories/Geographic scope/Country | /Categories/Languages/French | /Categories/DIEM pillars/Hazard impact assessment,/Categories/Content roles/StoryMap | /Categories/Content roles/Translation | /Categories/Countries/COG | /Categories/DIEM pillars/Hazard impact assessment | /Categories/Geographic scope/Country | /Categories/Languages/French | /Categories/Shock types/Flood,verified
dc2d527af472478db4efada654110214,"Inondations en République démocratique du Congo, 2023-2024",StoryMap,https://storymaps.arcgis.com/stories/dc2d527af472478db4efada654110214,DIEM StoryMap | Impact assessment,COD,Flood,StoryMap | Translation,Country,French,Hazard impact assessment,high,Translation inferred from a matching English publication/event,,/Categories/Countries/COD | /Categories/Shock types/Flood | /Categories/Content roles/StoryMap | /Categories/Content roles/Translation | /Categories/Geographic scope/Country | /Categories/Languages/French | /Categories/DIEM pillars/Hazard impact assessment,/Categories/Content roles/StoryMap | /Categories/Content roles/Translation | /Categories/Countries/COD | /Categories/DIEM pillars/Hazard impact assessment | /Categories/Geographic scope/Country | /Categories/Languages/French | /Categories/Shock types/Flood,verified
bba33173afe84d369933d7383b1684d4,Lebanon - Agricultural damage and loss assessment on the impact of conflict,Document Link,https://openknowledge.fao.org/handle/20.500.14283/CD5013EN,Other DIEM documents | Impact assessment,LBN,Conflict and displacement,Primary assessment,Country,English,Hazard impact assessment,high,,,/Categories/Countries/LBN | /Categories/Shock types/Conflict and displacement | /Categories/Content roles/Primary assessment | /Categories/Geographic scope/Country | /Categories/Languages/English | /Categories/DIEM pillars/Hazard impact assessment,/Categories/Content roles/Primary assessment | /Categories/Countries/LBN | /Categories/DIEM pillars/Hazard impact assessment | /Categories/Geographic scope/Country | /Categories/Languages/English | /Categories/Shock types/Conflict and displacement,verified
76d49a08bdc04a4baf76a0c830821893,Lebanon - Escalating Hostilities in Southern Lebanon April 2024 - Impact Assessment Report,Document Link,https://openknowledge.fao.org/handle/20.500.14283/cc9836en,Other DIEM documents | Impact assessment,LBN,Conflict and displacement,Primary assessment,Country,English,Hazard impact assessment,high,,,/Categories/Countries/LBN | /Categories/Shock types/Conflict and displacement | /Categories/Content roles/Primary assessment | /Categories/Geographic scope/Country | /Categories/Languages/English | /Categories/DIEM pillars/Hazard impact assessment,/Categories/Content roles/Primary assessment | /Categories/Countries/LBN | /Categories/DIEM pillars/Hazard impact assessment | /Categories/Geographic scope/Country | /Categories/Languages/English | /Categories/Shock types/Conflict and displacement,verified
4af859c9585b4989be54d3253b68f859,Lebanon - Impact of conflict on agriculture November 2024 - Impact Assessment,Document Link,https://openknowledge.fao.org/handle/20.500.14283/CD3780EN,Other DIEM documents | Impact assessment,LBN,Conflict and displacement,Primary assessment,Country,English,Hazard impact assessment,high,,,/Categories/Countries/LBN | /Categories/Shock types/Conflict and displacement | /Categories/Content roles/Primary assessment | /Categories/Geographic scope/Country | /Categories/Languages/English | /Categories/DIEM pillars/Hazard impact assessment,/Categories/Content roles/Primary assessment | /Categories/Countries/LBN | /Categories/DIEM pillars/Hazard impact assessment | /Categories/Geographic scope/Country | /Categories/Languages/English | /Categories/Shock types/Conflict and displacement,verified
573b12b9910e421cb735b551d6743809,Lebanon - Impact of the escalation of hostilities on agricultural livelihoods and food security in southern Lebanon - Impact Assessment,Document Link,https://doi.org/10.4060/cd2446en,Other DIEM documents | Impact assessment,LBN,Conflict and displacement,Primary assessment,Country,English,Hazard impact assessment,high,,,/Categories/Countries/LBN | /Categories/Shock types/Conflict and displacement | /Categories/Content roles/Primary assessment | /Categories/Geographic scope/Country | /Categories/Languages/English | /Categories/DIEM pillars/Hazard impact assessment,/Categories/Content roles/Primary assessment | /Categories/Countries/LBN | /Categories/DIEM pillars/Hazard impact assessment | /Categories/Geographic scope/Country | /Categories/Languages/English | /Categories/Shock types/Conflict and displacement,verified
e3da607bb6cc461a9219025ee5437179,"Lebanon: Impact assessment of the escalating hostilities in southern Lebanon on agriculture, food security and livelihoods",Document Link,https://openknowledge.fao.org/handle/20.500.14283/cc9836en,Other DIEM documents | Impact assessment,LBN,Conflict and displacement,Primary assessment,Country,English,Hazard impact assessment,high,,,/Categories/Countries/LBN | /Categories/Shock types/Conflict and displacement | /Categories/Content roles/Primary assessment | /Categories/Geographic scope/Country | /Categories/Languages/English | /Categories/DIEM pillars/Hazard impact assessment,/Categories/Content roles/Primary assessment | /Categories/Countries/LBN | /Categories/DIEM pillars/Hazard impact assessment | /Categories/Geographic scope/Country | /Categories/Languages/English | /Categories/Shock types/Conflict and displacement,verified
4236b9b6db884287a4ae9c55e95c8a33,Madagascar - El Nino 2024 highlights - Impact Assessment,Document Link,https://openknowledge.fao.org/items/0b262e8c-72a6-4711-b6bc-11de534ea88e,Other DIEM documents | Impact assessment,MDG,Drought and climatic anomaly,Executive summary,Country,English,Hazard impact assessment,high,,,/Categories/Countries/MDG | /Categories/Shock types/Drought and climatic anomaly | /Categories/Content roles/Executive summary | /Categories/Geographic scope/Country | /Categories/Languages/English | /Categories/DIEM pillars/Hazard impact assessment,/Categories/Content roles/Executive summary | /Categories/Countries/MDG | /Categories/DIEM pillars/Hazard impact assessment | /Categories/Geographic scope/Country | /Categories/Languages/English | /Categories/Shock types/Drought and climatic anomaly,verified
3de1a4ca65ba42b49bfe36273d0423b9,Madagascar - Tropical Storm Ana 2022 - Impact Assessment,PDF,,Impact assessment,MDG,Tropical cyclone and storm,Primary assessment,Country,English,Hazard impact assessment,high,,,/Categories/Countries/MDG | /Categories/Shock types/Tropical cyclone and storm | /Categories/Content roles/Primary assessment | /Categories/Geographic scope/Country | /Categories/Languages/English | /Categories/DIEM pillars/Hazard impact assessment,/Categories/Content roles/Primary assessment | /Categories/Countries/MDG | /Categories/DIEM pillars/Hazard impact assessment | /Categories/Geographic scope/Country | /Categories/Languages/English | /Categories/Shock types/Tropical cyclone and storm,verified
d07a893bfd4c4106aecc1700fd3223c6,Malawi - El Niño April 2024 - Impact Assessment Highlights,Document Link,https://openknowledge.fao.org/handle/20.500.14283/CD3720EN,Other DIEM documents | Impact assessment,MWI,Drought and climatic anomaly,Executive summary,Country,English,Hazard impact assessment,high,,,/Categories/Countries/MWI | /Categories/Shock types/Drought and climatic anomaly | /Categories/Content roles/Executive summary | /Categories/Geographic scope/Country | /Categories/Languages/English | /Categories/DIEM pillars/Hazard impact assessment,/Categories/Content roles/Executive summary | /Categories/Countries/MWI | /Categories/DIEM pillars/Hazard impact assessment | /Categories/Geographic scope/Country | /Categories/Languages/English | /Categories/Shock types/Drought and climatic anomaly,verified
b5343b8305e144d5861badd98778ea1f,Malawi - Tropical Storm Ana 2022 - Impact Assessment,PDF,,Impact assessment,MWI,Tropical cyclone and storm,Primary assessment,Country,English,Hazard impact assessment,high,,,/Categories/Countries/MWI | /Categories/Shock types/Tropical cyclone and storm | /Categories/Content roles/Primary assessment | /Categories/Geographic scope/Country | /Categories/Languages/English | /Categories/DIEM pillars/Hazard impact assessment,/Categories/Content roles/Primary assessment | /Categories/Countries/MWI | /Categories/DIEM pillars/Hazard impact assessment | /Categories/Geographic scope/Country | /Categories/Languages/English | /Categories/Shock types/Tropical cyclone and storm,verified
2070be58414f4f0f8e791a778ff4c776,Malawi: El Niño impact assessment highlights,Document Link,https://openknowledge.fao.org/server/api/core/bitstreams/8ba576de-c7cb-45a0-9906-02bb48ab7bc7/content,Other DIEM documents | Impact assessment,MWI,Drought and climatic anomaly,Executive summary,Country,English,Hazard impact assessment,high,,,/Categories/Countries/MWI | /Categories/Shock types/Drought and climatic anomaly | /Categories/Content roles/Executive summary | /Categories/Geographic scope/Country | /Categories/Languages/English | /Categories/DIEM pillars/Hazard impact assessment,/Categories/Content roles/Executive summary | /Categories/Countries/MWI | /Categories/DIEM pillars/Hazard impact assessment | /Categories/Geographic scope/Country | /Categories/Languages/English | /Categories/Shock types/Drought and climatic anomaly,verified
5be62040b8c24f099316711c7e6b9240,"Mali - DIEM-Monitoring – Agricultural livelihoods of internally displaced households, April 2026",Document Link,https://openknowledge.fao.org/handle/20.500.14283/cd9574en,Other DIEM documents | Impact assessment,MLI,Conflict and displacement,Primary assessment,Country,English,Household monitoring system,high,Pillar exception inferred: Household monitoring system,,/Categories/Countries/MLI | /Categories/Shock types/Conflict and displacement | /Categories/Content roles/Primary assessment | /Categories/Geographic scope/Country | /Categories/Languages/English | /Categories/DIEM pillars/Household monitoring system,/Categories/Content roles/Primary assessment | /Categories/Countries/MLI | /Categories/DIEM pillars/Household monitoring system | /Categories/Geographic scope/Country | /Categories/Languages/English | /Categories/Shock types/Conflict and displacement,verified
b62f598d5f70490e9420759391850996,Mali floods - EVE flood impact analysis - 15 October 2024,PDF,,DIEM EVE | Impact assessment,MLI,Flood,Primary assessment,Country,English,Hazard impact assessment,high,,,/Categories/Countries/MLI | /Categories/Shock types/Flood | /Categories/Content roles/Primary assessment | /Categories/Geographic scope/Country | /Categories/Languages/English | /Categories/DIEM pillars/Hazard impact assessment,/Categories/Content roles/Primary assessment | /Categories/Countries/MLI | /Categories/DIEM pillars/Hazard impact assessment | /Categories/Geographic scope/Country | /Categories/Languages/English | /Categories/Shock types/Flood,verified
51693d84f32c498982f128151db091c8,Monitoring floods in the Sahel and Central Africa,StoryMap,https://storymaps.arcgis.com/stories/51693d84f32c498982f128151db091c8,DIEM StoryMap | Impact assessment,CAF | CMR | MLI | NER | NGA | TCD,Flood,StoryMap,Regional,English,Hazard impact assessment,medium,Multiple countries inferred,,/Categories/Countries/CAF | /Categories/Countries/CMR | /Categories/Countries/MLI | /Categories/Countries/NER | /Categories/Countries/NGA | /Categories/Countries/TCD | /Categories/Shock types/Flood | /Categories/Content roles/StoryMap | /Categories/Geographic scope/Regional | /Categories/Languages/English | /Categories/DIEM pillars/Hazard impact assessment,/Categories/Content roles/StoryMap | /Categories/Countries/CAF | /Categories/Countries/CMR | /Categories/Countries/MLI | /Categories/Countries/NER | /Categories/Countries/NGA | /Categories/Countries/TCD | /Categories/DIEM pillars/Hazard impact assessment | /Categories/Geographic scope/Regional | /Categories/Languages/English | /Categories/Shock types/Flood,verified
d129b33705a84b6daaa5d6479f216f2f,"Monitoring floods in the Sahel and Central Africa, 2024",StoryMap,https://storymaps.arcgis.com/stories/d129b33705a84b6daaa5d6479f216f2f,DIEM StoryMap | Impact assessment,BFA | CAF | CMR | MLI | NER | NGA | TCD,Flood,StoryMap,Regional,English,Hazard impact assessment,medium,Multiple countries inferred,,/Categories/Countries/BFA | /Categories/Countries/CAF | /Categories/Countries/CMR | /Categories/Countries/MLI | /Categories/Countries/NER | /Categories/Countries/NGA | /Categories/Countries/TCD | /Categories/Shock types/Flood | /Categories/Content roles/StoryMap | /Categories/Geographic scope/Regional | /Categories/Languages/English | /Categories/DIEM pillars/Hazard impact assessment,/Categories/Content roles/StoryMap | /Categories/Countries/BFA | /Categories/Countries/CAF | /Categories/Countries/CMR | /Categories/Countries/MLI | /Categories/Countries/NER | /Categories/Countries/NGA | /Categories/Countries/TCD | /Categories/DIEM pillars/Hazard impact assessment | /Categories/Geographic scope/Regional | /Categories/Languages/English | /Categories/Shock types/Flood,verified
c08ac7dbcd2f42d9bf71667d369c5b82,Mozambique - El Niño - Impact Assessment,Document Link,https://openknowledge.fao.org/handle/20.500.14283/CD2600EN,Other DIEM documents | Impact assessment,MOZ,Drought and climatic anomaly,Primary assessment,Country,English,Hazard impact assessment,high,,,/Categories/Countries/MOZ | /Categories/Shock types/Drought and climatic anomaly | /Categories/Content roles/Primary assessment | /Categories/Geographic scope/Country | /Categories/Languages/English | /Categories/DIEM pillars/Hazard impact assessment,/Categories/Content roles/Primary assessment | /Categories/Countries/MOZ | /Categories/DIEM pillars/Hazard impact assessment | /Categories/Geographic scope/Country | /Categories/Languages/English | /Categories/Shock types/Drought and climatic anomaly,verified
4ba133d6d3ee44abb46c16bc376cf278,Mozambique - Rapid analysis of the impact of flooding on agriculture February 2026,PDF,,Other DIEM documents | Impact assessment | DIEM EVE,MOZ,Flood,Primary assessment,Country,English,Hazard impact assessment,high,,,/Categories/Countries/MOZ | /Categories/Shock types/Flood | /Categories/Content roles/Primary assessment | /Categories/Geographic scope/Country | /Categories/Languages/English | /Categories/DIEM pillars/Hazard impact assessment,/Categories/Content roles/Primary assessment | /Categories/Countries/MOZ | /Categories/DIEM pillars/Hazard impact assessment | /Categories/Geographic scope/Country | /Categories/Languages/English | /Categories/Shock types/Flood,verified
3b04471cec7a4ab4b19dc86c041ed1a9,Mozambique - Tropical Storm Ana 2022 - Impact Assessment,PDF,,Impact assessment,MOZ,Tropical cyclone and storm,Primary assessment,Country,English,Hazard impact assessment,high,,,/Categories/Countries/MOZ | /Categories/Shock types/Tropical cyclone and storm | /Categories/Content roles/Primary assessment | /Categories/Geographic scope/Country | /Categories/Languages/English | /Categories/DIEM pillars/Hazard impact assessment,/Categories/Content roles/Primary assessment | /Categories/Countries/MOZ | /Categories/DIEM pillars/Hazard impact assessment | /Categories/Geographic scope/Country | /Categories/Languages/English | /Categories/Shock types/Tropical cyclone and storm,verified
d2189dc28ce247cc962d2f7bc779cf92,Mozambique Floods January 2026,Dashboard,,impact assessment,MOZ,Flood,Interactive application,Country,English,Hazard impact assessment,high,,,/Categories/Countries/MOZ | /Categories/Shock types/Flood | /Categories/Content roles/Interactive application | /Categories/Geographic scope/Country | /Categories/Languages/English | /Categories/DIEM pillars/Hazard impact assessment,/Categories/Content roles/Interactive application | /Categories/Countries/MOZ | /Categories/DIEM pillars/Hazard impact assessment | /Categories/Geographic scope/Country | /Categories/Languages/English | /Categories/Shock types/Flood,verified
70bb5d1848654a6092c443c75bed9542,Myanmar - Post-earthquake Rapid Needs Assessment 2025,Document Link,https://openknowledge.fao.org/handle/20.500.14283/CD5778EN,Other DIEM documents | Impact assessment,MMR,Earthquake,Primary assessment,Country,English,Hazard impact assessment,high,,,/Categories/Countries/MMR | /Categories/Shock types/Earthquake | /Categories/Content roles/Primary assessment | /Categories/Geographic scope/Country | /Categories/Languages/English | /Categories/DIEM pillars/Hazard impact assessment,/Categories/Content roles/Primary assessment | /Categories/Countries/MMR | /Categories/DIEM pillars/Hazard impact assessment | /Categories/Geographic scope/Country | /Categories/Languages/English | /Categories/Shock types/Earthquake,verified
990f4aec6a924bf7a681a02e10ace811,Namibia - El Niño June 2024 - Impact Assessment,Document Link,https://openknowledge.fao.org/handle/20.500.14283/cd3589en,Other DIEM documents | Impact assessment,NAM,Drought and climatic anomaly,Primary assessment,Country,English,Hazard impact assessment,high,,,/Categories/Countries/NAM | /Categories/Shock types/Drought and climatic anomaly | /Categories/Content roles/Primary assessment | /Categories/Geographic scope/Country | /Categories/Languages/English | /Categories/DIEM pillars/Hazard impact assessment,/Categories/Content roles/Primary assessment | /Categories/Countries/NAM | /Categories/DIEM pillars/Hazard impact assessment | /Categories/Geographic scope/Country | /Categories/Languages/English | /Categories/Shock types/Drought and climatic anomaly,verified
d45ac9cbed4643bf9ccde9aa24d011c5,Nepal - Flood Impact Assesment - November 2024,Document Link,https://openknowledge.fao.org/handle/20.500.14283/CD5014EN,Other DIEM documents | Impact assessment,NPL,Flood,Primary assessment,Country,English,Hazard impact assessment,high,,,/Categories/Countries/NPL | /Categories/Shock types/Flood | /Categories/Content roles/Primary assessment | /Categories/Geographic scope/Country | /Categories/Languages/English | /Categories/DIEM pillars/Hazard impact assessment,/Categories/Content roles/Primary assessment | /Categories/Countries/NPL | /Categories/DIEM pillars/Hazard impact assessment | /Categories/Geographic scope/Country | /Categories/Languages/English | /Categories/Shock types/Flood,verified
1253739abf624ea9b0faf53197b66c45,Nepal: DIEM-Impact agricultural livelihood assessment ,StoryMap,https://storymaps.arcgis.com/stories/1253739abf624ea9b0faf53197b66c45,DIEM StoryMap | Impact assessment,NPL,Earthquake,StoryMap,Country,English,Hazard impact assessment,high,,,/Categories/Countries/NPL | /Categories/Shock types/Earthquake | /Categories/Content roles/StoryMap | /Categories/Geographic scope/Country | /Categories/Languages/English | /Categories/DIEM pillars/Hazard impact assessment,/Categories/Content roles/StoryMap | /Categories/Countries/NPL | /Categories/DIEM pillars/Hazard impact assessment | /Categories/Geographic scope/Country | /Categories/Languages/English | /Categories/Shock types/Earthquake,verified
b407728f5d1041a98a16858668bf9ec6,Nigeria - Agricultural Inputs Survey - Round 2,Document Link,https://openknowledge.fao.org/handle/20.500.14283/CD5053EN,Other DIEM documents | Impact assessment,NGA,,Primary assessment,Country,English,Household monitoring system,high,No controlled shock type confidently inferred | Pillar exception inferred: Household monitoring system,,/Categories/Countries/NGA | /Categories/Content roles/Primary assessment | /Categories/Geographic scope/Country | /Categories/Languages/English | /Categories/DIEM pillars/Household monitoring system,/Categories/Content roles/Primary assessment | /Categories/Countries/NGA | /Categories/DIEM pillars/Household monitoring system | /Categories/Geographic scope/Country | /Categories/Languages/English,verified
275beefbf1df44b4a7a92ab75005cf92,Nigeria - Impact Assessment of the 2025 floods - January 2026,Document Link,https://openknowledge.fao.org/handle/20.500.14283/CD9356EN,Other DIEM documents | Impact assessment,NGA,Flood,Primary assessment,Country,English,Hazard impact assessment,high,,,/Categories/Countries/NGA | /Categories/Shock types/Flood | /Categories/Content roles/Primary assessment | /Categories/Geographic scope/Country | /Categories/Languages/English | /Categories/DIEM pillars/Hazard impact assessment,/Categories/Content roles/Primary assessment | /Categories/Countries/NGA | /Categories/DIEM pillars/Hazard impact assessment | /Categories/Geographic scope/Country | /Categories/Languages/English | /Categories/Shock types/Flood,verified
2ba24374022047489d5cd96f42da1bec,Nigeria - Rapid analysis of the impact of flooding on agriculture - October 2025,Document Link,https://openknowledge.fao.org/handle/20.500.14283/cd7878en,Other DIEM documents | Impact assessment,NGA,Flood,Primary assessment,Country,English,Hazard impact assessment,high,,,/Categories/Countries/NGA | /Categories/Shock types/Flood | /Categories/Content roles/Primary assessment | /Categories/Geographic scope/Country | /Categories/Languages/English | /Categories/DIEM pillars/Hazard impact assessment,/Categories/Content roles/Primary assessment | /Categories/Countries/NGA | /Categories/DIEM pillars/Hazard impact assessment | /Categories/Geographic scope/Country | /Categories/Languages/English | /Categories/Shock types/Flood,verified
159fe5a56d4148cbbc8bdb5c43a48513,Nigeria floods - EVE flood impact analysis -  4 October 2024,PDF,,DIEM EVE | Impact assessment,NGA,Flood,Primary assessment,Country,English,Hazard impact assessment,high,,,/Categories/Countries/NGA | /Categories/Shock types/Flood | /Categories/Content roles/Primary assessment | /Categories/Geographic scope/Country | /Categories/Languages/English | /Categories/DIEM pillars/Hazard impact assessment,/Categories/Content roles/Primary assessment | /Categories/Countries/NGA | /Categories/DIEM pillars/Hazard impact assessment | /Categories/Geographic scope/Country | /Categories/Languages/English | /Categories/Shock types/Flood,verified
907160b320984fb3aa1853c8c72c6baf,Nigeria floods - EVE flood impact analysis -  December 2024,PDF,,DIEM EVE | Impact assessment,NGA,Flood,Primary assessment,Country,English,Hazard impact assessment,high,,,/Categories/Countries/NGA | /Categories/Shock types/Flood | /Categories/Content roles/Primary assessment | /Categories/Geographic scope/Country | /Categories/Languages/English | /Categories/DIEM pillars/Hazard impact assessment,/Categories/Content roles/Primary assessment | /Categories/Countries/NGA | /Categories/DIEM pillars/Hazard impact assessment | /Categories/Geographic scope/Country | /Categories/Languages/English | /Categories/Shock types/Flood,verified
f0a85381dfb34e178536b2a161a459b9,Nigeria floods - EVE flood impact analysis - 31 October 2024,PDF,,DIEM EVE | Impact assessment,NGA,Flood,Primary assessment,Country,English,Hazard impact assessment,high,,,/Categories/Countries/NGA | /Categories/Shock types/Flood | /Categories/Content roles/Primary assessment | /Categories/Geographic scope/Country | /Categories/Languages/English | /Categories/DIEM pillars/Hazard impact assessment,/Categories/Content roles/Primary assessment | /Categories/Countries/NGA | /Categories/DIEM pillars/Hazard impact assessment | /Categories/Geographic scope/Country | /Categories/Languages/English | /Categories/Shock types/Flood,verified
2dabfe25652e40a38d3cf495e7acca30,"Pacific island countries - Impact of rising costs of food, feed, fuel, fertilizer and finance - Impact Assessment",Document Link,https://openknowledge.fao.org/handle/20.500.14283/cc3304en,Impact assessment,,Economic shock,Primary assessment,Regional,English,Hazard impact assessment,medium,No country inferred; scope assigned from regional/global wording,,/Categories/Shock types/Economic shock | /Categories/Content roles/Primary assessment | /Categories/Geographic scope/Regional | /Categories/Languages/English | /Categories/DIEM pillars/Hazard impact assessment,/Categories/Content roles/Primary assessment | /Categories/DIEM pillars/Hazard impact assessment | /Categories/Geographic scope/Regional | /Categories/Languages/English | /Categories/Shock types/Economic shock,verified
14fc8b8171dd4b9580f2d2f26a6dfaac,Pakistan Floods - Post Disaster Needs Assessment (PDNA) - 2022,Web Experience,https://experience.arcgis.com/experience/14fc8b8171dd4b9580f2d2f26a6dfaac/,Impact assessment,PAK,Flood,Interactive application,Country,English,Hazard impact assessment,high,,,/Categories/Countries/PAK | /Categories/Shock types/Flood | /Categories/Content roles/Interactive application | /Categories/Geographic scope/Country | /Categories/Languages/English | /Categories/DIEM pillars/Hazard impact assessment,/Categories/Content roles/Interactive application | /Categories/Countries/PAK | /Categories/DIEM pillars/Hazard impact assessment | /Categories/Geographic scope/Country | /Categories/Languages/English | /Categories/Shock types/Flood,verified
8d30a04a057046a59c261e5c7ee555f1,"Post-earthquake impact assessment on agricultural livelihoods and food security in the northwest, Syrian Arab Republic, 2024",Document Link,https://openknowledge.fao.org/handle/20.500.14283/cd2151en,Other DIEM documents | Impact assessment,SYR,Earthquake,Primary assessment,Country,English,Hazard impact assessment,high,,,/Categories/Countries/SYR | /Categories/Shock types/Earthquake | /Categories/Content roles/Primary assessment | /Categories/Geographic scope/Country | /Categories/Languages/English | /Categories/DIEM pillars/Hazard impact assessment,/Categories/Content roles/Primary assessment | /Categories/Countries/SYR | /Categories/DIEM pillars/Hazard impact assessment | /Categories/Geographic scope/Country | /Categories/Languages/English | /Categories/Shock types/Earthquake,verified
c6c882c9a3604ef8b707f6f73a58d9e3,République démocratique du Congo - Impact des conflits et des déplacements - 2024,PDF,,Other DIEM documents | Impact assessment,COD,Conflict and displacement,Primary assessment,Country,French,Hazard impact assessment,high,,,/Categories/Countries/COD | /Categories/Shock types/Conflict and displacement | /Categories/Content roles/Primary assessment | /Categories/Geographic scope/Country | /Categories/Languages/French | /Categories/DIEM pillars/Hazard impact assessment,/Categories/Content roles/Primary assessment | /Categories/Countries/COD | /Categories/DIEM pillars/Hazard impact assessment | /Categories/Geographic scope/Country | /Categories/Languages/French | /Categories/Shock types/Conflict and displacement,verified
b8cd6f8d050a47788a7b459a86330b8d,"République démocratique du Congo – Impact des conflits et des déplacements sur l’agriculture, la sécurité alimentaire et les moyens d’existence dans les provinces d'ituri, Nord-Kivu, Sud-Kivu et Tanganyika",Document Link,https://openknowledge.fao.org/handle/20.500.14283/CD5173FR,Other DIEM documents | Impact assessment,COD,Conflict and displacement,Primary assessment | Translation,Country,French,Hazard impact assessment,high,Translation inferred from a matching English publication/event,,/Categories/Countries/COD | /Categories/Shock types/Conflict and displacement | /Categories/Content roles/Primary assessment | /Categories/Content roles/Translation | /Categories/Geographic scope/Country | /Categories/Languages/French | /Categories/DIEM pillars/Hazard impact assessment,/Categories/Content roles/Primary assessment | /Categories/Content roles/Translation | /Categories/Countries/COD | /Categories/DIEM pillars/Hazard impact assessment | /Categories/Geographic scope/Country | /Categories/Languages/French | /Categories/Shock types/Conflict and displacement,verified
e6e029ee05634c90ac8c6c19455355fe,South Sudan - The impact of conflict on food security and livelihoods - January 2024 - Impact report,Document Link,https://openknowledge.fao.org/handle/20.500.14283/cc9717en,Country report | Impact assessment,SSD,Conflict and displacement,Primary assessment,Country,English,Hazard impact assessment,high,,,/Categories/Countries/SSD | /Categories/Shock types/Conflict and displacement | /Categories/Content roles/Primary assessment | /Categories/Geographic scope/Country | /Categories/Languages/English | /Categories/DIEM pillars/Hazard impact assessment,/Categories/Content roles/Primary assessment | /Categories/Countries/SSD | /Categories/DIEM pillars/Hazard impact assessment | /Categories/Geographic scope/Country | /Categories/Languages/English | /Categories/Shock types/Conflict and displacement,verified
c4fdface538643d08a6a5b200a2646fc,"Sri Lanka: DIEM-Impact assessment of cyclone Ditwah, February 2026",Document Link,https://openknowledge.fao.org/handle/20.500.14283/CD8605EN,Other DIEM documents | Impact assessment,LKA,Tropical cyclone and storm,Primary assessment,Country,English,Hazard impact assessment,high,,,/Categories/Countries/LKA | /Categories/Shock types/Tropical cyclone and storm | /Categories/Content roles/Primary assessment | /Categories/Geographic scope/Country | /Categories/Languages/English | /Categories/DIEM pillars/Hazard impact assessment,/Categories/Content roles/Primary assessment | /Categories/Countries/LKA | /Categories/DIEM pillars/Hazard impact assessment | /Categories/Geographic scope/Country | /Categories/Languages/English | /Categories/Shock types/Tropical cyclone and storm,verified
4569e627864a46748d956ad18c886b8c,St Vincent and the Grenadines - Volcanic Eruption 2021 - Impact Assessment,PDF,,Impact assessment,VCT,Volcanic eruption,Primary assessment,Country,English,Hazard impact assessment,high,,,/Categories/Countries/VCT | /Categories/Shock types/Volcanic eruption | /Categories/Content roles/Primary assessment | /Categories/Geographic scope/Country | /Categories/Languages/English | /Categories/DIEM pillars/Hazard impact assessment,/Categories/Content roles/Primary assessment | /Categories/Countries/VCT | /Categories/DIEM pillars/Hazard impact assessment | /Categories/Geographic scope/Country | /Categories/Languages/English | /Categories/Shock types/Volcanic eruption,verified
e451e32a054847469b1c1c731a8e5cff,"Storm Daniel, Libya, September 2023",StoryMap,https://storymaps.arcgis.com/stories/e451e32a054847469b1c1c731a8e5cff,DIEM StoryMap | Impact assessment,LBY,Flood | Tropical cyclone and storm,StoryMap,Country,English,Hazard impact assessment,medium,Multiple shock types inferred,,/Categories/Countries/LBY | /Categories/Shock types/Flood | /Categories/Shock types/Tropical cyclone and storm | /Categories/Content roles/StoryMap | /Categories/Geographic scope/Country | /Categories/Languages/English | /Categories/DIEM pillars/Hazard impact assessment,/Categories/Content roles/StoryMap | /Categories/Countries/LBY | /Categories/DIEM pillars/Hazard impact assessment | /Categories/Geographic scope/Country | /Categories/Languages/English | /Categories/Shock types/Flood | /Categories/Shock types/Tropical cyclone and storm,verified
f929bc5e6d8c42849555320f4b4a9235,Sudan - Assessment on the impact of floods 2024 - Impact Assessment,Document Link,https://doi.org/10.4060/cd2924en,Other DIEM documents | Impact assessment,SDN,Flood,Primary assessment,Country,English,Hazard impact assessment,high,,,/Categories/Countries/SDN | /Categories/Shock types/Flood | /Categories/Content roles/Primary assessment | /Categories/Geographic scope/Country | /Categories/Languages/English | /Categories/DIEM pillars/Hazard impact assessment,/Categories/Content roles/Primary assessment | /Categories/Countries/SDN | /Categories/DIEM pillars/Hazard impact assessment | /Categories/Geographic scope/Country | /Categories/Languages/English | /Categories/Shock types/Flood,verified
ae5b193deb894d4c81661ab78596a8c2,Sudan - Situation Overview,Document Link,https://openknowledge.fao.org/handle/20.500.14283/cc6634en,Other DIEM documents | Impact assessment,SDN,Conflict and displacement,Executive summary,Country,English,Hazard impact assessment,high,,,/Categories/Countries/SDN | /Categories/Shock types/Conflict and displacement | /Categories/Content roles/Executive summary | /Categories/Geographic scope/Country | /Categories/Languages/English | /Categories/DIEM pillars/Hazard impact assessment,/Categories/Content roles/Executive summary | /Categories/Countries/SDN | /Categories/DIEM pillars/Hazard impact assessment | /Categories/Geographic scope/Country | /Categories/Languages/English | /Categories/Shock types/Conflict and displacement,verified
ccd77a49fee8482babf61769b934c2ce,Syrian Arab Republic - Post Earthquake 2023 - Impact Assessment,Document Link,https://openknowledge.fao.org/handle/20.500.14283/cc5764en,Impact assessment,SYR,Earthquake,Primary assessment,Country,English,Hazard impact assessment,high,,,/Categories/Countries/SYR | /Categories/Shock types/Earthquake | /Categories/Content roles/Primary assessment | /Categories/Geographic scope/Country | /Categories/Languages/English | /Categories/DIEM pillars/Hazard impact assessment,/Categories/Content roles/Primary assessment | /Categories/Countries/SYR | /Categories/DIEM pillars/Hazard impact assessment | /Categories/Geographic scope/Country | /Categories/Languages/English | /Categories/Shock types/Earthquake,verified
a44221fa573147ebb13d4229a2c64b64,Tanzania - El Niño Impact Highlights December 2024 - Impact Assessment,Document Link,https://openknowledge.fao.org/handle/20.500.14283/CD3742EN,Other DIEM documents | Impact assessment,TZA,Drought and climatic anomaly,Executive summary,Country,English,Hazard impact assessment,high,,,/Categories/Countries/TZA | /Categories/Shock types/Drought and climatic anomaly | /Categories/Content roles/Executive summary | /Categories/Geographic scope/Country | /Categories/Languages/English | /Categories/DIEM pillars/Hazard impact assessment,/Categories/Content roles/Executive summary | /Categories/Countries/TZA | /Categories/DIEM pillars/Hazard impact assessment | /Categories/Geographic scope/Country | /Categories/Languages/English | /Categories/Shock types/Drought and climatic anomaly,verified
e732f57310144a4595a14f5364d9c195,"The Democratic Republic of the Congo - Impact of conflict on agriculture, food security and livelihoods in Ituri",Document Link,https://openknowledge.fao.org/handle/20.500.14283/cc9007en,Other DIEM documents | Impact assessment,COD,Conflict and displacement,Primary assessment,Country,English,Hazard impact assessment,high,,,/Categories/Countries/COD | /Categories/Shock types/Conflict and displacement | /Categories/Content roles/Primary assessment | /Categories/Geographic scope/Country | /Categories/Languages/English | /Categories/DIEM pillars/Hazard impact assessment,/Categories/Content roles/Primary assessment | /Categories/Countries/COD | /Categories/DIEM pillars/Hazard impact assessment | /Categories/Geographic scope/Country | /Categories/Languages/English | /Categories/Shock types/Conflict and displacement,verified
f2c8583bc2fd4d029202874e3fde8592,"The Democratic Republic of the Congo - Impact of conflict on agriculture, food security and livelihoods in Ituri - Impact Assessment",Document Link,https://openknowledge.fao.org/handle/20.500.14283/cc9434en,Other DIEM documents | Impact assessment,COD,Conflict and displacement,Primary assessment,Country,English,Hazard impact assessment,high,,,/Categories/Countries/COD | /Categories/Shock types/Conflict and displacement | /Categories/Content roles/Primary assessment | /Categories/Geographic scope/Country | /Categories/Languages/English | /Categories/DIEM pillars/Hazard impact assessment,/Categories/Content roles/Primary assessment | /Categories/Countries/COD | /Categories/DIEM pillars/Hazard impact assessment | /Categories/Geographic scope/Country | /Categories/Languages/English | /Categories/Shock types/Conflict and displacement,verified
1083f70eb12e46b29e549844f5ca062c,"The Democratic Republic of the Congo - Impact of conflict on agricultutre, food securtity and livelihoods in Ituri (FR)",Document Link,https://openknowledge.fao.org/handle/20.500.14283/cc9434fr,Other DIEM documents | Impact assessment,COD,Conflict and displacement,Primary assessment,Country,English,Hazard impact assessment,high,,,/Categories/Countries/COD | /Categories/Shock types/Conflict and displacement | /Categories/Content roles/Primary assessment | /Categories/Geographic scope/Country | /Categories/Languages/English | /Categories/DIEM pillars/Hazard impact assessment,/Categories/Content roles/Primary assessment | /Categories/Countries/COD | /Categories/DIEM pillars/Hazard impact assessment | /Categories/Geographic scope/Country | /Categories/Languages/English | /Categories/Shock types/Conflict and displacement,verified
6995ec901634417bb80d609593c05689,The impact of the ongoing conflict in Lebanon,StoryMap,https://storymaps.arcgis.com/stories/6995ec901634417bb80d609593c05689,DIEM StoryMap | Impact assessment,LBN,Conflict and displacement,StoryMap,Country,English,Hazard impact assessment,high,,,/Categories/Countries/LBN | /Categories/Shock types/Conflict and displacement | /Categories/Content roles/StoryMap | /Categories/Geographic scope/Country | /Categories/Languages/English | /Categories/DIEM pillars/Hazard impact assessment,/Categories/Content roles/StoryMap | /Categories/Countries/LBN | /Categories/DIEM pillars/Hazard impact assessment | /Categories/Geographic scope/Country | /Categories/Languages/English | /Categories/Shock types/Conflict and displacement,verified
3d6405c5faf14cbe897f1e770920afdc,Timor Leste - Seroja Cyclone Assessment - Damaged Irrigation Infrastructures,Web Map,,Impact Assessment,TLS,Tropical cyclone and storm,Supporting map or data,Country,English,Hazard impact assessment,high,,,/Categories/Countries/TLS | /Categories/Shock types/Tropical cyclone and storm | /Categories/Content roles/Supporting map or data | /Categories/Geographic scope/Country | /Categories/Languages/English | /Categories/DIEM pillars/Hazard impact assessment,/Categories/Content roles/Supporting map or data | /Categories/Countries/TLS | /Categories/DIEM pillars/Hazard impact assessment | /Categories/Geographic scope/Country | /Categories/Languages/English | /Categories/Shock types/Tropical cyclone and storm,verified
3cbbc1e984864326b7a50aa92a219d23,Timor Leste - Seroja Cyclone Assessment - Maize deficit/surplus by municipality (Tonnes). 2021 compared to 2020,Web Map,,Impact Assessment,TLS,Tropical cyclone and storm,Supporting map or data,Country,English,Hazard impact assessment,high,,,/Categories/Countries/TLS | /Categories/Shock types/Tropical cyclone and storm | /Categories/Content roles/Supporting map or data | /Categories/Geographic scope/Country | /Categories/Languages/English | /Categories/DIEM pillars/Hazard impact assessment,/Categories/Content roles/Supporting map or data | /Categories/Countries/TLS | /Categories/DIEM pillars/Hazard impact assessment | /Categories/Geographic scope/Country | /Categories/Languages/English | /Categories/Shock types/Tropical cyclone and storm,verified
0ab0c30d7c7a4f4299e543e3d5ef0ad1,Timor Leste - Seroja Cyclone Assessment - Maize Production Trend: 2021 compared to 2020,Web Map,,Impact Assessment,TLS,Tropical cyclone and storm,Supporting map or data,Country,English,Hazard impact assessment,high,,,/Categories/Countries/TLS | /Categories/Shock types/Tropical cyclone and storm | /Categories/Content roles/Supporting map or data | /Categories/Geographic scope/Country | /Categories/Languages/English | /Categories/DIEM pillars/Hazard impact assessment,/Categories/Content roles/Supporting map or data | /Categories/Countries/TLS | /Categories/DIEM pillars/Hazard impact assessment | /Categories/Geographic scope/Country | /Categories/Languages/English | /Categories/Shock types/Tropical cyclone and storm,verified
a9d75ce9dc734db49f45c6145461bb96,Timor Leste - Seroja Cyclone Assessment - Presence of African Swine Fever (ASF),Web Map,,Impact Assessment,TLS,Pest and disease | Tropical cyclone and storm,Supporting map or data,Country,English,Hazard impact assessment,medium,Multiple shock types inferred,,/Categories/Countries/TLS | /Categories/Shock types/Pest and disease | /Categories/Shock types/Tropical cyclone and storm | /Categories/Content roles/Supporting map or data | /Categories/Geographic scope/Country | /Categories/Languages/English | /Categories/DIEM pillars/Hazard impact assessment,/Categories/Content roles/Supporting map or data | /Categories/Countries/TLS | /Categories/DIEM pillars/Hazard impact assessment | /Categories/Geographic scope/Country | /Categories/Languages/English | /Categories/Shock types/Pest and disease | /Categories/Shock types/Tropical cyclone and storm,verified
c80f7a32718d4acdb26ca0bf4c2ca8b2,Timor Leste - Seroja Cyclone Assessment - Presence of Fall Armyworm,Web Map,,Impact Assessment,TLS,Pest and disease | Tropical cyclone and storm,Supporting map or data,Country,English,Hazard impact assessment,medium,Multiple shock types inferred,,/Categories/Countries/TLS | /Categories/Shock types/Pest and disease | /Categories/Shock types/Tropical cyclone and storm | /Categories/Content roles/Supporting map or data | /Categories/Geographic scope/Country | /Categories/Languages/English | /Categories/DIEM pillars/Hazard impact assessment,/Categories/Content roles/Supporting map or data | /Categories/Countries/TLS | /Categories/DIEM pillars/Hazard impact assessment | /Categories/Geographic scope/Country | /Categories/Languages/English | /Categories/Shock types/Pest and disease | /Categories/Shock types/Tropical cyclone and storm,verified
c4bd860153e8455b95ed4b8703634dc3,Timor Leste - Seroja Cyclone Assessment - Rice Production Trend: 2021 compared to 2020,Web Map,,Impact Assessment,TLS,Tropical cyclone and storm,Supporting map or data,Country,English,Hazard impact assessment,high,,,/Categories/Countries/TLS | /Categories/Shock types/Tropical cyclone and storm | /Categories/Content roles/Supporting map or data | /Categories/Geographic scope/Country | /Categories/Languages/English | /Categories/DIEM pillars/Hazard impact assessment,/Categories/Content roles/Supporting map or data | /Categories/Countries/TLS | /Categories/DIEM pillars/Hazard impact assessment | /Categories/Geographic scope/Country | /Categories/Languages/English | /Categories/Shock types/Tropical cyclone and storm,verified
a8b0d21ac1b74dad811cd6f0bf6def1d,Timor Leste - Seroja Cyclone Assessment - Tuber Production Trend: 2021 compared to 2020,Web Map,,Impact Assessment,TLS,Tropical cyclone and storm,Supporting map or data,Country,English,Hazard impact assessment,high,,,/Categories/Countries/TLS | /Categories/Shock types/Tropical cyclone and storm | /Categories/Content roles/Supporting map or data | /Categories/Geographic scope/Country | /Categories/Languages/English | /Categories/DIEM pillars/Hazard impact assessment,/Categories/Content roles/Supporting map or data | /Categories/Countries/TLS | /Categories/DIEM pillars/Hazard impact assessment | /Categories/Geographic scope/Country | /Categories/Languages/English | /Categories/Shock types/Tropical cyclone and storm,verified
de4c844067eb4f51a497a6a4cd93d8f3,Timor Leste - Seroja Cyclone Assessment Data,Feature Service,https://services5.arcgis.com/sjP4Ugu5s0dZWLjd/arcgis/rest/services/test5_WFL1/FeatureServer,Impact Assessment,TLS,Tropical cyclone and storm,Supporting map or data,Country,English,Hazard impact assessment,high,,,/Categories/Countries/TLS | /Categories/Shock types/Tropical cyclone and storm | /Categories/Content roles/Supporting map or data | /Categories/Geographic scope/Country | /Categories/Languages/English | /Categories/DIEM pillars/Hazard impact assessment,/Categories/Content roles/Supporting map or data | /Categories/Countries/TLS | /Categories/DIEM pillars/Hazard impact assessment | /Categories/Geographic scope/Country | /Categories/Languages/English | /Categories/Shock types/Tropical cyclone and storm,verified
0e14d714160f43b38f704cf9df3fc249,"Tropical cyclone ALVARO-24, Madagascar 2024",StoryMap,https://storymaps.arcgis.com/stories/0e14d714160f43b38f704cf9df3fc249,DIEM StoryMap | Impact assessment,MDG,Flood | Tropical cyclone and storm,StoryMap,Country,English,Hazard impact assessment,medium,Multiple shock types inferred,,/Categories/Countries/MDG | /Categories/Shock types/Flood | /Categories/Shock types/Tropical cyclone and storm | /Categories/Content roles/StoryMap | /Categories/Geographic scope/Country | /Categories/Languages/English | /Categories/DIEM pillars/Hazard impact assessment,/Categories/Content roles/StoryMap | /Categories/Countries/MDG | /Categories/DIEM pillars/Hazard impact assessment | /Categories/Geographic scope/Country | /Categories/Languages/English | /Categories/Shock types/Flood | /Categories/Shock types/Tropical cyclone and storm,verified
86bd04f382144c1e9259cf1d91303c86,"Tropical cyclone Cheneso, Madagascar, 2023",StoryMap,https://storymaps.arcgis.com/stories/86bd04f382144c1e9259cf1d91303c86,DIEM StoryMap | Impact assessment,MDG,Tropical cyclone and storm,StoryMap,Country,English,Hazard impact assessment,high,,,/Categories/Countries/MDG | /Categories/Shock types/Tropical cyclone and storm | /Categories/Content roles/StoryMap | /Categories/Geographic scope/Country | /Categories/Languages/English | /Categories/DIEM pillars/Hazard impact assessment,/Categories/Content roles/StoryMap | /Categories/Countries/MDG | /Categories/DIEM pillars/Hazard impact assessment | /Categories/Geographic scope/Country | /Categories/Languages/English | /Categories/Shock types/Tropical cyclone and storm,verified
180fa0ebafa040e790b63be00e3c2eb5,"Tropical cyclone CHIDO-25, Mozambique 2024",StoryMap,https://storymaps.arcgis.com/stories/180fa0ebafa040e790b63be00e3c2eb5,DIEM StoryMap | Impact assessment,MOZ,Tropical cyclone and storm,StoryMap,Country,English,Hazard impact assessment,high,,,/Categories/Countries/MOZ | /Categories/Shock types/Tropical cyclone and storm | /Categories/Content roles/StoryMap | /Categories/Geographic scope/Country | /Categories/Languages/English | /Categories/DIEM pillars/Hazard impact assessment,/Categories/Content roles/StoryMap | /Categories/Countries/MOZ | /Categories/DIEM pillars/Hazard impact assessment | /Categories/Geographic scope/Country | /Categories/Languages/English | /Categories/Shock types/Tropical cyclone and storm,verified
591c404b88a342ec8c9fbd1691ae7eb7,"Tropical cyclone Freddy, Madagascar, 2023",StoryMap,https://storymaps.arcgis.com/stories/591c404b88a342ec8c9fbd1691ae7eb7,DIEM StoryMap | Impact assessment,MDG,Tropical cyclone and storm,StoryMap,Country,English,Hazard impact assessment,high,,,/Categories/Countries/MDG | /Categories/Shock types/Tropical cyclone and storm | /Categories/Content roles/StoryMap | /Categories/Geographic scope/Country | /Categories/Languages/English | /Categories/DIEM pillars/Hazard impact assessment,/Categories/Content roles/StoryMap | /Categories/Countries/MDG | /Categories/DIEM pillars/Hazard impact assessment | /Categories/Geographic scope/Country | /Categories/Languages/English | /Categories/Shock types/Tropical cyclone and storm,verified
b447b8aae28347f2ad045aad994c413c,"Tropical cyclone Freddy, Malawi, 2023",StoryMap,https://storymaps.arcgis.com/stories/b447b8aae28347f2ad045aad994c413c,DIEM StoryMap | Impact assessment,MWI,Tropical cyclone and storm,StoryMap,Country,English,Hazard impact assessment,high,,,/Categories/Countries/MWI | /Categories/Shock types/Tropical cyclone and storm | /Categories/Content roles/StoryMap | /Categories/Geographic scope/Country | /Categories/Languages/English | /Categories/DIEM pillars/Hazard impact assessment,/Categories/Content roles/StoryMap | /Categories/Countries/MWI | /Categories/DIEM pillars/Hazard impact assessment | /Categories/Geographic scope/Country | /Categories/Languages/English | /Categories/Shock types/Tropical cyclone and storm,verified
e2fb1cfad13a4d8492b2ac00854b546c,"Tropical cyclone Freddy, Mozambique, 2023",StoryMap,https://storymaps.arcgis.com/stories/e2fb1cfad13a4d8492b2ac00854b546c,DIEM StoryMap | Impact assessment,MOZ,Tropical cyclone and storm,StoryMap,Country,English,Hazard impact assessment,high,,,/Categories/Countries/MOZ | /Categories/Shock types/Tropical cyclone and storm | /Categories/Content roles/StoryMap | /Categories/Geographic scope/Country | /Categories/Languages/English | /Categories/DIEM pillars/Hazard impact assessment,/Categories/Content roles/StoryMap | /Categories/Countries/MOZ | /Categories/DIEM pillars/Hazard impact assessment | /Categories/Geographic scope/Country | /Categories/Languages/English | /Categories/Shock types/Tropical cyclone and storm,verified
688e769527044b279c986f2ed0b01033,"Tropical cyclone JUDE-25, Mozambique 2024",StoryMap,https://storymaps.arcgis.com/stories/688e769527044b279c986f2ed0b01033,DIEM StoryMap | Impact assessment,MOZ,Tropical cyclone and storm,StoryMap,Country,English,Hazard impact assessment,high,,,/Categories/Countries/MOZ | /Categories/Shock types/Tropical cyclone and storm | /Categories/Content roles/StoryMap | /Categories/Geographic scope/Country | /Categories/Languages/English | /Categories/DIEM pillars/Hazard impact assessment,/Categories/Content roles/StoryMap | /Categories/Countries/MOZ | /Categories/DIEM pillars/Hazard impact assessment | /Categories/Geographic scope/Country | /Categories/Languages/English | /Categories/Shock types/Tropical cyclone and storm,verified
a97314f4fec34a448721f320829acfbe,"Tropical cyclone Mocha, Myanmar",StoryMap,https://storymaps.arcgis.com/stories/a97314f4fec34a448721f320829acfbe,DIEM StoryMap | Impact assessment,MMR,Tropical cyclone and storm,StoryMap,Country,English,Hazard impact assessment,high,,,/Categories/Countries/MMR | /Categories/Shock types/Tropical cyclone and storm | /Categories/Content roles/StoryMap | /Categories/Geographic scope/Country | /Categories/Languages/English | /Categories/DIEM pillars/Hazard impact assessment,/Categories/Content roles/StoryMap | /Categories/Countries/MMR | /Categories/DIEM pillars/Hazard impact assessment | /Categories/Geographic scope/Country | /Categories/Languages/English | /Categories/Shock types/Tropical cyclone and storm,verified
7e2ccf32754a4425abad0119a72389ca,"Tropical cyclone SARA-24, Honduras 2024",StoryMap,https://storymaps.arcgis.com/stories/7e2ccf32754a4425abad0119a72389ca,DIEM StoryMap | Impact assessment,HND,Tropical cyclone and storm,StoryMap,Country,English,Hazard impact assessment,high,,,/Categories/Countries/HND | /Categories/Shock types/Tropical cyclone and storm | /Categories/Content roles/StoryMap | /Categories/Geographic scope/Country | /Categories/Languages/English | /Categories/DIEM pillars/Hazard impact assessment,/Categories/Content roles/StoryMap | /Categories/Countries/HND | /Categories/DIEM pillars/Hazard impact assessment | /Categories/Geographic scope/Country | /Categories/Languages/English | /Categories/Shock types/Tropical cyclone and storm,verified
42532b68f65a41dd8547a1957ecad3f5,Türkiye and Syria earthquake - Agricultural area exposed,Web Experience,https://experience.arcgis.com/experience/42532b68f65a41dd8547a1957ecad3f5/,Impact assessment,SYR | TUR,Earthquake,Interactive application,Multi-country,English,Hazard impact assessment,medium,Multiple countries inferred,,/Categories/Countries/SYR | /Categories/Countries/TUR | /Categories/Shock types/Earthquake | /Categories/Content roles/Interactive application | /Categories/Geographic scope/Multi-country | /Categories/Languages/English | /Categories/DIEM pillars/Hazard impact assessment,/Categories/Content roles/Interactive application | /Categories/Countries/SYR | /Categories/Countries/TUR | /Categories/DIEM pillars/Hazard impact assessment | /Categories/Geographic scope/Multi-country | /Categories/Languages/English | /Categories/Shock types/Earthquake,verified
6751e4f95eef4382b57a6d23e147318b,Ukraine - Abstract of the food security and agricultural livelihoods assessment (December 2023)  - Round 1,Document Link,https://openknowledge.fao.org/server/api/core/bitstreams/d28a550d-1ab3-40ae-b2fc-bad716434988/content,Other DIEM documents | Impact assessment,UKR,Conflict and displacement,Executive summary,Country,English,Hazard impact assessment,high,,,/Categories/Countries/UKR | /Categories/Shock types/Conflict and displacement | /Categories/Content roles/Executive summary | /Categories/Geographic scope/Country | /Categories/Languages/English | /Categories/DIEM pillars/Hazard impact assessment,/Categories/Content roles/Executive summary | /Categories/Countries/UKR | /Categories/DIEM pillars/Hazard impact assessment | /Categories/Geographic scope/Country | /Categories/Languages/English | /Categories/Shock types/Conflict and displacement,verified
9077b7f3ee1b4ede80be165ee992d4b7,Ukraine - Damages and Losses in the Aquaculture and Fishery Sectors - Impact Assessment,Document Link,https://openknowledge.fao.org/handle/20.500.14283/cc4018en,Impact assessment,UKR,Conflict and displacement,Primary assessment,Country,English,Hazard impact assessment,high,,,/Categories/Countries/UKR | /Categories/Shock types/Conflict and displacement | /Categories/Content roles/Primary assessment | /Categories/Geographic scope/Country | /Categories/Languages/English | /Categories/DIEM pillars/Hazard impact assessment,/Categories/Content roles/Primary assessment | /Categories/Countries/UKR | /Categories/DIEM pillars/Hazard impact assessment | /Categories/Geographic scope/Country | /Categories/Languages/English | /Categories/Shock types/Conflict and displacement,verified
5297b5697cbb463290fa23350782bda9,Ukraine - Impact of the war on agriculture and rural livelihoods - Impact Assessment,Document Link,https://openknowledge.fao.org/handle/20.500.14283/cc3311en,Impact assessment,UKR,Conflict and displacement,Primary assessment,Country,English,Hazard impact assessment,high,,,/Categories/Countries/UKR | /Categories/Shock types/Conflict and displacement | /Categories/Content roles/Primary assessment | /Categories/Geographic scope/Country | /Categories/Languages/English | /Categories/DIEM pillars/Hazard impact assessment,/Categories/Content roles/Primary assessment | /Categories/Countries/UKR | /Categories/DIEM pillars/Hazard impact assessment | /Categories/Geographic scope/Country | /Categories/Languages/English | /Categories/Shock types/Conflict and displacement,verified
ae12959d06a24ec3a17066935b049475,Ukraine - Impact on small agricultural producers - February 2023,Web Experience,https://experience.arcgis.com/experience/ae12959d06a24ec3a17066935b049475/,Impact Assessment,UKR,,Interactive application,Country,English,Hazard impact assessment,medium,No controlled shock type confidently inferred,,/Categories/Countries/UKR | /Categories/Content roles/Interactive application | /Categories/Geographic scope/Country | /Categories/Languages/English | /Categories/DIEM pillars/Hazard impact assessment,/Categories/Content roles/Interactive application | /Categories/Countries/UKR | /Categories/DIEM pillars/Hazard impact assessment | /Categories/Geographic scope/Country | /Categories/Languages/English,verified
5b63ad8a3a0d4cbca4135de84c685c27,Ukraine - Note on the impact of the war on food security in Ukraine,Document Link,https://openknowledge.fao.org/handle/20.500.14283/cb9171en,Impact assessment,UKR,Conflict and displacement,Executive summary,Country,English,Hazard impact assessment,high,,,/Categories/Countries/UKR | /Categories/Shock types/Conflict and displacement | /Categories/Content roles/Executive summary | /Categories/Geographic scope/Country | /Categories/Languages/English | /Categories/DIEM pillars/Hazard impact assessment,/Categories/Content roles/Executive summary | /Categories/Countries/UKR | /Categories/DIEM pillars/Hazard impact assessment | /Categories/Geographic scope/Country | /Categories/Languages/English | /Categories/Shock types/Conflict and displacement,verified
7ce38e3a16bc430d805bd4ad19896f54,Ukraine - Note on the impact of the war on food security in Ukraine - 20 July 2022,Document Link,https://openknowledge.fao.org/handle/20.500.14283/cc1025en,Impact assessment,UKR,Conflict and displacement,Executive summary,Country,English,Hazard impact assessment,high,,,/Categories/Countries/UKR | /Categories/Shock types/Conflict and displacement | /Categories/Content roles/Executive summary | /Categories/Geographic scope/Country | /Categories/Languages/English | /Categories/DIEM pillars/Hazard impact assessment,/Categories/Content roles/Executive summary | /Categories/Countries/UKR | /Categories/DIEM pillars/Hazard impact assessment | /Categories/Geographic scope/Country | /Categories/Languages/English | /Categories/Shock types/Conflict and displacement,verified
1dc7d97d4e7a4672ab540b02d539d411,Ukraine - Note on the impact of the war on the grain production and storage,PDF,,Impact assessment,UKR,Conflict and displacement,Executive summary,Country,English,Hazard impact assessment,high,,,/Categories/Countries/UKR | /Categories/Shock types/Conflict and displacement | /Categories/Content roles/Executive summary | /Categories/Geographic scope/Country | /Categories/Languages/English | /Categories/DIEM pillars/Hazard impact assessment,/Categories/Content roles/Executive summary | /Categories/Countries/UKR | /Categories/DIEM pillars/Hazard impact assessment | /Categories/Geographic scope/Country | /Categories/Languages/English | /Categories/Shock types/Conflict and displacement,verified
a9efeb97fe3240f48c5057889873b7cb,Ukraine conflict - FAO Agricultural Producer Key Informant Survey - Internal version,Dashboard,,Impact Assessment,UKR,Conflict and displacement,Interactive application,Country,English,Hazard impact assessment,high,,,/Categories/Countries/UKR | /Categories/Shock types/Conflict and displacement | /Categories/Content roles/Interactive application | /Categories/Geographic scope/Country | /Categories/Languages/English | /Categories/DIEM pillars/Hazard impact assessment,/Categories/Content roles/Interactive application | /Categories/Countries/UKR | /Categories/DIEM pillars/Hazard impact assessment | /Categories/Geographic scope/Country | /Categories/Languages/English | /Categories/Shock types/Conflict and displacement,verified
0565acf077ae4ba198c8b2d8d1bbf07b,Ukraine conflict - FAO Oblast Administration Key Informant Survey,Dashboard,,Impact Assessment,UKR,Conflict and displacement,Interactive application,Country,English,Hazard impact assessment,high,,,/Categories/Countries/UKR | /Categories/Shock types/Conflict and displacement | /Categories/Content roles/Interactive application | /Categories/Geographic scope/Country | /Categories/Languages/English | /Categories/DIEM pillars/Hazard impact assessment,/Categories/Content roles/Interactive application | /Categories/Countries/UKR | /Categories/DIEM pillars/Hazard impact assessment | /Categories/Geographic scope/Country | /Categories/Languages/English | /Categories/Shock types/Conflict and displacement,verified
80cfe7d519744635925a7c206ad7c504,Ukraine Crisis - Fuel Availability Survey,Dashboard,,Impact Assessment,UKR,,Interactive application,Country,English,Hazard impact assessment,medium,No controlled shock type confidently inferred,,/Categories/Countries/UKR | /Categories/Content roles/Interactive application | /Categories/Geographic scope/Country | /Categories/Languages/English | /Categories/DIEM pillars/Hazard impact assessment,/Categories/Content roles/Interactive application | /Categories/Countries/UKR | /Categories/DIEM pillars/Hazard impact assessment | /Categories/Geographic scope/Country | /Categories/Languages/English,verified
c5e28e7c958b4748bb806e1fe28ccf7b,Ukraine survey September 2022,Web Experience,https://experience.arcgis.com/experience/c5e28e7c958b4748bb806e1fe28ccf7b/,Impact Assessment,UKR,,Interactive application,Country,English,Hazard impact assessment,medium,No controlled shock type confidently inferred,,/Categories/Countries/UKR | /Categories/Content roles/Interactive application | /Categories/Geographic scope/Country | /Categories/Languages/English | /Categories/DIEM pillars/Hazard impact assessment,/Categories/Content roles/Interactive application | /Categories/Countries/UKR | /Categories/DIEM pillars/Hazard impact assessment | /Categories/Geographic scope/Country | /Categories/Languages/English,verified
038bb11961d7496299d429bf2fe1bf19,Venezuela - Heavy rains June 2025 - Impact Assessment,PDF,,Other DIEM documents | Impact assessment,VEN,Flood,Primary assessment,Country,English,Hazard impact assessment,high,,,/Categories/Countries/VEN | /Categories/Shock types/Flood | /Categories/Content roles/Primary assessment | /Categories/Geographic scope/Country | /Categories/Languages/English | /Categories/DIEM pillars/Hazard impact assessment,/Categories/Content roles/Primary assessment | /Categories/Countries/VEN | /Categories/DIEM pillars/Hazard impact assessment | /Categories/Geographic scope/Country | /Categories/Languages/English | /Categories/Shock types/Flood,verified
30014443d7864d86ac1de6508d0b5ce6,Vietnam - Multi Sector Assessment (VMSA) Report for Typhoon Yagi Recovery - Impact Report,PDF,,Country report | Impact assessment,VNM,Tropical cyclone and storm,Primary assessment,Country,English,Hazard impact assessment,high,,,/Categories/Countries/VNM | /Categories/Shock types/Tropical cyclone and storm | /Categories/Content roles/Primary assessment | /Categories/Geographic scope/Country | /Categories/Languages/English | /Categories/DIEM pillars/Hazard impact assessment,/Categories/Content roles/Primary assessment | /Categories/Countries/VNM | /Categories/DIEM pillars/Hazard impact assessment | /Categories/Geographic scope/Country | /Categories/Languages/English | /Categories/Shock types/Tropical cyclone and storm,verified
2644e2c38b8f424c86357f574df351e6,Zambia - El Niño July 2024 - Impact Assessment,Document Link,https://openknowledge.fao.org/handle/20.500.14283/cd3216en,Other DIEM documents | Impact assessment,ZMB,Drought and climatic anomaly,Primary assessment,Country,English,Hazard impact assessment,high,,,/Categories/Countries/ZMB | /Categories/Shock types/Drought and climatic anomaly | /Categories/Content roles/Primary assessment | /Categories/Geographic scope/Country | /Categories/Languages/English | /Categories/DIEM pillars/Hazard impact assessment,/Categories/Content roles/Primary assessment | /Categories/Countries/ZMB | /Categories/DIEM pillars/Hazard impact assessment | /Categories/Geographic scope/Country | /Categories/Languages/English | /Categories/Shock types/Drought and climatic anomaly,verified
0fd4cc5072ea439b8f34be9e1a09dafc,Zimbabwe - El Nino 2024 highlights - Impact Assessment,Document Link,https://openknowledge.fao.org/handle/20.500.14283/CD2811EN,Other DIEM documents | Impact assessment,ZWE,Drought and climatic anomaly,Executive summary,Country,English,Hazard impact assessment,high,,,/Categories/Countries/ZWE | /Categories/Shock types/Drought and climatic anomaly | /Categories/Content roles/Executive summary | /Categories/Geographic scope/Country | /Categories/Languages/English | /Categories/DIEM pillars/Hazard impact assessment,/Categories/Content roles/Executive summary | /Categories/Countries/ZWE | /Categories/DIEM pillars/Hazard impact assessment | /Categories/Geographic scope/Country | /Categories/Languages/English | /Categories/Shock types/Drought and climatic anomaly,verified
3a0c786f0b2945b1a53cbf17b7a01ebc,Zimbabwe - Floods in January 2022 - Impact Assessment,PDF,,Impact assessment,ZWE,Flood,Primary assessment,Country,English,Hazard impact assessment,high,,,/Categories/Countries/ZWE | /Categories/Shock types/Flood | /Categories/Content roles/Primary assessment | /Categories/Geographic scope/Country | /Categories/Languages/English | /Categories/DIEM pillars/Hazard impact assessment,/Categories/Content roles/Primary assessment | /Categories/Countries/ZWE | /Categories/DIEM pillars/Hazard impact assessment | /Categories/Geographic scope/Country | /Categories/Languages/English | /Categories/Shock types/Flood,verified
