item_id,title,item_type,countries,survey_rounds,monitoring_product,language,geographic_scope,confidence,review_decision,override_countries,override_monitoring_product,override_language,override_geographic_scope,editor_notes,review_notes,existing_group_categories,proposed_group_categories,verified_group_categories,status
7c40c42ff18e4c3da3e634cf1b40b9d7,Afghanistan - DIEM Monitoring Brief - Round 10,Document Link,AFG,Afghanistan — Round 10,Country brief,English,Country,high,apply,,,,,,,/Categories/Catalog role/Discoverable product | /Categories/Countries/AFG | /Categories/DIEM pillars/Household monitoring system | /Categories/Geographic scope/Country | /Categories/Languages/English | /Categories/Monitoring products/Country brief | /Categories/Product types/Country Briefs,/Categories/Catalog role/Discoverable product | /Categories/Product types/Country Briefs | /Categories/Countries/AFG | /Categories/Monitoring products/Country brief | /Categories/Geographic scope/Country | /Categories/Languages/English | /Categories/DIEM pillars/Household monitoring system,/Categories/Catalog role/Discoverable product | /Categories/Countries/AFG | /Categories/DIEM pillars/Household monitoring system | /Categories/Geographic scope/Country | /Categories/Languages/English | /Categories/Monitoring products/Country brief | /Categories/Product types/Country Briefs,verified
64ed561c0c5e4de581c02c581a1a19e7,Afghanistan - DIEM Monitoring Brief - Round 11,Document Link,AFG,Afghanistan — Round 11,Country brief,English,Country,high,apply,,,,,,,/Categories/Catalog role/Discoverable product | /Categories/Countries/AFG | /Categories/DIEM pillars/Household monitoring system | /Categories/Geographic scope/Country | /Categories/Languages/English | /Categories/Monitoring products/Country brief | /Categories/Product types/Country Briefs,/Categories/Catalog role/Discoverable product | /Categories/Product types/Country Briefs | /Categories/Countries/AFG | /Categories/Monitoring products/Country brief | /Categories/Geographic scope/Country | /Categories/Languages/English | /Categories/DIEM pillars/Household monitoring system,/Categories/Catalog role/Discoverable product | /Categories/Countries/AFG | /Categories/DIEM pillars/Household monitoring system | /Categories/Geographic scope/Country | /Categories/Languages/English | /Categories/Monitoring products/Country brief | /Categories/Product types/Country Briefs,verified
8ad64ddb68d84abdb1bf6d2fbf9f7ab6,Afghanistan - DIEM Monitoring Brief - Round 3,PDF,AFG,Afghanistan — Round 03,Country brief,English,Country,high,apply,,,,,,,/Categories/Catalog role/Discoverable product | /Categories/Countries/AFG | /Categories/DIEM pillars/Household monitoring system | /Categories/Geographic scope/Country | /Categories/Languages/English | /Categories/Monitoring products/Country brief | /Categories/Product types/Country Briefs,/Categories/Catalog role/Discoverable product | /Categories/Product types/Country Briefs | /Categories/Countries/AFG | /Categories/Monitoring products/Country brief | /Categories/Geographic scope/Country | /Categories/Languages/English | /Categories/DIEM pillars/Household monitoring system,/Categories/Catalog role/Discoverable product | /Categories/Countries/AFG | /Categories/DIEM pillars/Household monitoring system | /Categories/Geographic scope/Country | /Categories/Languages/English | /Categories/Monitoring products/Country brief | /Categories/Product types/Country Briefs,verified
91aa30a853a043b1b431d0652592fa1c,Afghanistan - DIEM Monitoring Brief - Round 4,Document Link,AFG,,Country brief,English,Country,medium,apply,,,,,,Not linked from the monitoring round table; inclusion and round require review,/Categories/Catalog role/Discoverable product | /Categories/Countries/AFG | /Categories/Geographic scope/Country | /Categories/Product types/Country Briefs,/Categories/Catalog role/Discoverable product | /Categories/Product types/Country Briefs | /Categories/Countries/AFG | /Categories/Monitoring products/Country brief | /Categories/Geographic scope/Country | /Categories/Languages/English | /Categories/DIEM pillars/Household monitoring system,/Categories/Catalog role/Discoverable product | /Categories/Countries/AFG | /Categories/DIEM pillars/Household monitoring system | /Categories/Geographic scope/Country | /Categories/Languages/English | /Categories/Monitoring products/Country brief | /Categories/Product types/Country Briefs,verified
084e6b4ba8db48aca54b310900b34ce1,Afghanistan - DIEM Monitoring Brief - Round 5,Document Link,AFG,Afghanistan — Round 05,Country brief,English,Country,high,apply,,,,,,,/Categories/Catalog role/Discoverable product | /Categories/Countries/AFG | /Categories/DIEM pillars/Household monitoring system | /Categories/Geographic scope/Country | /Categories/Languages/English | /Categories/Monitoring products/Country brief | /Categories/Product types/Country Briefs,/Categories/Catalog role/Discoverable product | /Categories/Product types/Country Briefs | /Categories/Countries/AFG | /Categories/Monitoring products/Country brief | /Categories/Geographic scope/Country | /Categories/Languages/English | /Categories/DIEM pillars/Household monitoring system,/Categories/Catalog role/Discoverable product | /Categories/Countries/AFG | /Categories/DIEM pillars/Household monitoring system | /Categories/Geographic scope/Country | /Categories/Languages/English | /Categories/Monitoring products/Country brief | /Categories/Product types/Country Briefs,verified
9842b92a4afa4ca089136e85329c3f81,Afghanistan - DIEM Monitoring Brief - Round 6,Document Link,AFG,Afghanistan — Round 06,Country brief,English,Country,high,apply,,,,,,,/Categories/Catalog role/Discoverable product | /Categories/Countries/AFG | /Categories/DIEM pillars/Household monitoring system | /Categories/Geographic scope/Country | /Categories/Languages/English | /Categories/Monitoring products/Country brief | /Categories/Product types/Country Briefs,/Categories/Catalog role/Discoverable product | /Categories/Product types/Country Briefs | /Categories/Countries/AFG | /Categories/Monitoring products/Country brief | /Categories/Geographic scope/Country | /Categories/Languages/English | /Categories/DIEM pillars/Household monitoring system,/Categories/Catalog role/Discoverable product | /Categories/Countries/AFG | /Categories/DIEM pillars/Household monitoring system | /Categories/Geographic scope/Country | /Categories/Languages/English | /Categories/Monitoring products/Country brief | /Categories/Product types/Country Briefs,verified
9f61c44e4c9b4388b4a5790028435857,Afghanistan - DIEM Monitoring Brief - Round 7,Document Link,AFG,Afghanistan — Round 07,Country brief,English,Country,high,apply,,,,,,,/Categories/Catalog role/Discoverable product | /Categories/Countries/AFG | /Categories/DIEM pillars/Household monitoring system | /Categories/Geographic scope/Country | /Categories/Languages/English | /Categories/Monitoring products/Country brief | /Categories/Product types/Country Briefs,/Categories/Catalog role/Discoverable product | /Categories/Product types/Country Briefs | /Categories/Countries/AFG | /Categories/Monitoring products/Country brief | /Categories/Geographic scope/Country | /Categories/Languages/English | /Categories/DIEM pillars/Household monitoring system,/Categories/Catalog role/Discoverable product | /Categories/Countries/AFG | /Categories/DIEM pillars/Household monitoring system | /Categories/Geographic scope/Country | /Categories/Languages/English | /Categories/Monitoring products/Country brief | /Categories/Product types/Country Briefs,verified
2b62adfd1f274478ae56d97e8ad1aca8,Afghanistan - DIEM Monitoring Brief - Round 8,Document Link,AFG,Afghanistan — Round 08,Country brief,English,Country,high,apply,,,,,,,/Categories/Catalog role/Discoverable product | /Categories/Countries/AFG | /Categories/DIEM pillars/Household monitoring system | /Categories/Geographic scope/Country | /Categories/Languages/English | /Categories/Monitoring products/Country brief | /Categories/Product types/Country Briefs,/Categories/Catalog role/Discoverable product | /Categories/Product types/Country Briefs | /Categories/Countries/AFG | /Categories/Monitoring products/Country brief | /Categories/Geographic scope/Country | /Categories/Languages/English | /Categories/DIEM pillars/Household monitoring system,/Categories/Catalog role/Discoverable product | /Categories/Countries/AFG | /Categories/DIEM pillars/Household monitoring system | /Categories/Geographic scope/Country | /Categories/Languages/English | /Categories/Monitoring products/Country brief | /Categories/Product types/Country Briefs,verified
550d0bc3fb4148a495a18b3fa3606d75,Afghanistan - DIEM Monitoring Brief - Round 9,Document Link,AFG,Afghanistan — Round 09,Country brief,English,Country,high,apply,,,,,,,/Categories/Catalog role/Discoverable product | /Categories/Countries/AFG | /Categories/DIEM pillars/Household monitoring system | /Categories/Geographic scope/Country | /Categories/Languages/English | /Categories/Monitoring products/Country brief | /Categories/Product types/Country Briefs,/Categories/Catalog role/Discoverable product | /Categories/Product types/Country Briefs | /Categories/Countries/AFG | /Categories/Monitoring products/Country brief | /Categories/Geographic scope/Country | /Categories/Languages/English | /Categories/DIEM pillars/Household monitoring system,/Categories/Catalog role/Discoverable product | /Categories/Countries/AFG | /Categories/DIEM pillars/Household monitoring system | /Categories/Geographic scope/Country | /Categories/Languages/English | /Categories/Monitoring products/Country brief | /Categories/Product types/Country Briefs,verified
7e5777b77db44d9c956dd01591d12efb,Afghanistan - DIEM Monitoring Presentation - Round 11,Microsoft Powerpoint,AFG,Afghanistan — Round 11,Findings presentation,English,Country,high,apply,,,,,,,/Categories/Catalog role/Discoverable product | /Categories/Countries/AFG | /Categories/DIEM pillars/Household monitoring system | /Categories/Geographic scope/Country | /Categories/Languages/English | /Categories/Monitoring products/Findings presentation | /Categories/Product types/Key Findings Presentations,/Categories/Catalog role/Discoverable product | /Categories/Product types/Key Findings Presentations | /Categories/Countries/AFG | /Categories/Monitoring products/Findings presentation | /Categories/Geographic scope/Country | /Categories/Languages/English | /Categories/DIEM pillars/Household monitoring system,/Categories/Catalog role/Discoverable product | /Categories/Countries/AFG | /Categories/DIEM pillars/Household monitoring system | /Categories/Geographic scope/Country | /Categories/Languages/English | /Categories/Monitoring products/Findings presentation | /Categories/Product types/Key Findings Presentations,verified
05959d90307e4b20a7e5f732cb6ea06a,Afghanistan - DIEM Monitoring Presentation - Round 4,PDF,AFG,Afghanistan — Round 04,Findings presentation,English,Country,medium,apply,,,,,,One item is linked under multiple product types; inferred type requires review,/Categories/Catalog role/Discoverable product | /Categories/Countries/AFG | /Categories/DIEM pillars/Household monitoring system | /Categories/Geographic scope/Country | /Categories/Languages/English | /Categories/Monitoring products/Findings presentation | /Categories/Product types/Key Findings Presentations,/Categories/Catalog role/Discoverable product | /Categories/Product types/Key Findings Presentations | /Categories/Countries/AFG | /Categories/Monitoring products/Findings presentation | /Categories/Geographic scope/Country | /Categories/Languages/English | /Categories/DIEM pillars/Household monitoring system,/Categories/Catalog role/Discoverable product | /Categories/Countries/AFG | /Categories/DIEM pillars/Household monitoring system | /Categories/Geographic scope/Country | /Categories/Languages/English | /Categories/Monitoring products/Findings presentation | /Categories/Product types/Key Findings Presentations,verified
b5a800eededf496ab9212d47adbddd20,Afghanistan - Household Questionnaire - Round 11,Microsoft Excel,AFG,Afghanistan — Round 11,Questionnaire,English,Country,high,apply,,,,,,,/Categories/Catalog role/Discoverable product | /Categories/Countries/AFG | /Categories/DIEM pillars/Household monitoring system | /Categories/Geographic scope/Country | /Categories/Languages/English | /Categories/Monitoring products/Questionnaire | /Categories/Product types/Questionnaires,/Categories/Catalog role/Discoverable product | /Categories/Product types/Questionnaires | /Categories/Countries/AFG | /Categories/Monitoring products/Questionnaire | /Categories/Geographic scope/Country | /Categories/Languages/English | /Categories/DIEM pillars/Household monitoring system,/Categories/Catalog role/Discoverable product | /Categories/Countries/AFG | /Categories/DIEM pillars/Household monitoring system | /Categories/Geographic scope/Country | /Categories/Languages/English | /Categories/Monitoring products/Questionnaire | /Categories/Product types/Questionnaires,verified
743a0290c07645a8ba03afded1507e5b,Afghanistan - Household Questionnaire - Round 12,Microsoft Excel,AFG,Afghanistan — Round 12,Questionnaire,English,Country,high,apply,,,,,,,/Categories/Catalog role/Discoverable product | /Categories/Countries/AFG | /Categories/DIEM pillars/Household monitoring system | /Categories/Geographic scope/Country | /Categories/Languages/English | /Categories/Monitoring products/Questionnaire | /Categories/Product types/Questionnaires,/Categories/Catalog role/Discoverable product | /Categories/Product types/Questionnaires | /Categories/Countries/AFG | /Categories/Monitoring products/Questionnaire | /Categories/Geographic scope/Country | /Categories/Languages/English | /Categories/DIEM pillars/Household monitoring system,/Categories/Catalog role/Discoverable product | /Categories/Countries/AFG | /Categories/DIEM pillars/Household monitoring system | /Categories/Geographic scope/Country | /Categories/Languages/English | /Categories/Monitoring products/Questionnaire | /Categories/Product types/Questionnaires,verified
e7a1f84d16f944c89ce56e7c4cf11c6b,Afghanistan - Household Questionnaire - Round 4,Microsoft Excel,AFG,Afghanistan — Round 04,Questionnaire,English,Country,high,apply,,,,,,,/Categories/Catalog role/Discoverable product | /Categories/Countries/AFG | /Categories/DIEM pillars/Household monitoring system | /Categories/Geographic scope/Country | /Categories/Languages/English | /Categories/Monitoring products/Questionnaire | /Categories/Product types/Questionnaires,/Categories/Catalog role/Discoverable product | /Categories/Product types/Questionnaires | /Categories/Countries/AFG | /Categories/Monitoring products/Questionnaire | /Categories/Geographic scope/Country | /Categories/Languages/English | /Categories/DIEM pillars/Household monitoring system,/Categories/Catalog role/Discoverable product | /Categories/Countries/AFG | /Categories/DIEM pillars/Household monitoring system | /Categories/Geographic scope/Country | /Categories/Languages/English | /Categories/Monitoring products/Questionnaire | /Categories/Product types/Questionnaires,verified
7f90b32249854c63bb690582be6a29b2,Afghanistan - Household Questionnaire - Round 5,Microsoft Excel,AFG,Afghanistan — Round 05,Questionnaire,English,Country,high,apply,,,,,,,/Categories/Catalog role/Discoverable product | /Categories/Countries/AFG | /Categories/DIEM pillars/Household monitoring system | /Categories/Geographic scope/Country | /Categories/Languages/English | /Categories/Monitoring products/Questionnaire | /Categories/Product types/Questionnaires,/Categories/Catalog role/Discoverable product | /Categories/Product types/Questionnaires | /Categories/Countries/AFG | /Categories/Monitoring products/Questionnaire | /Categories/Geographic scope/Country | /Categories/Languages/English | /Categories/DIEM pillars/Household monitoring system,/Categories/Catalog role/Discoverable product | /Categories/Countries/AFG | /Categories/DIEM pillars/Household monitoring system | /Categories/Geographic scope/Country | /Categories/Languages/English | /Categories/Monitoring products/Questionnaire | /Categories/Product types/Questionnaires,verified
eed2e8f4b97b41608677dd0325d25af8,Afghanistan - Household Questionnaire - Round 6,Microsoft Excel,AFG,Afghanistan — Round 06,Questionnaire,English,Country,high,apply,,,,,,,/Categories/Catalog role/Discoverable product | /Categories/Countries/AFG | /Categories/DIEM pillars/Household monitoring system | /Categories/Geographic scope/Country | /Categories/Languages/English | /Categories/Monitoring products/Questionnaire | /Categories/Product types/Questionnaires,/Categories/Catalog role/Discoverable product | /Categories/Product types/Questionnaires | /Categories/Countries/AFG | /Categories/Monitoring products/Questionnaire | /Categories/Geographic scope/Country | /Categories/Languages/English | /Categories/DIEM pillars/Household monitoring system,/Categories/Catalog role/Discoverable product | /Categories/Countries/AFG | /Categories/DIEM pillars/Household monitoring system | /Categories/Geographic scope/Country | /Categories/Languages/English | /Categories/Monitoring products/Questionnaire | /Categories/Product types/Questionnaires,verified
c877d8caa9614615b2602b4341c114cf,Afghanistan - Household Questionnaire - Round 7,Microsoft Excel,AFG,Afghanistan — Round 07,Questionnaire,English,Country,high,apply,,,,,,,/Categories/Catalog role/Discoverable product | /Categories/Countries/AFG | /Categories/DIEM pillars/Household monitoring system | /Categories/Geographic scope/Country | /Categories/Languages/English | /Categories/Monitoring products/Questionnaire | /Categories/Product types/Questionnaires,/Categories/Catalog role/Discoverable product | /Categories/Product types/Questionnaires | /Categories/Countries/AFG | /Categories/Monitoring products/Questionnaire | /Categories/Geographic scope/Country | /Categories/Languages/English | /Categories/DIEM pillars/Household monitoring system,/Categories/Catalog role/Discoverable product | /Categories/Countries/AFG | /Categories/DIEM pillars/Household monitoring system | /Categories/Geographic scope/Country | /Categories/Languages/English | /Categories/Monitoring products/Questionnaire | /Categories/Product types/Questionnaires,verified
ea13608438a944d18a5298dadd871dc9,Afghanistan - Household Questionnaire - Round 8,Microsoft Excel,AFG,Afghanistan — Round 08,Questionnaire,English,Country,high,apply,,,,,,,/Categories/Catalog role/Discoverable product | /Categories/Countries/AFG | /Categories/DIEM pillars/Household monitoring system | /Categories/Geographic scope/Country | /Categories/Languages/English | /Categories/Monitoring products/Questionnaire | /Categories/Product types/Questionnaires,/Categories/Catalog role/Discoverable product | /Categories/Product types/Questionnaires | /Categories/Countries/AFG | /Categories/Monitoring products/Questionnaire | /Categories/Geographic scope/Country | /Categories/Languages/English | /Categories/DIEM pillars/Household monitoring system,/Categories/Catalog role/Discoverable product | /Categories/Countries/AFG | /Categories/DIEM pillars/Household monitoring system | /Categories/Geographic scope/Country | /Categories/Languages/English | /Categories/Monitoring products/Questionnaire | /Categories/Product types/Questionnaires,verified
665509ded5174edfb2351fabfb5c52f1,AFGHANISTAN - Household Questionnaire - Round1,Microsoft Excel,AFG,,Questionnaire,English,Country,medium,apply,,,,,,Not linked from the monitoring round table; inclusion and round require review,/Categories/Catalog role/Discoverable product | /Categories/Countries/AFG | /Categories/DIEM pillars/Household monitoring system | /Categories/Geographic scope/Country | /Categories/Languages/English | /Categories/Monitoring products/Questionnaire | /Categories/Product types/Questionnaires,/Categories/Catalog role/Discoverable product | /Categories/Product types/Questionnaires | /Categories/Countries/AFG | /Categories/Monitoring products/Questionnaire | /Categories/Geographic scope/Country | /Categories/Languages/English | /Categories/DIEM pillars/Household monitoring system,/Categories/Catalog role/Discoverable product | /Categories/Countries/AFG | /Categories/DIEM pillars/Household monitoring system | /Categories/Geographic scope/Country | /Categories/Languages/English | /Categories/Monitoring products/Questionnaire | /Categories/Product types/Questionnaires,verified
9b09301e0a814e0997d2040c8d358b8d,Afghanistan - Household Questionnaire - Round10,Microsoft Excel,AFG,Afghanistan — Round 10,Questionnaire,French,Country,high,apply,,,,,,,/Categories/Catalog role/Discoverable product | /Categories/Countries/AFG | /Categories/DIEM pillars/Household monitoring system | /Categories/Geographic scope/Country | /Categories/Languages/French | /Categories/Monitoring products/Questionnaire | /Categories/Product types/Questionnaires,/Categories/Catalog role/Discoverable product | /Categories/Product types/Questionnaires | /Categories/Countries/AFG | /Categories/Monitoring products/Questionnaire | /Categories/Geographic scope/Country | /Categories/Languages/French | /Categories/DIEM pillars/Household monitoring system,/Categories/Catalog role/Discoverable product | /Categories/Countries/AFG | /Categories/DIEM pillars/Household monitoring system | /Categories/Geographic scope/Country | /Categories/Languages/French | /Categories/Monitoring products/Questionnaire | /Categories/Product types/Questionnaires,verified
ab00d3d78d7147d7b229db4f852cac2b,AFGHANISTAN - Household Questionnaire - Round3,Microsoft Excel,AFG,Afghanistan — Round 03,Questionnaire,English,Country,high,apply,,,,,,,/Categories/Catalog role/Discoverable product | /Categories/Countries/AFG | /Categories/DIEM pillars/Household monitoring system | /Categories/Geographic scope/Country | /Categories/Languages/English | /Categories/Monitoring products/Questionnaire | /Categories/Product types/Questionnaires,/Categories/Catalog role/Discoverable product | /Categories/Product types/Questionnaires | /Categories/Countries/AFG | /Categories/Monitoring products/Questionnaire | /Categories/Geographic scope/Country | /Categories/Languages/English | /Categories/DIEM pillars/Household monitoring system,/Categories/Catalog role/Discoverable product | /Categories/Countries/AFG | /Categories/DIEM pillars/Household monitoring system | /Categories/Geographic scope/Country | /Categories/Languages/English | /Categories/Monitoring products/Questionnaire | /Categories/Product types/Questionnaires,verified
bf54747044d54b6298d4c62a82c98054,Afghanistan - Household Questionnaire - Round9,Microsoft Excel,AFG,Afghanistan — Round 09,Questionnaire,English,Country,high,apply,,,,,,,/Categories/Catalog role/Discoverable product | /Categories/Countries/AFG | /Categories/DIEM pillars/Household monitoring system | /Categories/Geographic scope/Country | /Categories/Languages/English | /Categories/Monitoring products/Questionnaire | /Categories/Product types/Questionnaires,/Categories/Catalog role/Discoverable product | /Categories/Product types/Questionnaires | /Categories/Countries/AFG | /Categories/Monitoring products/Questionnaire | /Categories/Geographic scope/Country | /Categories/Languages/English | /Categories/DIEM pillars/Household monitoring system,/Categories/Catalog role/Discoverable product | /Categories/Countries/AFG | /Categories/DIEM pillars/Household monitoring system | /Categories/Geographic scope/Country | /Categories/Languages/English | /Categories/Monitoring products/Questionnaire | /Categories/Product types/Questionnaires,verified
3eb72acf610f4435ae10bc6abda22bf4,Afghanistan - Presentation - Round 1,PDF,AFG,,Findings presentation,English,Country,medium,apply,,,,,,Not linked from the monitoring round table; inclusion and round require review,/Categories/Catalog role/Discoverable product,/Categories/Catalog role/Discoverable product | /Categories/Countries/AFG | /Categories/Monitoring products/Findings presentation | /Categories/Geographic scope/Country | /Categories/Languages/English | /Categories/DIEM pillars/Household monitoring system,/Categories/Catalog role/Discoverable product | /Categories/Countries/AFG | /Categories/DIEM pillars/Household monitoring system | /Categories/Geographic scope/Country | /Categories/Languages/English | /Categories/Monitoring products/Findings presentation,verified
0fd1661a9b2847b5904f017b32bc7309,Afghanistan - Presentation - Round 10,Microsoft Powerpoint,AFG,Afghanistan — Round 10,Findings presentation,English,Country,high,apply,,,,,,,/Categories/Catalog role/Discoverable product | /Categories/Countries/AFG | /Categories/DIEM pillars/Household monitoring system | /Categories/Geographic scope/Country | /Categories/Languages/English | /Categories/Monitoring products/Findings presentation | /Categories/Product types/Key Findings Presentations,/Categories/Catalog role/Discoverable product | /Categories/Product types/Key Findings Presentations | /Categories/Countries/AFG | /Categories/Monitoring products/Findings presentation | /Categories/Geographic scope/Country | /Categories/Languages/English | /Categories/DIEM pillars/Household monitoring system,/Categories/Catalog role/Discoverable product | /Categories/Countries/AFG | /Categories/DIEM pillars/Household monitoring system | /Categories/Geographic scope/Country | /Categories/Languages/English | /Categories/Monitoring products/Findings presentation | /Categories/Product types/Key Findings Presentations,verified
82280e5f8a18497d9b68ee849a8af40c,Afghanistan - Presentation - Round 3,PDF,AFG,Afghanistan — Round 03,Findings presentation,English,Country,high,apply,,,,,,,/Categories/Catalog role/Discoverable product | /Categories/Countries/AFG | /Categories/DIEM pillars/Household monitoring system | /Categories/Geographic scope/Country | /Categories/Languages/English | /Categories/Monitoring products/Findings presentation | /Categories/Product types/Key Findings Presentations,/Categories/Catalog role/Discoverable product | /Categories/Product types/Key Findings Presentations | /Categories/Countries/AFG | /Categories/Monitoring products/Findings presentation | /Categories/Geographic scope/Country | /Categories/Languages/English | /Categories/DIEM pillars/Household monitoring system,/Categories/Catalog role/Discoverable product | /Categories/Countries/AFG | /Categories/DIEM pillars/Household monitoring system | /Categories/Geographic scope/Country | /Categories/Languages/English | /Categories/Monitoring products/Findings presentation | /Categories/Product types/Key Findings Presentations,verified
5921932d744746d581d987eb763cfd5f,Afghanistan - Presentation - Round 5,PDF,AFG,Afghanistan — Round 05,Findings presentation,English,Country,high,apply,,,,,,,/Categories/Catalog role/Discoverable product | /Categories/Countries/AFG | /Categories/DIEM pillars/Household monitoring system | /Categories/Geographic scope/Country | /Categories/Languages/English | /Categories/Monitoring products/Findings presentation | /Categories/Product types/Key Findings Presentations,/Categories/Catalog role/Discoverable product | /Categories/Product types/Key Findings Presentations | /Categories/Countries/AFG | /Categories/Monitoring products/Findings presentation | /Categories/Geographic scope/Country | /Categories/Languages/English | /Categories/DIEM pillars/Household monitoring system,/Categories/Catalog role/Discoverable product | /Categories/Countries/AFG | /Categories/DIEM pillars/Household monitoring system | /Categories/Geographic scope/Country | /Categories/Languages/English | /Categories/Monitoring products/Findings presentation | /Categories/Product types/Key Findings Presentations,verified
c617533a7cd64b0dacfd4c221abfcdf2,Afghanistan - Presentation - Round 6,PDF,AFG,Afghanistan — Round 06,Findings presentation,English,Country,high,apply,,,,,,,/Categories/Catalog role/Discoverable product | /Categories/Countries/AFG | /Categories/DIEM pillars/Household monitoring system | /Categories/Geographic scope/Country | /Categories/Languages/English | /Categories/Monitoring products/Findings presentation | /Categories/Product types/Key Findings Presentations,/Categories/Catalog role/Discoverable product | /Categories/Product types/Key Findings Presentations | /Categories/Countries/AFG | /Categories/Monitoring products/Findings presentation | /Categories/Geographic scope/Country | /Categories/Languages/English | /Categories/DIEM pillars/Household monitoring system,/Categories/Catalog role/Discoverable product | /Categories/Countries/AFG | /Categories/DIEM pillars/Household monitoring system | /Categories/Geographic scope/Country | /Categories/Languages/English | /Categories/Monitoring products/Findings presentation | /Categories/Product types/Key Findings Presentations,verified
4a2760858cd64241867893e91f872a48,Afghanistan - Report - Round 1,PDF,AFG,,Report,English,Country,medium,apply,,,,,,Not linked from the monitoring round table; inclusion and round require review,/Categories/Catalog role/Discoverable product,/Categories/Catalog role/Discoverable product | /Categories/Countries/AFG | /Categories/Monitoring products/Report | /Categories/Geographic scope/Country | /Categories/Languages/English | /Categories/DIEM pillars/Household monitoring system,/Categories/Catalog role/Discoverable product | /Categories/Countries/AFG | /Categories/DIEM pillars/Household monitoring system | /Categories/Geographic scope/Country | /Categories/Languages/English | /Categories/Monitoring products/Report,verified
c64423390f2a4df8a4bd13c1305d96fc,Bangladesh - DIEM Monitoring Brief - Round 10,Document Link,BGD,Bangladesh — Round 10,Country brief,English,Country,high,apply,,,,,,,/Categories/Catalog role/Discoverable product | /Categories/Countries/BGD | /Categories/DIEM pillars/Household monitoring system | /Categories/Geographic scope/Country | /Categories/Languages/English | /Categories/Monitoring products/Country brief | /Categories/Product types/Country Briefs,/Categories/Catalog role/Discoverable product | /Categories/Product types/Country Briefs | /Categories/Countries/BGD | /Categories/Monitoring products/Country brief | /Categories/Geographic scope/Country | /Categories/Languages/English | /Categories/DIEM pillars/Household monitoring system,/Categories/Catalog role/Discoverable product | /Categories/Countries/BGD | /Categories/DIEM pillars/Household monitoring system | /Categories/Geographic scope/Country | /Categories/Languages/English | /Categories/Monitoring products/Country brief | /Categories/Product types/Country Briefs,verified
df3ffdc7b28540b6a4373530061a7972,Bangladesh  - DIEM Monitoring Brief - Round 11,Document Link,BGD,Bangladesh — Round 11,Country brief,English,Country,high,apply,,,,,,,/Categories/Catalog role/Discoverable product | /Categories/Countries/BGD | /Categories/DIEM pillars/Household monitoring system | /Categories/Geographic scope/Country | /Categories/Languages/English | /Categories/Monitoring products/Country brief | /Categories/Product types/Country Briefs,/Categories/Catalog role/Discoverable product | /Categories/Product types/Country Briefs | /Categories/Countries/BGD | /Categories/Monitoring products/Country brief | /Categories/Geographic scope/Country | /Categories/Languages/English | /Categories/DIEM pillars/Household monitoring system,/Categories/Catalog role/Discoverable product | /Categories/Countries/BGD | /Categories/DIEM pillars/Household monitoring system | /Categories/Geographic scope/Country | /Categories/Languages/English | /Categories/Monitoring products/Country brief | /Categories/Product types/Country Briefs,verified
e6ff6dd292f545f3a06a955f6543706d,Bangladesh - DIEM Monitoring Brief - Round 12,Document Link,BGD,Bangladesh — Round 12,Country brief,English,Country,high,apply,,,,,,,/Categories/Catalog role/Discoverable product | /Categories/Countries/BGD | /Categories/DIEM pillars/Household monitoring system | /Categories/Geographic scope/Country | /Categories/Languages/English | /Categories/Monitoring products/Country brief | /Categories/Product types/Country Briefs,/Categories/Catalog role/Discoverable product | /Categories/Product types/Country Briefs | /Categories/Countries/BGD | /Categories/Monitoring products/Country brief | /Categories/Geographic scope/Country | /Categories/Languages/English | /Categories/DIEM pillars/Household monitoring system,/Categories/Catalog role/Discoverable product | /Categories/Countries/BGD | /Categories/DIEM pillars/Household monitoring system | /Categories/Geographic scope/Country | /Categories/Languages/English | /Categories/Monitoring products/Country brief | /Categories/Product types/Country Briefs,verified
f9080cb355be443f887a682c2cb2068a,Bangladesh - DIEM Monitoring Brief - Round 14,Document Link,BGD,Bangladesh — Round 14,Country brief,English,Country,high,apply,,,,,,,/Categories/Catalog role/Discoverable product | /Categories/Countries/BGD | /Categories/DIEM pillars/Household monitoring system | /Categories/Languages/English | /Categories/Monitoring products/Country brief | /Categories/Product types/Country Briefs,/Categories/Catalog role/Discoverable product | /Categories/Product types/Country Briefs | /Categories/Countries/BGD | /Categories/Monitoring products/Country brief | /Categories/Geographic scope/Country | /Categories/Languages/English | /Categories/DIEM pillars/Household monitoring system,/Categories/Catalog role/Discoverable product | /Categories/Countries/BGD | /Categories/DIEM pillars/Household monitoring system | /Categories/Geographic scope/Country | /Categories/Languages/English | /Categories/Monitoring products/Country brief | /Categories/Product types/Country Briefs,verified
332139d7a3314e989d82f9bf905fff96,Bangladesh - DIEM Monitoring Brief - Round 4,PDF,BGD,Bangladesh — Round 04,Country brief,English,Country,high,apply,,,,,,,/Categories/Catalog role/Discoverable product | /Categories/Countries/BGD | /Categories/DIEM pillars/Household monitoring system | /Categories/Geographic scope/Country | /Categories/Languages/English | /Categories/Monitoring products/Country brief | /Categories/Product types/Country Briefs,/Categories/Catalog role/Discoverable product | /Categories/Product types/Country Briefs | /Categories/Countries/BGD | /Categories/Monitoring products/Country brief | /Categories/Geographic scope/Country | /Categories/Languages/English | /Categories/DIEM pillars/Household monitoring system,/Categories/Catalog role/Discoverable product | /Categories/Countries/BGD | /Categories/DIEM pillars/Household monitoring system | /Categories/Geographic scope/Country | /Categories/Languages/English | /Categories/Monitoring products/Country brief | /Categories/Product types/Country Briefs,verified
2e6d6b3b652348e8881edf6c1705cc63,Bangladesh - DIEM Monitoring Brief - Round 5,Document Link,BGD,,Country brief,English,Country,medium,apply,,,,,,Not linked from the monitoring round table; inclusion and round require review,/Categories/Catalog role/Discoverable product | /Categories/Countries/BGD | /Categories/Geographic scope/Country | /Categories/Product types/Country Briefs,/Categories/Catalog role/Discoverable product | /Categories/Product types/Country Briefs | /Categories/Countries/BGD | /Categories/Monitoring products/Country brief | /Categories/Geographic scope/Country | /Categories/Languages/English | /Categories/DIEM pillars/Household monitoring system,/Categories/Catalog role/Discoverable product | /Categories/Countries/BGD | /Categories/DIEM pillars/Household monitoring system | /Categories/Geographic scope/Country | /Categories/Languages/English | /Categories/Monitoring products/Country brief | /Categories/Product types/Country Briefs,verified
e6e3b17e36d54d90aae07c98e0a32f96,Bangladesh - DIEM Monitoring Brief - Round 5,Document Link,BGD,Bangladesh — Round 05,Country brief,English,Country,high,apply,,,,,,,/Categories/Catalog role/Discoverable product | /Categories/Countries/BGD | /Categories/DIEM pillars/Household monitoring system | /Categories/Geographic scope/Country | /Categories/Languages/English | /Categories/Monitoring products/Country brief | /Categories/Product types/Country Briefs,/Categories/Catalog role/Discoverable product | /Categories/Product types/Country Briefs | /Categories/Countries/BGD | /Categories/Monitoring products/Country brief | /Categories/Geographic scope/Country | /Categories/Languages/English | /Categories/DIEM pillars/Household monitoring system,/Categories/Catalog role/Discoverable product | /Categories/Countries/BGD | /Categories/DIEM pillars/Household monitoring system | /Categories/Geographic scope/Country | /Categories/Languages/English | /Categories/Monitoring products/Country brief | /Categories/Product types/Country Briefs,verified
4eb9a1a6b242409ab98e0d4d053cabe9,Bangladesh - DIEM Monitoring Brief - Round 6,Document Link,BGD,Bangladesh — Round 06,Country brief,English,Country,high,apply,,,,,,,/Categories/Catalog role/Discoverable product | /Categories/Countries/BGD | /Categories/DIEM pillars/Household monitoring system | /Categories/Geographic scope/Country | /Categories/Languages/English | /Categories/Monitoring products/Country brief | /Categories/Product types/Country Briefs,/Categories/Catalog role/Discoverable product | /Categories/Product types/Country Briefs | /Categories/Countries/BGD | /Categories/Monitoring products/Country brief | /Categories/Geographic scope/Country | /Categories/Languages/English | /Categories/DIEM pillars/Household monitoring system,/Categories/Catalog role/Discoverable product | /Categories/Countries/BGD | /Categories/DIEM pillars/Household monitoring system | /Categories/Geographic scope/Country | /Categories/Languages/English | /Categories/Monitoring products/Country brief | /Categories/Product types/Country Briefs,verified
5fb40c29b9604e6cbfdd4ae0fd5ae490,Bangladesh - DIEM  Monitoring Brief - Round 7,Document Link,BGD,Bangladesh — Round 07,Country brief,English,Country,high,apply,,,,,,,/Categories/Catalog role/Discoverable product | /Categories/Countries/BGD | /Categories/DIEM pillars/Household monitoring system | /Categories/Geographic scope/Country | /Categories/Languages/English | /Categories/Monitoring products/Country brief | /Categories/Product types/Country Briefs,/Categories/Catalog role/Discoverable product | /Categories/Product types/Country Briefs | /Categories/Countries/BGD | /Categories/Monitoring products/Country brief | /Categories/Geographic scope/Country | /Categories/Languages/English | /Categories/DIEM pillars/Household monitoring system,/Categories/Catalog role/Discoverable product | /Categories/Countries/BGD | /Categories/DIEM pillars/Household monitoring system | /Categories/Geographic scope/Country | /Categories/Languages/English | /Categories/Monitoring products/Country brief | /Categories/Product types/Country Briefs,verified
043f51b6b67d446d8998fa25fc313148,Bangladesh - DIEM Monitoring Brief - Round 9,Document Link,BGD,Bangladesh — Round 09,Country brief,English,Country,high,apply,,,,,,,/Categories/Catalog role/Discoverable product | /Categories/Countries/BGD | /Categories/DIEM pillars/Household monitoring system | /Categories/Geographic scope/Country | /Categories/Languages/English | /Categories/Monitoring products/Country brief | /Categories/Product types/Country Briefs,/Categories/Catalog role/Discoverable product | /Categories/Product types/Country Briefs | /Categories/Countries/BGD | /Categories/Monitoring products/Country brief | /Categories/Geographic scope/Country | /Categories/Languages/English | /Categories/DIEM pillars/Household monitoring system,/Categories/Catalog role/Discoverable product | /Categories/Countries/BGD | /Categories/DIEM pillars/Household monitoring system | /Categories/Geographic scope/Country | /Categories/Languages/English | /Categories/Monitoring products/Country brief | /Categories/Product types/Country Briefs,verified
f620b9579bda49c38caf9b9a4bdf4954,Bangladesh - Household Questionnaire - Round 13,Microsoft Excel,BGD,Bangladesh — Round 13,Questionnaire,English,Country,high,apply,,,,,,,/Categories/Catalog role/Discoverable product | /Categories/Countries/BGD | /Categories/DIEM pillars/Household monitoring system | /Categories/Geographic scope/Country | /Categories/Languages/English | /Categories/Monitoring products/Questionnaire | /Categories/Product types/Questionnaires,/Categories/Catalog role/Discoverable product | /Categories/Product types/Questionnaires | /Categories/Countries/BGD | /Categories/Monitoring products/Questionnaire | /Categories/Geographic scope/Country | /Categories/Languages/English | /Categories/DIEM pillars/Household monitoring system,/Categories/Catalog role/Discoverable product | /Categories/Countries/BGD | /Categories/DIEM pillars/Household monitoring system | /Categories/Geographic scope/Country | /Categories/Languages/English | /Categories/Monitoring products/Questionnaire | /Categories/Product types/Questionnaires,verified
b4cecf2829a341739a00fcaa4db9dd75,Bangladesh - Household Questionnaire - Round 4,Microsoft Excel,BGD,Bangladesh — Round 04,Questionnaire,English,Country,high,apply,,,,,,,/Categories/Catalog role/Discoverable product | /Categories/Countries/BGD | /Categories/DIEM pillars/Household monitoring system | /Categories/Geographic scope/Country | /Categories/Languages/English | /Categories/Monitoring products/Questionnaire | /Categories/Product types/Questionnaires,/Categories/Catalog role/Discoverable product | /Categories/Product types/Questionnaires | /Categories/Countries/BGD | /Categories/Monitoring products/Questionnaire | /Categories/Geographic scope/Country | /Categories/Languages/English | /Categories/DIEM pillars/Household monitoring system,/Categories/Catalog role/Discoverable product | /Categories/Countries/BGD | /Categories/DIEM pillars/Household monitoring system | /Categories/Geographic scope/Country | /Categories/Languages/English | /Categories/Monitoring products/Questionnaire | /Categories/Product types/Questionnaires,verified
9cd9e4695dd24ac3bb0dad222d495721,Bangladesh - Household Questionnaire - Round 7,Microsoft Excel,BGD,Bangladesh — Round 07,Questionnaire,English,Country,high,apply,,,,,,,/Categories/Catalog role/Discoverable product | /Categories/Countries/BGD | /Categories/DIEM pillars/Household monitoring system | /Categories/Geographic scope/Country | /Categories/Languages/English | /Categories/Monitoring products/Questionnaire | /Categories/Product types/Questionnaires,/Categories/Catalog role/Discoverable product | /Categories/Product types/Questionnaires | /Categories/Countries/BGD | /Categories/Monitoring products/Questionnaire | /Categories/Geographic scope/Country | /Categories/Languages/English | /Categories/DIEM pillars/Household monitoring system,/Categories/Catalog role/Discoverable product | /Categories/Countries/BGD | /Categories/DIEM pillars/Household monitoring system | /Categories/Geographic scope/Country | /Categories/Languages/English | /Categories/Monitoring products/Questionnaire | /Categories/Product types/Questionnaires,verified
c9426e1507ff4e3eb8542ed828f089b8,Bangladesh - Household Questionnaire - Round 8,Microsoft Excel,BGD,Bangladesh — Round 08,Questionnaire,English,Country,high,apply,,,,,,,/Categories/Catalog role/Discoverable product | /Categories/Countries/BGD | /Categories/DIEM pillars/Household monitoring system | /Categories/Geographic scope/Country | /Categories/Languages/English | /Categories/Monitoring products/Questionnaire | /Categories/Product types/Questionnaires,/Categories/Catalog role/Discoverable product | /Categories/Product types/Questionnaires | /Categories/Countries/BGD | /Categories/Monitoring products/Questionnaire | /Categories/Geographic scope/Country | /Categories/Languages/English | /Categories/DIEM pillars/Household monitoring system,/Categories/Catalog role/Discoverable product | /Categories/Countries/BGD | /Categories/DIEM pillars/Household monitoring system | /Categories/Geographic scope/Country | /Categories/Languages/English | /Categories/Monitoring products/Questionnaire | /Categories/Product types/Questionnaires,verified
05eccd46e2e8439394d6d6d8b2190ca0,Bangladesh - Household Questionnaire - Round 9,Microsoft Excel,BGD,Bangladesh — Round 09,Questionnaire,English,Country,high,apply,,,,,,,/Categories/Catalog role/Discoverable product | /Categories/Countries/BGD | /Categories/DIEM pillars/Household monitoring system | /Categories/Geographic scope/Country | /Categories/Languages/English | /Categories/Monitoring products/Questionnaire | /Categories/Product types/Questionnaires,/Categories/Catalog role/Discoverable product | /Categories/Product types/Questionnaires | /Categories/Countries/BGD | /Categories/Monitoring products/Questionnaire | /Categories/Geographic scope/Country | /Categories/Languages/English | /Categories/DIEM pillars/Household monitoring system,/Categories/Catalog role/Discoverable product | /Categories/Countries/BGD | /Categories/DIEM pillars/Household monitoring system | /Categories/Geographic scope/Country | /Categories/Languages/English | /Categories/Monitoring products/Questionnaire | /Categories/Product types/Questionnaires,verified
53d59ce1fe134e06b7b2655c1bcda3a0,Bangladesh - Household Questionnaire - Round10,Microsoft Excel,BGD,Bangladesh — Round 10,Questionnaire,French,Country,high,apply,,,,,,,/Categories/Catalog role/Discoverable product | /Categories/Countries/BGD | /Categories/DIEM pillars/Household monitoring system | /Categories/Geographic scope/Country | /Categories/Languages/French | /Categories/Monitoring products/Questionnaire | /Categories/Product types/Questionnaires,/Categories/Catalog role/Discoverable product | /Categories/Product types/Questionnaires | /Categories/Countries/BGD | /Categories/Monitoring products/Questionnaire | /Categories/Geographic scope/Country | /Categories/Languages/French | /Categories/DIEM pillars/Household monitoring system,/Categories/Catalog role/Discoverable product | /Categories/Countries/BGD | /Categories/DIEM pillars/Household monitoring system | /Categories/Geographic scope/Country | /Categories/Languages/French | /Categories/Monitoring products/Questionnaire | /Categories/Product types/Questionnaires,verified
29505fb7d1064d6bbad9127105381872,Bangladesh - Household Questionnaire - Round11,Microsoft Excel,BGD,Bangladesh — Round 11,Questionnaire,French,Country,high,apply,,,,,,,/Categories/Catalog role/Discoverable product | /Categories/Countries/BGD | /Categories/DIEM pillars/Household monitoring system | /Categories/Geographic scope/Country | /Categories/Languages/French | /Categories/Monitoring products/Questionnaire | /Categories/Product types/Questionnaires,/Categories/Catalog role/Discoverable product | /Categories/Product types/Questionnaires | /Categories/Countries/BGD | /Categories/Monitoring products/Questionnaire | /Categories/Geographic scope/Country | /Categories/Languages/French | /Categories/DIEM pillars/Household monitoring system,/Categories/Catalog role/Discoverable product | /Categories/Countries/BGD | /Categories/DIEM pillars/Household monitoring system | /Categories/Geographic scope/Country | /Categories/Languages/French | /Categories/Monitoring products/Questionnaire | /Categories/Product types/Questionnaires,verified
af38f784783a4874be69132bca2b15eb,Bangladesh - Household Questionnaire - Round12,Microsoft Excel,BGD,Bangladesh — Round 12,Questionnaire,English,Country,high,apply,,,,,,,/Categories/Catalog role/Discoverable product | /Categories/Countries/BGD | /Categories/DIEM pillars/Household monitoring system | /Categories/Geographic scope/Country | /Categories/Languages/English | /Categories/Monitoring products/Questionnaire | /Categories/Product types/Questionnaires,/Categories/Catalog role/Discoverable product | /Categories/Product types/Questionnaires | /Categories/Countries/BGD | /Categories/Monitoring products/Questionnaire | /Categories/Geographic scope/Country | /Categories/Languages/English | /Categories/DIEM pillars/Household monitoring system,/Categories/Catalog role/Discoverable product | /Categories/Countries/BGD | /Categories/DIEM pillars/Household monitoring system | /Categories/Geographic scope/Country | /Categories/Languages/English | /Categories/Monitoring products/Questionnaire | /Categories/Product types/Questionnaires,verified
fb234e98b4154abe9f19467e6ba653eb,Bangladesh - Household Questionnaire - Round5,Microsoft Excel,BGD,Bangladesh — Round 05,Questionnaire,English,Country,high,apply,,,,,,,/Categories/Catalog role/Discoverable product | /Categories/Countries/BGD | /Categories/DIEM pillars/Household monitoring system | /Categories/Geographic scope/Country | /Categories/Languages/English | /Categories/Monitoring products/Questionnaire | /Categories/Product types/Questionnaires,/Categories/Catalog role/Discoverable product | /Categories/Product types/Questionnaires | /Categories/Countries/BGD | /Categories/Monitoring products/Questionnaire | /Categories/Geographic scope/Country | /Categories/Languages/English | /Categories/DIEM pillars/Household monitoring system,/Categories/Catalog role/Discoverable product | /Categories/Countries/BGD | /Categories/DIEM pillars/Household monitoring system | /Categories/Geographic scope/Country | /Categories/Languages/English | /Categories/Monitoring products/Questionnaire | /Categories/Product types/Questionnaires,verified
10187cf5a9764ef982f799fb6d499dce,Bangladesh - Household Questionnaire - Round6,Microsoft Excel,BGD,Bangladesh — Round 06,Questionnaire,English,Country,high,apply,,,,,,,/Categories/Catalog role/Discoverable product | /Categories/Countries/BGD | /Categories/DIEM pillars/Household monitoring system | /Categories/Geographic scope/Country | /Categories/Languages/English | /Categories/Monitoring products/Questionnaire | /Categories/Product types/Questionnaires,/Categories/Catalog role/Discoverable product | /Categories/Product types/Questionnaires | /Categories/Countries/BGD | /Categories/Monitoring products/Questionnaire | /Categories/Geographic scope/Country | /Categories/Languages/English | /Categories/DIEM pillars/Household monitoring system,/Categories/Catalog role/Discoverable product | /Categories/Countries/BGD | /Categories/DIEM pillars/Household monitoring system | /Categories/Geographic scope/Country | /Categories/Languages/English | /Categories/Monitoring products/Questionnaire | /Categories/Product types/Questionnaires,verified
1abc100e33f548e289d692e8eef93dda,Bangladesh - Presentation - Round 14,Microsoft Powerpoint,BGD,Bangladesh — Round 14,Findings presentation,English,Country,high,apply,,,,,,,/Categories/Catalog role/Discoverable product | /Categories/Countries/BGD | /Categories/DIEM pillars/Household monitoring system | /Categories/Geographic scope/Country | /Categories/Languages/English | /Categories/Monitoring products/Findings presentation | /Categories/Product types/Key Findings Presentations,/Categories/Catalog role/Discoverable product | /Categories/Product types/Key Findings Presentations | /Categories/Countries/BGD | /Categories/Monitoring products/Findings presentation | /Categories/Geographic scope/Country | /Categories/Languages/English | /Categories/DIEM pillars/Household monitoring system,/Categories/Catalog role/Discoverable product | /Categories/Countries/BGD | /Categories/DIEM pillars/Household monitoring system | /Categories/Geographic scope/Country | /Categories/Languages/English | /Categories/Monitoring products/Findings presentation | /Categories/Product types/Key Findings Presentations,verified
0889c9ce46744e2da4d0f51f02d77758,Bangladesh - Presentation - Round 2,PDF,BGD,,Findings presentation,English,Country,medium,apply,,,,,,Not linked from the monitoring round table; inclusion and round require review,/Categories/Catalog role/Discoverable product | /Categories/Countries/BGD | /Categories/Geographic scope/Country | /Categories/Product types/Key Findings Presentations,/Categories/Catalog role/Discoverable product | /Categories/Product types/Key Findings Presentations | /Categories/Countries/BGD | /Categories/Monitoring products/Findings presentation | /Categories/Geographic scope/Country | /Categories/Languages/English | /Categories/DIEM pillars/Household monitoring system,/Categories/Catalog role/Discoverable product | /Categories/Countries/BGD | /Categories/DIEM pillars/Household monitoring system | /Categories/Geographic scope/Country | /Categories/Languages/English | /Categories/Monitoring products/Findings presentation | /Categories/Product types/Key Findings Presentations,verified
18d6f162475f4d35b777b654f3172126,Bangladesh - Presentation - Round 3,PDF,BGD,,Findings presentation,English,Country,medium,apply,,,,,,Not linked from the monitoring round table; inclusion and round require review,/Categories/Catalog role/Discoverable product | /Categories/Countries/BGD | /Categories/Geographic scope/Country | /Categories/Product types/Key Findings Presentations,/Categories/Catalog role/Discoverable product | /Categories/Product types/Key Findings Presentations | /Categories/Countries/BGD | /Categories/Monitoring products/Findings presentation | /Categories/Geographic scope/Country | /Categories/Languages/English | /Categories/DIEM pillars/Household monitoring system,/Categories/Catalog role/Discoverable product | /Categories/Countries/BGD | /Categories/DIEM pillars/Household monitoring system | /Categories/Geographic scope/Country | /Categories/Languages/English | /Categories/Monitoring products/Findings presentation | /Categories/Product types/Key Findings Presentations,verified
8d935f47762e49ba82833e1f579a4ad3,Bangladesh - Report - Round 1,PDF,BGD,,Report,English,Country,medium,apply,,,,,,Not linked from the monitoring round table; inclusion and round require review,/Categories/Catalog role/Discoverable product | /Categories/Countries/BGD | /Categories/Geographic scope/Country | /Categories/Product types/Country Briefs,/Categories/Catalog role/Discoverable product | /Categories/Product types/Country Briefs | /Categories/Countries/BGD | /Categories/Monitoring products/Report | /Categories/Geographic scope/Country | /Categories/Languages/English | /Categories/DIEM pillars/Household monitoring system,/Categories/Catalog role/Discoverable product | /Categories/Countries/BGD | /Categories/DIEM pillars/Household monitoring system | /Categories/Geographic scope/Country | /Categories/Languages/English | /Categories/Monitoring products/Report | /Categories/Product types/Country Briefs,verified
7eef18d3de004e7d8576ac44b36a6ec3,Bangladesh - Report - Round 2,PDF,BGD,,Report,English,Country,medium,apply,,,,,,Not linked from the monitoring round table; inclusion and round require review,/Categories/Catalog role/Discoverable product | /Categories/Countries/BGD | /Categories/Geographic scope/Country | /Categories/Product types/Country Briefs,/Categories/Catalog role/Discoverable product | /Categories/Product types/Country Briefs | /Categories/Countries/BGD | /Categories/Monitoring products/Report | /Categories/Geographic scope/Country | /Categories/Languages/English | /Categories/DIEM pillars/Household monitoring system,/Categories/Catalog role/Discoverable product | /Categories/Countries/BGD | /Categories/DIEM pillars/Household monitoring system | /Categories/Geographic scope/Country | /Categories/Languages/English | /Categories/Monitoring products/Report | /Categories/Product types/Country Briefs,verified
c7801a60508f4d72bc4a231cb630071f,Bangladesh - Report - Round 3,PDF,BGD,,Report,English,Country,medium,apply,,,,,,Not linked from the monitoring round table; inclusion and round require review,/Categories/Catalog role/Discoverable product | /Categories/Countries/BGD | /Categories/Geographic scope/Country | /Categories/Product types/Country Briefs,/Categories/Catalog role/Discoverable product | /Categories/Product types/Country Briefs | /Categories/Countries/BGD | /Categories/Monitoring products/Report | /Categories/Geographic scope/Country | /Categories/Languages/English | /Categories/DIEM pillars/Household monitoring system,/Categories/Catalog role/Discoverable product | /Categories/Countries/BGD | /Categories/DIEM pillars/Household monitoring system | /Categories/Geographic scope/Country | /Categories/Languages/English | /Categories/Monitoring products/Report | /Categories/Product types/Country Briefs,verified
44b1ff17333a4e4ebaba53a72fdefe1d,Bangladesh -- DIEM Monitoring Brief - Round 8,Document Link,BGD,Bangladesh — Round 08,Country brief,English,Country,high,apply,,,,,,,/Categories/Catalog role/Discoverable product | /Categories/Countries/BGD | /Categories/DIEM pillars/Household monitoring system | /Categories/Geographic scope/Country | /Categories/Languages/English | /Categories/Monitoring products/Country brief | /Categories/Product types/Country Briefs,/Categories/Catalog role/Discoverable product | /Categories/Product types/Country Briefs | /Categories/Countries/BGD | /Categories/Monitoring products/Country brief | /Categories/Geographic scope/Country | /Categories/Languages/English | /Categories/DIEM pillars/Household monitoring system,/Categories/Catalog role/Discoverable product | /Categories/Countries/BGD | /Categories/DIEM pillars/Household monitoring system | /Categories/Geographic scope/Country | /Categories/Languages/English | /Categories/Monitoring products/Country brief | /Categories/Product types/Country Briefs,verified
fa9d266ce9654820b93616dcd51ad28e,Bangladesh: DIEM-Monitoring emergency agriculture support brief,Document Link,BGD,Bangladesh — Round 13,Country brief,English,Country,high,apply,,,,,,,/Categories/Catalog role/Discoverable product | /Categories/Countries/BGD | /Categories/DIEM pillars/Household monitoring system | /Categories/Geographic scope/Country | /Categories/Languages/English | /Categories/Monitoring products/Country brief | /Categories/Product types/Country Briefs,/Categories/Catalog role/Discoverable product | /Categories/Product types/Country Briefs | /Categories/Countries/BGD | /Categories/Monitoring products/Country brief | /Categories/Geographic scope/Country | /Categories/Languages/English | /Categories/DIEM pillars/Household monitoring system,/Categories/Catalog role/Discoverable product | /Categories/Countries/BGD | /Categories/DIEM pillars/Household monitoring system | /Categories/Geographic scope/Country | /Categories/Languages/English | /Categories/Monitoring products/Country brief | /Categories/Product types/Country Briefs,verified
8696f004bb0b4339a571199db762fec7,Burkina Faso - DIEM Monitoring Brief - Round 1,Document Link,BFA,Burkina Faso — Round 01,Country brief,English,Country,high,apply,,,,,,,/Categories/Catalog role/Discoverable product | /Categories/Countries/BFA | /Categories/DIEM pillars/Household monitoring system | /Categories/Geographic scope/Country | /Categories/Languages/English | /Categories/Monitoring products/Country brief | /Categories/Product types/Country Briefs,/Categories/Catalog role/Discoverable product | /Categories/Product types/Country Briefs | /Categories/Countries/BFA | /Categories/Monitoring products/Country brief | /Categories/Geographic scope/Country | /Categories/Languages/English | /Categories/DIEM pillars/Household monitoring system,/Categories/Catalog role/Discoverable product | /Categories/Countries/BFA | /Categories/DIEM pillars/Household monitoring system | /Categories/Geographic scope/Country | /Categories/Languages/English | /Categories/Monitoring products/Country brief | /Categories/Product types/Country Briefs,verified
4db2204001e441db962dfeaa4bbd13d3,Burkina Faso - DIEM Monitoring Brief - Round 1 (FR),Document Link,BFA,,Country brief,French,Country,medium,apply,,,,,,Not linked from the monitoring round table; inclusion and round require review,/Categories/Catalog role/Discoverable product | /Categories/Countries/BFA | /Categories/Geographic scope/Country | /Categories/Product types/Country Briefs,/Categories/Catalog role/Discoverable product | /Categories/Product types/Country Briefs | /Categories/Countries/BFA | /Categories/Monitoring products/Country brief | /Categories/Geographic scope/Country | /Categories/Languages/French | /Categories/DIEM pillars/Household monitoring system,/Categories/Catalog role/Discoverable product | /Categories/Countries/BFA | /Categories/DIEM pillars/Household monitoring system | /Categories/Geographic scope/Country | /Categories/Languages/French | /Categories/Monitoring products/Country brief | /Categories/Product types/Country Briefs,verified
ea6b235d69124a0a99e20f1d581ffd94,Burkina Faso - DIEM Monitoring Brief - Round 2,Document Link,BFA,Burkina Faso — Round 02,Country brief,English,Country,high,apply,,,,,,,/Categories/Catalog role/Discoverable product | /Categories/Countries/BFA | /Categories/DIEM pillars/Household monitoring system | /Categories/Geographic scope/Country | /Categories/Languages/English | /Categories/Monitoring products/Country brief | /Categories/Product types/Country Briefs,/Categories/Catalog role/Discoverable product | /Categories/Product types/Country Briefs | /Categories/Countries/BFA | /Categories/Monitoring products/Country brief | /Categories/Geographic scope/Country | /Categories/Languages/English | /Categories/DIEM pillars/Household monitoring system,/Categories/Catalog role/Discoverable product | /Categories/Countries/BFA | /Categories/DIEM pillars/Household monitoring system | /Categories/Geographic scope/Country | /Categories/Languages/English | /Categories/Monitoring products/Country brief | /Categories/Product types/Country Briefs,verified
72a9f2889fc3469282ee0fc1b0247a81,Burkina Faso - DIEM Monitoring Brief - Round 2 (FR),Document Link,BFA,,Country brief,French,Country,medium,apply,,,,,,Not linked from the monitoring round table; inclusion and round require review,/Categories/Catalog role/Discoverable product | /Categories/Countries/BFA | /Categories/Geographic scope/Country | /Categories/Product types/Country Briefs,/Categories/Catalog role/Discoverable product | /Categories/Product types/Country Briefs | /Categories/Countries/BFA | /Categories/Monitoring products/Country brief | /Categories/Geographic scope/Country | /Categories/Languages/French | /Categories/DIEM pillars/Household monitoring system,/Categories/Catalog role/Discoverable product | /Categories/Countries/BFA | /Categories/DIEM pillars/Household monitoring system | /Categories/Geographic scope/Country | /Categories/Languages/French | /Categories/Monitoring products/Country brief | /Categories/Product types/Country Briefs,verified
e7943cde869947e9bf3ebb9e248c3eb0,Burkina Faso - Household Questionnaire - Round 2,Microsoft Excel,BFA,Burkina Faso — Round 02,Questionnaire,English,Country,high,apply,,,,,,,/Categories/Catalog role/Discoverable product | /Categories/Countries/BFA | /Categories/DIEM pillars/Household monitoring system | /Categories/Geographic scope/Country | /Categories/Languages/English | /Categories/Monitoring products/Questionnaire | /Categories/Product types/Questionnaires,/Categories/Catalog role/Discoverable product | /Categories/Product types/Questionnaires | /Categories/Countries/BFA | /Categories/Monitoring products/Questionnaire | /Categories/Geographic scope/Country | /Categories/Languages/English | /Categories/DIEM pillars/Household monitoring system,/Categories/Catalog role/Discoverable product | /Categories/Countries/BFA | /Categories/DIEM pillars/Household monitoring system | /Categories/Geographic scope/Country | /Categories/Languages/English | /Categories/Monitoring products/Questionnaire | /Categories/Product types/Questionnaires,verified
4cfb447d690e4f60a30087bbc4c0f2e0,Burkina Faso - Household Questionnaire - Round1,Microsoft Excel,BFA,Burkina Faso — Round 01,Questionnaire,English,Country,high,apply,,,,,,,/Categories/Catalog role/Discoverable product | /Categories/Countries/BFA | /Categories/DIEM pillars/Household monitoring system | /Categories/Geographic scope/Country | /Categories/Languages/English | /Categories/Monitoring products/Questionnaire | /Categories/Product types/Questionnaires,/Categories/Catalog role/Discoverable product | /Categories/Product types/Questionnaires | /Categories/Countries/BFA | /Categories/Monitoring products/Questionnaire | /Categories/Geographic scope/Country | /Categories/Languages/English | /Categories/DIEM pillars/Household monitoring system,/Categories/Catalog role/Discoverable product | /Categories/Countries/BFA | /Categories/DIEM pillars/Household monitoring system | /Categories/Geographic scope/Country | /Categories/Languages/English | /Categories/Monitoring products/Questionnaire | /Categories/Product types/Questionnaires,verified
45a5adaf35e6418fa073bdd8bd8afbcf,Burkina Faso - Household Questionnaire - Round3,Microsoft Excel,BFA,Burkina Faso — Round 03,Questionnaire,English,Country,high,apply,,,,,,,/Categories/Catalog role/Discoverable product | /Categories/Countries/BFA | /Categories/DIEM pillars/Household monitoring system | /Categories/Geographic scope/Country | /Categories/Languages/English | /Categories/Monitoring products/Questionnaire | /Categories/Product types/Questionnaires,/Categories/Catalog role/Discoverable product | /Categories/Product types/Questionnaires | /Categories/Countries/BFA | /Categories/Monitoring products/Questionnaire | /Categories/Geographic scope/Country | /Categories/Languages/English | /Categories/DIEM pillars/Household monitoring system,/Categories/Catalog role/Discoverable product | /Categories/Countries/BFA | /Categories/DIEM pillars/Household monitoring system | /Categories/Geographic scope/Country | /Categories/Languages/English | /Categories/Monitoring products/Questionnaire | /Categories/Product types/Questionnaires,verified
31d05f16d8624813b1939a9ed17301ac,Burkina Faso - Report - Round 1,PDF,BFA,,Report,English,Country,medium,apply,,,,,,Not linked from the monitoring round table; inclusion and round require review,/Categories/Catalog role/Discoverable product | /Categories/Countries/BFA | /Categories/Geographic scope/Country | /Categories/Product types/Country Briefs,/Categories/Catalog role/Discoverable product | /Categories/Product types/Country Briefs | /Categories/Countries/BFA | /Categories/Monitoring products/Report | /Categories/Geographic scope/Country | /Categories/Languages/English | /Categories/DIEM pillars/Household monitoring system,/Categories/Catalog role/Discoverable product | /Categories/Countries/BFA | /Categories/DIEM pillars/Household monitoring system | /Categories/Geographic scope/Country | /Categories/Languages/English | /Categories/Monitoring products/Report | /Categories/Product types/Country Briefs,verified
10c6b671a9774d08a62fefe67c990cf3,Cambodia - Household Questionnaire - Round 1,Microsoft Excel,KHM,Cambodia — Round 01,Questionnaire,English,Country,high,apply,,,,,,,/Categories/Catalog role/Discoverable product | /Categories/Countries/KHM | /Categories/DIEM pillars/Household monitoring system | /Categories/Geographic scope/Country | /Categories/Languages/English | /Categories/Monitoring products/Questionnaire | /Categories/Product types/Questionnaires,/Categories/Catalog role/Discoverable product | /Categories/Product types/Questionnaires | /Categories/Countries/KHM | /Categories/Monitoring products/Questionnaire | /Categories/Geographic scope/Country | /Categories/Languages/English | /Categories/DIEM pillars/Household monitoring system,/Categories/Catalog role/Discoverable product | /Categories/Countries/KHM | /Categories/DIEM pillars/Household monitoring system | /Categories/Geographic scope/Country | /Categories/Languages/English | /Categories/Monitoring products/Questionnaire | /Categories/Product types/Questionnaires,verified
c05605ae8d8549f29ee5b8fc73a1878c,Cameroon - Bulletin de suivi DIEM - Cycle 6,Document Link,CMR,,Country brief,French,Country,medium,apply,,,,,,Not linked from the monitoring round table; inclusion and round require review,/Categories/Catalog role/Discoverable product | /Categories/Countries/CMR | /Categories/Geographic scope/Country | /Categories/Product types/Country Briefs,/Categories/Catalog role/Discoverable product | /Categories/Product types/Country Briefs | /Categories/Countries/CMR | /Categories/Monitoring products/Country brief | /Categories/Geographic scope/Country | /Categories/Languages/French | /Categories/DIEM pillars/Household monitoring system,/Categories/Catalog role/Discoverable product | /Categories/Countries/CMR | /Categories/DIEM pillars/Household monitoring system | /Categories/Geographic scope/Country | /Categories/Languages/French | /Categories/Monitoring products/Country brief | /Categories/Product types/Country Briefs,verified
8fc97a5ebf8141c7b5632b9a0dbcb17f,Cameroon - DIEM Monitoring Brief - Round 2,Document Link,CMR,Cameroon — Round 02,Country brief,English,Country,high,apply,,,,,,,/Categories/Catalog role/Discoverable product | /Categories/Countries/CMR | /Categories/DIEM pillars/Household monitoring system | /Categories/Geographic scope/Country | /Categories/Languages/English | /Categories/Monitoring products/Country brief | /Categories/Product types/Country Briefs,/Categories/Catalog role/Discoverable product | /Categories/Product types/Country Briefs | /Categories/Countries/CMR | /Categories/Monitoring products/Country brief | /Categories/Geographic scope/Country | /Categories/Languages/English | /Categories/DIEM pillars/Household monitoring system,/Categories/Catalog role/Discoverable product | /Categories/Countries/CMR | /Categories/DIEM pillars/Household monitoring system | /Categories/Geographic scope/Country | /Categories/Languages/English | /Categories/Monitoring products/Country brief | /Categories/Product types/Country Briefs,verified
60b70979fbbd448f93b97e6bb3eff8d7,Cameroon - DIEM Monitoring Brief - Round 2 (FR),Document Link,CMR,,Country brief,French,Country,medium,apply,,,,,,Not linked from the monitoring round table; inclusion and round require review,/Categories/Catalog role/Discoverable product | /Categories/Countries/CMR | /Categories/Geographic scope/Country | /Categories/Product types/Country Briefs,/Categories/Catalog role/Discoverable product | /Categories/Product types/Country Briefs | /Categories/Countries/CMR | /Categories/Monitoring products/Country brief | /Categories/Geographic scope/Country | /Categories/Languages/French | /Categories/DIEM pillars/Household monitoring system,/Categories/Catalog role/Discoverable product | /Categories/Countries/CMR | /Categories/DIEM pillars/Household monitoring system | /Categories/Geographic scope/Country | /Categories/Languages/French | /Categories/Monitoring products/Country brief | /Categories/Product types/Country Briefs,verified
509877f643514783ae0a8521ed9fda61,Cameroon - DIEM Monitoring Brief - Round 3,Document Link,CMR,Cameroon — Round 03,Country brief,English,Country,high,apply,,,,,,,/Categories/Catalog role/Discoverable product | /Categories/Countries/CMR | /Categories/DIEM pillars/Household monitoring system | /Categories/Geographic scope/Country | /Categories/Languages/English | /Categories/Monitoring products/Country brief | /Categories/Product types/Country Briefs,/Categories/Catalog role/Discoverable product | /Categories/Product types/Country Briefs | /Categories/Countries/CMR | /Categories/Monitoring products/Country brief | /Categories/Geographic scope/Country | /Categories/Languages/English | /Categories/DIEM pillars/Household monitoring system,/Categories/Catalog role/Discoverable product | /Categories/Countries/CMR | /Categories/DIEM pillars/Household monitoring system | /Categories/Geographic scope/Country | /Categories/Languages/English | /Categories/Monitoring products/Country brief | /Categories/Product types/Country Briefs,verified
eb9c0905122a4a80b4911d4ec5b8a77e,Cameroon - DIEM Monitoring Brief - Round 3 (FR) ,Document Link,CMR,,Country brief,French,Country,medium,apply,,,,,,Not linked from the monitoring round table; inclusion and round require review,/Categories/Catalog role/Discoverable product | /Categories/Countries/CMR | /Categories/Geographic scope/Country | /Categories/Product types/Country Briefs,/Categories/Catalog role/Discoverable product | /Categories/Product types/Country Briefs | /Categories/Countries/CMR | /Categories/Monitoring products/Country brief | /Categories/Geographic scope/Country | /Categories/Languages/French | /Categories/DIEM pillars/Household monitoring system,/Categories/Catalog role/Discoverable product | /Categories/Countries/CMR | /Categories/DIEM pillars/Household monitoring system | /Categories/Geographic scope/Country | /Categories/Languages/French | /Categories/Monitoring products/Country brief | /Categories/Product types/Country Briefs,verified
5cfddf6255214950a6b8104278b0e28a,Cameroon - DIEM Monitoring Brief - Round 4,Document Link,CMR,Cameroon — Round 04,Country brief,English,Country,high,apply,,,,,,,/Categories/Catalog role/Discoverable product | /Categories/Countries/CMR | /Categories/DIEM pillars/Household monitoring system | /Categories/Geographic scope/Country | /Categories/Languages/English | /Categories/Monitoring products/Country brief | /Categories/Product types/Country Briefs,/Categories/Catalog role/Discoverable product | /Categories/Product types/Country Briefs | /Categories/Countries/CMR | /Categories/Monitoring products/Country brief | /Categories/Geographic scope/Country | /Categories/Languages/English | /Categories/DIEM pillars/Household monitoring system,/Categories/Catalog role/Discoverable product | /Categories/Countries/CMR | /Categories/DIEM pillars/Household monitoring system | /Categories/Geographic scope/Country | /Categories/Languages/English | /Categories/Monitoring products/Country brief | /Categories/Product types/Country Briefs,verified
2cb70bd694a046feb933950227c4768d,Cameroon - DIEM Monitoring Brief - Round 4 (FR),Document Link,CMR,,Country brief,French,Country,medium,apply,,,,,,Not linked from the monitoring round table; inclusion and round require review,/Categories/Catalog role/Discoverable product | /Categories/Countries/CMR | /Categories/Geographic scope/Country | /Categories/Product types/Country Briefs,/Categories/Catalog role/Discoverable product | /Categories/Product types/Country Briefs | /Categories/Countries/CMR | /Categories/Monitoring products/Country brief | /Categories/Geographic scope/Country | /Categories/Languages/French | /Categories/DIEM pillars/Household monitoring system,/Categories/Catalog role/Discoverable product | /Categories/Countries/CMR | /Categories/DIEM pillars/Household monitoring system | /Categories/Geographic scope/Country | /Categories/Languages/French | /Categories/Monitoring products/Country brief | /Categories/Product types/Country Briefs,verified
4650f9fce9014083996d9ddfc1355ca8,Cameroon - DIEM Monitoring Brief - Round 6,Document Link,CMR,Cameroon — Round 06,Country brief,English,Country,high,apply,,,,,,,/Categories/Catalog role/Discoverable product | /Categories/Countries/CMR | /Categories/DIEM pillars/Household monitoring system | /Categories/Geographic scope/Country | /Categories/Languages/English | /Categories/Monitoring products/Country brief | /Categories/Product types/Country Briefs,/Categories/Catalog role/Discoverable product | /Categories/Product types/Country Briefs | /Categories/Countries/CMR | /Categories/Monitoring products/Country brief | /Categories/Geographic scope/Country | /Categories/Languages/English | /Categories/DIEM pillars/Household monitoring system,/Categories/Catalog role/Discoverable product | /Categories/Countries/CMR | /Categories/DIEM pillars/Household monitoring system | /Categories/Geographic scope/Country | /Categories/Languages/English | /Categories/Monitoring products/Country brief | /Categories/Product types/Country Briefs,verified
aeabb31ad91e4f5d8b66b2c7d97268f5,Cameroon - DIEM Monitoring Brief - Round 7,Document Link,CMR,Cameroon — Round 07,Country brief,French,Country,high,apply,,,,,,,/Categories/Catalog role/Discoverable product | /Categories/Countries/CMR | /Categories/DIEM pillars/Household monitoring system | /Categories/Geographic scope/Country | /Categories/Languages/French | /Categories/Monitoring products/Country brief | /Categories/Product types/Country Briefs,/Categories/Catalog role/Discoverable product | /Categories/Product types/Country Briefs | /Categories/Countries/CMR | /Categories/Monitoring products/Country brief | /Categories/Geographic scope/Country | /Categories/Languages/French | /Categories/DIEM pillars/Household monitoring system,/Categories/Catalog role/Discoverable product | /Categories/Countries/CMR | /Categories/DIEM pillars/Household monitoring system | /Categories/Geographic scope/Country | /Categories/Languages/French | /Categories/Monitoring products/Country brief | /Categories/Product types/Country Briefs,verified
855168cc6c67405dbb70884dca192df0,Cameroon - Household Questionnaire - Round 2,Microsoft Excel,CMR,Cameroon — Round 02,Questionnaire,English,Country,high,apply,,,,,,,/Categories/Catalog role/Discoverable product | /Categories/Countries/CMR | /Categories/DIEM pillars/Household monitoring system | /Categories/Geographic scope/Country | /Categories/Languages/English | /Categories/Monitoring products/Questionnaire | /Categories/Product types/Questionnaires,/Categories/Catalog role/Discoverable product | /Categories/Product types/Questionnaires | /Categories/Countries/CMR | /Categories/Monitoring products/Questionnaire | /Categories/Geographic scope/Country | /Categories/Languages/English | /Categories/DIEM pillars/Household monitoring system,/Categories/Catalog role/Discoverable product | /Categories/Countries/CMR | /Categories/DIEM pillars/Household monitoring system | /Categories/Geographic scope/Country | /Categories/Languages/English | /Categories/Monitoring products/Questionnaire | /Categories/Product types/Questionnaires,verified
21d5eb9634874d048dc893fd3b64b020,Cameroon - Household Questionnaire - Round 4,Microsoft Excel,CMR,Cameroon — Round 04,Questionnaire,English,Country,high,apply,,,,,,,/Categories/Catalog role/Discoverable product | /Categories/Countries/CMR | /Categories/DIEM pillars/Household monitoring system | /Categories/Geographic scope/Country | /Categories/Languages/English | /Categories/Monitoring products/Questionnaire | /Categories/Product types/Questionnaires,/Categories/Catalog role/Discoverable product | /Categories/Product types/Questionnaires | /Categories/Countries/CMR | /Categories/Monitoring products/Questionnaire | /Categories/Geographic scope/Country | /Categories/Languages/English | /Categories/DIEM pillars/Household monitoring system,/Categories/Catalog role/Discoverable product | /Categories/Countries/CMR | /Categories/DIEM pillars/Household monitoring system | /Categories/Geographic scope/Country | /Categories/Languages/English | /Categories/Monitoring products/Questionnaire | /Categories/Product types/Questionnaires,verified
ca2cd757ae9648d28754ca609a6caa53,Cameroon - Household Questionnaire - Round3,Microsoft Excel,CMR,Cameroon — Round 03,Questionnaire,English,Country,high,apply,,,,,,,/Categories/Catalog role/Discoverable product | /Categories/Countries/CMR | /Categories/DIEM pillars/Household monitoring system | /Categories/Geographic scope/Country | /Categories/Languages/English | /Categories/Monitoring products/Questionnaire | /Categories/Product types/Questionnaires,/Categories/Catalog role/Discoverable product | /Categories/Product types/Questionnaires | /Categories/Countries/CMR | /Categories/Monitoring products/Questionnaire | /Categories/Geographic scope/Country | /Categories/Languages/English | /Categories/DIEM pillars/Household monitoring system,/Categories/Catalog role/Discoverable product | /Categories/Countries/CMR | /Categories/DIEM pillars/Household monitoring system | /Categories/Geographic scope/Country | /Categories/Languages/English | /Categories/Monitoring products/Questionnaire | /Categories/Product types/Questionnaires,verified
db6421b12fd84163a1989060aa961f11,Cameroon - Household Questionnaire - Round5,Microsoft Excel,CMR,Cameroon — Round 05,Questionnaire,English,Country,high,apply,,,,,,,/Categories/Catalog role/Discoverable product | /Categories/Countries/CMR | /Categories/DIEM pillars/Household monitoring system | /Categories/Geographic scope/Country | /Categories/Languages/English | /Categories/Monitoring products/Questionnaire | /Categories/Product types/Questionnaires,/Categories/Catalog role/Discoverable product | /Categories/Product types/Questionnaires | /Categories/Countries/CMR | /Categories/Monitoring products/Questionnaire | /Categories/Geographic scope/Country | /Categories/Languages/English | /Categories/DIEM pillars/Household monitoring system,/Categories/Catalog role/Discoverable product | /Categories/Countries/CMR | /Categories/DIEM pillars/Household monitoring system | /Categories/Geographic scope/Country | /Categories/Languages/English | /Categories/Monitoring products/Questionnaire | /Categories/Product types/Questionnaires,verified
3a055f2d917c4c709c688651af44e80b,Cameroon - Household Questionnaire - Round6,Microsoft Excel,CMR,Cameroon — Round 06,Questionnaire,French,Country,high,apply,,,,,,,/Categories/Catalog role/Discoverable product | /Categories/Countries/CMR | /Categories/DIEM pillars/Household monitoring system | /Categories/Geographic scope/Country | /Categories/Languages/French | /Categories/Monitoring products/Questionnaire | /Categories/Product types/Questionnaires,/Categories/Catalog role/Discoverable product | /Categories/Product types/Questionnaires | /Categories/Countries/CMR | /Categories/Monitoring products/Questionnaire | /Categories/Geographic scope/Country | /Categories/Languages/French | /Categories/DIEM pillars/Household monitoring system,/Categories/Catalog role/Discoverable product | /Categories/Countries/CMR | /Categories/DIEM pillars/Household monitoring system | /Categories/Geographic scope/Country | /Categories/Languages/French | /Categories/Monitoring products/Questionnaire | /Categories/Product types/Questionnaires,verified
73b061191eaa4d27abae10e5a752f319,Cameroon - Household Questionnaire - Round7,Microsoft Excel,CMR,Cameroon — Round 07,Questionnaire,English,Country,high,apply,,,,,,,/Categories/Catalog role/Discoverable product | /Categories/Countries/CMR | /Categories/DIEM pillars/Household monitoring system | /Categories/Geographic scope/Country | /Categories/Languages/English | /Categories/Monitoring products/Questionnaire | /Categories/Product types/Questionnaires,/Categories/Catalog role/Discoverable product | /Categories/Product types/Questionnaires | /Categories/Countries/CMR | /Categories/Monitoring products/Questionnaire | /Categories/Geographic scope/Country | /Categories/Languages/English | /Categories/DIEM pillars/Household monitoring system,/Categories/Catalog role/Discoverable product | /Categories/Countries/CMR | /Categories/DIEM pillars/Household monitoring system | /Categories/Geographic scope/Country | /Categories/Languages/English | /Categories/Monitoring products/Questionnaire | /Categories/Product types/Questionnaires,verified
b17624b20b864209932dcc2b92825a07,Cameroon - Presentation - Round 2,Microsoft Powerpoint,CMR,Cameroon — Round 02,Findings presentation,English,Country,high,apply,,,,,,,/Categories/Catalog role/Discoverable product | /Categories/Countries/CMR | /Categories/DIEM pillars/Household monitoring system | /Categories/Geographic scope/Country | /Categories/Languages/English | /Categories/Monitoring products/Findings presentation | /Categories/Product types/Key Findings Presentations,/Categories/Catalog role/Discoverable product | /Categories/Product types/Key Findings Presentations | /Categories/Countries/CMR | /Categories/Monitoring products/Findings presentation | /Categories/Geographic scope/Country | /Categories/Languages/English | /Categories/DIEM pillars/Household monitoring system,/Categories/Catalog role/Discoverable product | /Categories/Countries/CMR | /Categories/DIEM pillars/Household monitoring system | /Categories/Geographic scope/Country | /Categories/Languages/English | /Categories/Monitoring products/Findings presentation | /Categories/Product types/Key Findings Presentations,verified
c3fa0e6d17d2450da14e9b4282ff3af6,Cameroun - Bulletin de suivi DIEM - Cycle 7,Document Link,CMR,,Country brief,French,Country,medium,apply,,,,,,Not linked from the monitoring round table; inclusion and round require review,/Categories/Catalog role/Discoverable product | /Categories/Countries/CMR | /Categories/Geographic scope/Country | /Categories/Product types/Country Briefs,/Categories/Catalog role/Discoverable product | /Categories/Product types/Country Briefs | /Categories/Countries/CMR | /Categories/Monitoring products/Country brief | /Categories/Geographic scope/Country | /Categories/Languages/French | /Categories/DIEM pillars/Household monitoring system,/Categories/Catalog role/Discoverable product | /Categories/Countries/CMR | /Categories/DIEM pillars/Household monitoring system | /Categories/Geographic scope/Country | /Categories/Languages/French | /Categories/Monitoring products/Country brief | /Categories/Product types/Country Briefs,verified
9559c58ce37d4183b94b0acc561fd5ce,CAR - Presentation - Round 1,PDF,CAF,,Findings presentation,English,Country,medium,apply,,,,,,Not linked from the monitoring round table; inclusion and round require review,/Categories/Catalog role/Discoverable product | /Categories/Countries/CAF | /Categories/Geographic scope/Country | /Categories/Product types/Key Findings Presentations,/Categories/Catalog role/Discoverable product | /Categories/Product types/Key Findings Presentations | /Categories/Countries/CAF | /Categories/Monitoring products/Findings presentation | /Categories/Geographic scope/Country | /Categories/Languages/English | /Categories/DIEM pillars/Household monitoring system,/Categories/Catalog role/Discoverable product | /Categories/Countries/CAF | /Categories/DIEM pillars/Household monitoring system | /Categories/Geographic scope/Country | /Categories/Languages/English | /Categories/Monitoring products/Findings presentation | /Categories/Product types/Key Findings Presentations,verified
f5a47fb35eca41c1bf19474a00f2d07f,CAR - Report - Round 1,PDF,CAF,,Report,English,Country,medium,apply,,,,,,Not linked from the monitoring round table; inclusion and round require review,/Categories/Catalog role/Discoverable product | /Categories/Countries/CAF | /Categories/Geographic scope/Country | /Categories/Product types/Country Briefs,/Categories/Catalog role/Discoverable product | /Categories/Product types/Country Briefs | /Categories/Countries/CAF | /Categories/Monitoring products/Report | /Categories/Geographic scope/Country | /Categories/Languages/English | /Categories/DIEM pillars/Household monitoring system,/Categories/Catalog role/Discoverable product | /Categories/Countries/CAF | /Categories/DIEM pillars/Household monitoring system | /Categories/Geographic scope/Country | /Categories/Languages/English | /Categories/Monitoring products/Report | /Categories/Product types/Country Briefs,verified
009ec6bcd2904078957e797e4e9000f5,Central African Republic - DIEM Monitoring Brief - Round 3 (EN),Document Link,CAF,Central African Republic — Round 03,Country brief,English,Country,high,apply,,,,,,,/Categories/Catalog role/Discoverable product | /Categories/Countries/CAF | /Categories/DIEM pillars/Household monitoring system | /Categories/Geographic scope/Country | /Categories/Languages/English | /Categories/Monitoring products/Country brief | /Categories/Product types/Country Briefs,/Categories/Catalog role/Discoverable product | /Categories/Product types/Country Briefs | /Categories/Countries/CAF | /Categories/Monitoring products/Country brief | /Categories/Geographic scope/Country | /Categories/Languages/English | /Categories/DIEM pillars/Household monitoring system,/Categories/Catalog role/Discoverable product | /Categories/Countries/CAF | /Categories/DIEM pillars/Household monitoring system | /Categories/Geographic scope/Country | /Categories/Languages/English | /Categories/Monitoring products/Country brief | /Categories/Product types/Country Briefs,verified
9fe10905486c41c195a9bed11b7c01ad,Central African Republic - DIEM Monitoring Brief - Round 3 (FR),Document Link,CAF,,Country brief,French,Country,medium,apply,,,,,,Not linked from the monitoring round table; inclusion and round require review,/Categories/Catalog role/Discoverable product | /Categories/Countries/CAF | /Categories/Geographic scope/Country | /Categories/Product types/Country Briefs,/Categories/Catalog role/Discoverable product | /Categories/Product types/Country Briefs | /Categories/Countries/CAF | /Categories/Monitoring products/Country brief | /Categories/Geographic scope/Country | /Categories/Languages/French | /Categories/DIEM pillars/Household monitoring system,/Categories/Catalog role/Discoverable product | /Categories/Countries/CAF | /Categories/DIEM pillars/Household monitoring system | /Categories/Geographic scope/Country | /Categories/Languages/French | /Categories/Monitoring products/Country brief | /Categories/Product types/Country Briefs,verified
c11fd32003e1473795e3ba4dcff72317,Central African Republic - DIEM Monitoring Brief - Round 4,Document Link,CAF,Central African Republic — Round 04,Country brief,English,Country,high,apply,,,,,,,/Categories/Catalog role/Discoverable product | /Categories/Countries/CAF | /Categories/DIEM pillars/Household monitoring system | /Categories/Geographic scope/Country | /Categories/Languages/English | /Categories/Monitoring products/Country brief | /Categories/Product types/Country Briefs,/Categories/Catalog role/Discoverable product | /Categories/Product types/Country Briefs | /Categories/Countries/CAF | /Categories/Monitoring products/Country brief | /Categories/Geographic scope/Country | /Categories/Languages/English | /Categories/DIEM pillars/Household monitoring system,/Categories/Catalog role/Discoverable product | /Categories/Countries/CAF | /Categories/DIEM pillars/Household monitoring system | /Categories/Geographic scope/Country | /Categories/Languages/English | /Categories/Monitoring products/Country brief | /Categories/Product types/Country Briefs,verified
ffe62873892c413a8c3d37ed5d6ae23c,Central African Republic - DIEM Monitoring Brief - Round 4 (FR),Document Link,CAF,,Country brief,French,Country,medium,apply,,,,,,Not linked from the monitoring round table; inclusion and round require review,/Categories/Catalog role/Discoverable product | /Categories/Countries/CAF | /Categories/Geographic scope/Country | /Categories/Product types/Country Briefs,/Categories/Catalog role/Discoverable product | /Categories/Product types/Country Briefs | /Categories/Countries/CAF | /Categories/Monitoring products/Country brief | /Categories/Geographic scope/Country | /Categories/Languages/French | /Categories/DIEM pillars/Household monitoring system,/Categories/Catalog role/Discoverable product | /Categories/Countries/CAF | /Categories/DIEM pillars/Household monitoring system | /Categories/Geographic scope/Country | /Categories/Languages/French | /Categories/Monitoring products/Country brief | /Categories/Product types/Country Briefs,verified
e585a684ba184f1492e4f0fc541a69de,Central African Republic - DIEM Monitoring Brief - Round 5,Document Link,CAF,Central African Republic — Round 05,Country brief,English,Country,high,apply,,,,,,,/Categories/Catalog role/Discoverable product | /Categories/Countries/CAF | /Categories/DIEM pillars/Household monitoring system | /Categories/Geographic scope/Country | /Categories/Languages/English | /Categories/Monitoring products/Country brief | /Categories/Product types/Country Briefs,/Categories/Catalog role/Discoverable product | /Categories/Product types/Country Briefs | /Categories/Countries/CAF | /Categories/Monitoring products/Country brief | /Categories/Geographic scope/Country | /Categories/Languages/English | /Categories/DIEM pillars/Household monitoring system,/Categories/Catalog role/Discoverable product | /Categories/Countries/CAF | /Categories/DIEM pillars/Household monitoring system | /Categories/Geographic scope/Country | /Categories/Languages/English | /Categories/Monitoring products/Country brief | /Categories/Product types/Country Briefs,verified
a4f51c7871bd4333a0dc068858ef7c0a,Central African Republic - DIEM Monitoring Brief - Round 6,Document Link,CAF,Central African Republic — Round 06,Country brief,English,Country,high,apply,,,,,,,/Categories/Catalog role/Discoverable product | /Categories/Countries/CAF | /Categories/DIEM pillars/Household monitoring system | /Categories/Geographic scope/Country | /Categories/Languages/English | /Categories/Monitoring products/Country brief | /Categories/Product types/Country Briefs,/Categories/Catalog role/Discoverable product | /Categories/Product types/Country Briefs | /Categories/Countries/CAF | /Categories/Monitoring products/Country brief | /Categories/Geographic scope/Country | /Categories/Languages/English | /Categories/DIEM pillars/Household monitoring system,/Categories/Catalog role/Discoverable product | /Categories/Countries/CAF | /Categories/DIEM pillars/Household monitoring system | /Categories/Geographic scope/Country | /Categories/Languages/English | /Categories/Monitoring products/Country brief | /Categories/Product types/Country Briefs,verified
e18cdea8495b44c6ba0d31fda53fda5f,Central African Republic - Household Questionnaire - Round 4,Microsoft Excel,CAF,Central African Republic — Round 04,Questionnaire,English,Country,high,apply,,,,,,,/Categories/Catalog role/Discoverable product | /Categories/Countries/CAF | /Categories/DIEM pillars/Household monitoring system | /Categories/Geographic scope/Country | /Categories/Languages/English | /Categories/Monitoring products/Questionnaire | /Categories/Product types/Questionnaires,/Categories/Catalog role/Discoverable product | /Categories/Product types/Questionnaires | /Categories/Countries/CAF | /Categories/Monitoring products/Questionnaire | /Categories/Geographic scope/Country | /Categories/Languages/English | /Categories/DIEM pillars/Household monitoring system,/Categories/Catalog role/Discoverable product | /Categories/Countries/CAF | /Categories/DIEM pillars/Household monitoring system | /Categories/Geographic scope/Country | /Categories/Languages/English | /Categories/Monitoring products/Questionnaire | /Categories/Product types/Questionnaires,verified
f921e247d4234454958eeab109015f4e,Central African Republic - Household Questionnaire - Round 5,Microsoft Excel,CAF,Central African Republic — Round 05,Questionnaire,English,Country,high,apply,,,,,,,/Categories/Catalog role/Discoverable product | /Categories/Countries/CAF | /Categories/DIEM pillars/Household monitoring system | /Categories/Geographic scope/Country | /Categories/Languages/English | /Categories/Monitoring products/Questionnaire | /Categories/Product types/Questionnaires,/Categories/Catalog role/Discoverable product | /Categories/Product types/Questionnaires | /Categories/Countries/CAF | /Categories/Monitoring products/Questionnaire | /Categories/Geographic scope/Country | /Categories/Languages/English | /Categories/DIEM pillars/Household monitoring system,/Categories/Catalog role/Discoverable product | /Categories/Countries/CAF | /Categories/DIEM pillars/Household monitoring system | /Categories/Geographic scope/Country | /Categories/Languages/English | /Categories/Monitoring products/Questionnaire | /Categories/Product types/Questionnaires,verified
cd26fcffac2b432ba9ab01f2e9e5ee90,Central African Republic - Household Questionnaire - Round 7,Microsoft Excel,CAF,Central African Republic — Round 07,Questionnaire,English,Country,high,apply,,,,,,,/Categories/Catalog role/Discoverable product | /Categories/Countries/CAF | /Categories/DIEM pillars/Household monitoring system | /Categories/Geographic scope/Country | /Categories/Languages/English | /Categories/Monitoring products/Questionnaire | /Categories/Product types/Questionnaires,/Categories/Catalog role/Discoverable product | /Categories/Product types/Questionnaires | /Categories/Countries/CAF | /Categories/Monitoring products/Questionnaire | /Categories/Geographic scope/Country | /Categories/Languages/English | /Categories/DIEM pillars/Household monitoring system,/Categories/Catalog role/Discoverable product | /Categories/Countries/CAF | /Categories/DIEM pillars/Household monitoring system | /Categories/Geographic scope/Country | /Categories/Languages/English | /Categories/Monitoring products/Questionnaire | /Categories/Product types/Questionnaires,verified
fd2ddb52901c45f5a3b1d9315aa15cce,Central African Republic - Household Questionnaire - Round2,Microsoft Excel,CAF,,Questionnaire,English,Country,medium,apply,,,,,,Not linked from the monitoring round table; inclusion and round require review,/Categories/Catalog role/Discoverable product | /Categories/Countries/CAF | /Categories/DIEM pillars/Household monitoring system | /Categories/Geographic scope/Country | /Categories/Languages/English | /Categories/Monitoring products/Questionnaire | /Categories/Product types/Questionnaires,/Categories/Catalog role/Discoverable product | /Categories/Product types/Questionnaires | /Categories/Countries/CAF | /Categories/Monitoring products/Questionnaire | /Categories/Geographic scope/Country | /Categories/Languages/English | /Categories/DIEM pillars/Household monitoring system,/Categories/Catalog role/Discoverable product | /Categories/Countries/CAF | /Categories/DIEM pillars/Household monitoring system | /Categories/Geographic scope/Country | /Categories/Languages/English | /Categories/Monitoring products/Questionnaire | /Categories/Product types/Questionnaires,verified
9f13a2f88bbf445a8187feee2b27b341,Central African Republic - Household Questionnaire - Round3,Microsoft Excel,CAF,Central African Republic — Round 03,Questionnaire,English,Country,high,apply,,,,,,,/Categories/Catalog role/Discoverable product | /Categories/Countries/CAF | /Categories/DIEM pillars/Household monitoring system | /Categories/Geographic scope/Country | /Categories/Languages/English | /Categories/Monitoring products/Questionnaire | /Categories/Product types/Questionnaires,/Categories/Catalog role/Discoverable product | /Categories/Product types/Questionnaires | /Categories/Countries/CAF | /Categories/Monitoring products/Questionnaire | /Categories/Geographic scope/Country | /Categories/Languages/English | /Categories/DIEM pillars/Household monitoring system,/Categories/Catalog role/Discoverable product | /Categories/Countries/CAF | /Categories/DIEM pillars/Household monitoring system | /Categories/Geographic scope/Country | /Categories/Languages/English | /Categories/Monitoring products/Questionnaire | /Categories/Product types/Questionnaires,verified
fb6ba6efcb724868927bb9e53322019c,Central African Republic - Household Questionnaire - Round6,Microsoft Excel,CAF,Central African Republic — Round 06,Questionnaire,English,Country,high,apply,,,,,,,/Categories/Catalog role/Discoverable product | /Categories/Countries/CAF | /Categories/DIEM pillars/Household monitoring system | /Categories/Geographic scope/Country | /Categories/Languages/English | /Categories/Monitoring products/Questionnaire | /Categories/Product types/Questionnaires,/Categories/Catalog role/Discoverable product | /Categories/Product types/Questionnaires | /Categories/Countries/CAF | /Categories/Monitoring products/Questionnaire | /Categories/Geographic scope/Country | /Categories/Languages/English | /Categories/DIEM pillars/Household monitoring system,/Categories/Catalog role/Discoverable product | /Categories/Countries/CAF | /Categories/DIEM pillars/Household monitoring system | /Categories/Geographic scope/Country | /Categories/Languages/English | /Categories/Monitoring products/Questionnaire | /Categories/Product types/Questionnaires,verified
d15482ee54b04c3dac2b931bfa0d53f7,Chad - Bulletin de suivi DIEM - Cycle 6,Document Link,TCD,,Country brief,French,Country,medium,apply,,,,,,Not linked from the monitoring round table; inclusion and round require review,/Categories/Catalog role/Discoverable product | /Categories/Countries/TCD | /Categories/Geographic scope/Country | /Categories/Product types/Country Briefs,/Categories/Catalog role/Discoverable product | /Categories/Product types/Country Briefs | /Categories/Countries/TCD | /Categories/Monitoring products/Country brief | /Categories/Geographic scope/Country | /Categories/Languages/French | /Categories/DIEM pillars/Household monitoring system,/Categories/Catalog role/Discoverable product | /Categories/Countries/TCD | /Categories/DIEM pillars/Household monitoring system | /Categories/Geographic scope/Country | /Categories/Languages/French | /Categories/Monitoring products/Country brief | /Categories/Product types/Country Briefs,verified
38f566e0853840bba4b3492b8f252548,Chad - DIEM Monitoring Brief - Round 2 ,PDF,TCD,,Country brief,English,Country,medium,apply,,,,,,Not linked from the monitoring round table; inclusion and round require review,/Categories/Catalog role/Discoverable product | /Categories/Countries/TCD | /Categories/Geographic scope/Country | /Categories/Product types/Country Briefs,/Categories/Catalog role/Discoverable product | /Categories/Product types/Country Briefs | /Categories/Countries/TCD | /Categories/Monitoring products/Country brief | /Categories/Geographic scope/Country | /Categories/Languages/English | /Categories/DIEM pillars/Household monitoring system,/Categories/Catalog role/Discoverable product | /Categories/Countries/TCD | /Categories/DIEM pillars/Household monitoring system | /Categories/Geographic scope/Country | /Categories/Languages/English | /Categories/Monitoring products/Country brief | /Categories/Product types/Country Briefs,verified
b714259b27b04b4b9526b683f4c69411,Chad - DIEM Monitoring Brief - Round 3,Document Link,TCD,Chad — Round 03,Country brief,English,Country,high,apply,,,,,,,/Categories/Catalog role/Discoverable product | /Categories/Countries/TCD | /Categories/DIEM pillars/Household monitoring system | /Categories/Geographic scope/Country | /Categories/Languages/English | /Categories/Monitoring products/Country brief | /Categories/Product types/Country Briefs,/Categories/Catalog role/Discoverable product | /Categories/Product types/Country Briefs | /Categories/Countries/TCD | /Categories/Monitoring products/Country brief | /Categories/Geographic scope/Country | /Categories/Languages/English | /Categories/DIEM pillars/Household monitoring system,/Categories/Catalog role/Discoverable product | /Categories/Countries/TCD | /Categories/DIEM pillars/Household monitoring system | /Categories/Geographic scope/Country | /Categories/Languages/English | /Categories/Monitoring products/Country brief | /Categories/Product types/Country Briefs,verified
0b0d7253af0f4a9082f4783411ed67e2,Chad - DIEM Monitoring Brief - Round 3 (FR),Document Link,TCD,,Country brief,French,Country,medium,apply,,,,,,Not linked from the monitoring round table; inclusion and round require review,/Categories/Catalog role/Discoverable product | /Categories/Countries/TCD | /Categories/Geographic scope/Country | /Categories/Product types/Country Briefs,/Categories/Catalog role/Discoverable product | /Categories/Product types/Country Briefs | /Categories/Countries/TCD | /Categories/Monitoring products/Country brief | /Categories/Geographic scope/Country | /Categories/Languages/French | /Categories/DIEM pillars/Household monitoring system,/Categories/Catalog role/Discoverable product | /Categories/Countries/TCD | /Categories/DIEM pillars/Household monitoring system | /Categories/Geographic scope/Country | /Categories/Languages/French | /Categories/Monitoring products/Country brief | /Categories/Product types/Country Briefs,verified
1d708c1d591b4cf5a11a8accf2a81314,Chad - DIEM Monitoring Brief - Round 4,Document Link,TCD,Chad — Round 04,Country brief,English,Country,high,apply,,,,,,,/Categories/Catalog role/Discoverable product | /Categories/Countries/TCD | /Categories/DIEM pillars/Household monitoring system | /Categories/Geographic scope/Country | /Categories/Languages/English | /Categories/Monitoring products/Country brief | /Categories/Product types/Country Briefs,/Categories/Catalog role/Discoverable product | /Categories/Product types/Country Briefs | /Categories/Countries/TCD | /Categories/Monitoring products/Country brief | /Categories/Geographic scope/Country | /Categories/Languages/English | /Categories/DIEM pillars/Household monitoring system,/Categories/Catalog role/Discoverable product | /Categories/Countries/TCD | /Categories/DIEM pillars/Household monitoring system | /Categories/Geographic scope/Country | /Categories/Languages/English | /Categories/Monitoring products/Country brief | /Categories/Product types/Country Briefs,verified
6b9298787f1040de88e3e0f52dd64b58,Chad - DIEM Monitoring Brief - Round 4 (FR),Document Link,TCD,,Country brief,French,Country,medium,apply,,,,,,Not linked from the monitoring round table; inclusion and round require review,/Categories/Catalog role/Discoverable product | /Categories/Countries/TCD | /Categories/Geographic scope/Country | /Categories/Product types/Country Briefs,/Categories/Catalog role/Discoverable product | /Categories/Product types/Country Briefs | /Categories/Countries/TCD | /Categories/Monitoring products/Country brief | /Categories/Geographic scope/Country | /Categories/Languages/French | /Categories/DIEM pillars/Household monitoring system,/Categories/Catalog role/Discoverable product | /Categories/Countries/TCD | /Categories/DIEM pillars/Household monitoring system | /Categories/Geographic scope/Country | /Categories/Languages/French | /Categories/Monitoring products/Country brief | /Categories/Product types/Country Briefs,verified
1f84de6ae5b84d3996373d7bac39b9a2,Chad - DIEM Monitoring Brief - Round 5,Document Link,TCD,Chad — Round 05,Country brief,English,Country,high,apply,,,,,,,/Categories/Catalog role/Discoverable product | /Categories/Countries/TCD | /Categories/DIEM pillars/Household monitoring system | /Categories/Geographic scope/Country | /Categories/Languages/English | /Categories/Monitoring products/Country brief | /Categories/Product types/Country Briefs,/Categories/Catalog role/Discoverable product | /Categories/Product types/Country Briefs | /Categories/Countries/TCD | /Categories/Monitoring products/Country brief | /Categories/Geographic scope/Country | /Categories/Languages/English | /Categories/DIEM pillars/Household monitoring system,/Categories/Catalog role/Discoverable product | /Categories/Countries/TCD | /Categories/DIEM pillars/Household monitoring system | /Categories/Geographic scope/Country | /Categories/Languages/English | /Categories/Monitoring products/Country brief | /Categories/Product types/Country Briefs,verified
84e56860ddf949438149f6e0af7c922b,Chad - DIEM Monitoring Brief - Round 5 (FR),Document Link,TCD,,Country brief,French,Country,medium,apply,,,,,,Not linked from the monitoring round table; inclusion and round require review,/Categories/Catalog role/Discoverable product | /Categories/Countries/TCD | /Categories/Geographic scope/Country | /Categories/Product types/Country Briefs,/Categories/Catalog role/Discoverable product | /Categories/Product types/Country Briefs | /Categories/Countries/TCD | /Categories/Monitoring products/Country brief | /Categories/Geographic scope/Country | /Categories/Languages/French | /Categories/DIEM pillars/Household monitoring system,/Categories/Catalog role/Discoverable product | /Categories/Countries/TCD | /Categories/DIEM pillars/Household monitoring system | /Categories/Geographic scope/Country | /Categories/Languages/French | /Categories/Monitoring products/Country brief | /Categories/Product types/Country Briefs,verified
278bc2cd36414abfb517e8a7d1389880,Chad - DIEM Monitoring Brief - Round 6,Document Link,TCD,Chad — Round 06,Country brief,English,Country,high,apply,,,,,,,/Categories/Catalog role/Discoverable product | /Categories/Countries/TCD | /Categories/DIEM pillars/Household monitoring system | /Categories/Geographic scope/Country | /Categories/Languages/English | /Categories/Monitoring products/Country brief | /Categories/Product types/Country Briefs,/Categories/Catalog role/Discoverable product | /Categories/Product types/Country Briefs | /Categories/Countries/TCD | /Categories/Monitoring products/Country brief | /Categories/Geographic scope/Country | /Categories/Languages/English | /Categories/DIEM pillars/Household monitoring system,/Categories/Catalog role/Discoverable product | /Categories/Countries/TCD | /Categories/DIEM pillars/Household monitoring system | /Categories/Geographic scope/Country | /Categories/Languages/English | /Categories/Monitoring products/Country brief | /Categories/Product types/Country Briefs,verified
3c85a27a330d42aa90577a06ba185a30,Chad - DIEM Monitoring Brief - Round 7,Document Link,TCD,Chad — Round 07,Country brief,English,Country,high,apply,,,,,,,/Categories/Catalog role/Discoverable product | /Categories/Countries/TCD | /Categories/DIEM pillars/Household monitoring system | /Categories/Geographic scope/Country | /Categories/Languages/English | /Categories/Monitoring products/Country brief | /Categories/Product types/Country Briefs,/Categories/Catalog role/Discoverable product | /Categories/Product types/Country Briefs | /Categories/Countries/TCD | /Categories/Monitoring products/Country brief | /Categories/Geographic scope/Country | /Categories/Languages/English | /Categories/DIEM pillars/Household monitoring system,/Categories/Catalog role/Discoverable product | /Categories/Countries/TCD | /Categories/DIEM pillars/Household monitoring system | /Categories/Geographic scope/Country | /Categories/Languages/English | /Categories/Monitoring products/Country brief | /Categories/Product types/Country Briefs,verified
97f81f387c154e9b90d46d4fcba8d8cb,Chad - DIEM Monitoring Brief - Round 8 (EN),Document Link,TCD,,Country brief,English,Country,medium,apply,,,,,,Not linked from the monitoring round table; inclusion and round require review,/Categories/Catalog role/Discoverable product | /Categories/Countries/TCD | /Categories/Geographic scope/Country | /Categories/Product types/Country Briefs,/Categories/Catalog role/Discoverable product | /Categories/Product types/Country Briefs | /Categories/Countries/TCD | /Categories/Monitoring products/Country brief | /Categories/Geographic scope/Country | /Categories/Languages/English | /Categories/DIEM pillars/Household monitoring system,/Categories/Catalog role/Discoverable product | /Categories/Countries/TCD | /Categories/DIEM pillars/Household monitoring system | /Categories/Geographic scope/Country | /Categories/Languages/English | /Categories/Monitoring products/Country brief | /Categories/Product types/Country Briefs,verified
3cecf9680a6549a8b1869ae1aa8a85b2,Chad - DIEM Monitoring Executive Brief - Round 8 (FR),Document Link,TCD,,Country brief,French,Country,medium,apply,,,,,,Not linked from the monitoring round table; inclusion and round require review,/Categories/Catalog role/Discoverable product | /Categories/Countries/TCD | /Categories/Geographic scope/Country | /Categories/Product types/Country Briefs,/Categories/Catalog role/Discoverable product | /Categories/Product types/Country Briefs | /Categories/Countries/TCD | /Categories/Monitoring products/Country brief | /Categories/Geographic scope/Country | /Categories/Languages/French | /Categories/DIEM pillars/Household monitoring system,/Categories/Catalog role/Discoverable product | /Categories/Countries/TCD | /Categories/DIEM pillars/Household monitoring system | /Categories/Geographic scope/Country | /Categories/Languages/French | /Categories/Monitoring products/Country brief | /Categories/Product types/Country Briefs,verified
59e9910c82e34cbd950f5fc18656a2c9,Chad - Household Questionnaire - Round 4,Microsoft Excel,TCD,Chad — Round 04,Questionnaire,English,Country,high,apply,,,,,,,/Categories/Catalog role/Discoverable product | /Categories/Countries/TCD | /Categories/DIEM pillars/Household monitoring system | /Categories/Geographic scope/Country | /Categories/Languages/English | /Categories/Monitoring products/Questionnaire | /Categories/Product types/Questionnaires,/Categories/Catalog role/Discoverable product | /Categories/Product types/Questionnaires | /Categories/Countries/TCD | /Categories/Monitoring products/Questionnaire | /Categories/Geographic scope/Country | /Categories/Languages/English | /Categories/DIEM pillars/Household monitoring system,/Categories/Catalog role/Discoverable product | /Categories/Countries/TCD | /Categories/DIEM pillars/Household monitoring system | /Categories/Geographic scope/Country | /Categories/Languages/English | /Categories/Monitoring products/Questionnaire | /Categories/Product types/Questionnaires,verified
62419eb859244adb980f1c4cecd46207,Chad - Household Questionnaire - Round 5,Microsoft Excel,TCD,Chad — Round 05,Questionnaire,English,Country,high,apply,,,,,,,/Categories/Catalog role/Discoverable product | /Categories/Countries/TCD | /Categories/DIEM pillars/Household monitoring system | /Categories/Geographic scope/Country | /Categories/Languages/English | /Categories/Monitoring products/Questionnaire | /Categories/Product types/Questionnaires,/Categories/Catalog role/Discoverable product | /Categories/Product types/Questionnaires | /Categories/Countries/TCD | /Categories/Monitoring products/Questionnaire | /Categories/Geographic scope/Country | /Categories/Languages/English | /Categories/DIEM pillars/Household monitoring system,/Categories/Catalog role/Discoverable product | /Categories/Countries/TCD | /Categories/DIEM pillars/Household monitoring system | /Categories/Geographic scope/Country | /Categories/Languages/English | /Categories/Monitoring products/Questionnaire | /Categories/Product types/Questionnaires,verified
c7bd3ef3446b4e22a8dfec8fa96d5675,Chad - Household Questionnaire - Round 6,Microsoft Excel,TCD,Chad — Round 06,Questionnaire,English,Country,high,apply,,,,,,,/Categories/Catalog role/Discoverable product | /Categories/Countries/TCD | /Categories/DIEM pillars/Household monitoring system | /Categories/Geographic scope/Country | /Categories/Languages/English | /Categories/Monitoring products/Questionnaire | /Categories/Product types/Questionnaires,/Categories/Catalog role/Discoverable product | /Categories/Product types/Questionnaires | /Categories/Countries/TCD | /Categories/Monitoring products/Questionnaire | /Categories/Geographic scope/Country | /Categories/Languages/English | /Categories/DIEM pillars/Household monitoring system,/Categories/Catalog role/Discoverable product | /Categories/Countries/TCD | /Categories/DIEM pillars/Household monitoring system | /Categories/Geographic scope/Country | /Categories/Languages/English | /Categories/Monitoring products/Questionnaire | /Categories/Product types/Questionnaires,verified
eec7ee4655534b7c8e83a931577de7d6,Chad - Household Questionnaire - Round 8,Microsoft Excel,TCD,Chad — Round 08,Questionnaire,English,Country,high,apply,,,,,,,/Categories/Catalog role/Discoverable product | /Categories/Countries/TCD | /Categories/DIEM pillars/Household monitoring system | /Categories/Geographic scope/Country | /Categories/Languages/English | /Categories/Monitoring products/Questionnaire | /Categories/Product types/Questionnaires,/Categories/Catalog role/Discoverable product | /Categories/Product types/Questionnaires | /Categories/Countries/TCD | /Categories/Monitoring products/Questionnaire | /Categories/Geographic scope/Country | /Categories/Languages/English | /Categories/DIEM pillars/Household monitoring system,/Categories/Catalog role/Discoverable product | /Categories/Countries/TCD | /Categories/DIEM pillars/Household monitoring system | /Categories/Geographic scope/Country | /Categories/Languages/English | /Categories/Monitoring products/Questionnaire | /Categories/Product types/Questionnaires,verified
1d688cf8e5b54842ba4a1ffaad621a1d,Chad - Household Questionnaire - Round2,Microsoft Excel,TCD,Chad — Round 02,Questionnaire,English,Country,high,apply,,,,,,,/Categories/Catalog role/Discoverable product | /Categories/Countries/TCD | /Categories/DIEM pillars/Household monitoring system | /Categories/Geographic scope/Country | /Categories/Languages/English | /Categories/Monitoring products/Questionnaire | /Categories/Product types/Questionnaires,/Categories/Catalog role/Discoverable product | /Categories/Product types/Questionnaires | /Categories/Countries/TCD | /Categories/Monitoring products/Questionnaire | /Categories/Geographic scope/Country | /Categories/Languages/English | /Categories/DIEM pillars/Household monitoring system,/Categories/Catalog role/Discoverable product | /Categories/Countries/TCD | /Categories/DIEM pillars/Household monitoring system | /Categories/Geographic scope/Country | /Categories/Languages/English | /Categories/Monitoring products/Questionnaire | /Categories/Product types/Questionnaires,verified
8d4b62251b534e499dbb396cde5c59e6,Chad - Household Questionnaire - Round3,Microsoft Excel,TCD,Chad — Round 03,Questionnaire,English,Country,high,apply,,,,,,,/Categories/Catalog role/Discoverable product | /Categories/Countries/TCD | /Categories/DIEM pillars/Household monitoring system | /Categories/Geographic scope/Country | /Categories/Languages/English | /Categories/Monitoring products/Questionnaire | /Categories/Product types/Questionnaires,/Categories/Catalog role/Discoverable product | /Categories/Product types/Questionnaires | /Categories/Countries/TCD | /Categories/Monitoring products/Questionnaire | /Categories/Geographic scope/Country | /Categories/Languages/English | /Categories/DIEM pillars/Household monitoring system,/Categories/Catalog role/Discoverable product | /Categories/Countries/TCD | /Categories/DIEM pillars/Household monitoring system | /Categories/Geographic scope/Country | /Categories/Languages/English | /Categories/Monitoring products/Questionnaire | /Categories/Product types/Questionnaires,verified
d6a7466090ae416e8796e75d79dfd38c,Chad - Household Questionnaire - Round7,Microsoft Excel,TCD,Chad — Round 07,Questionnaire,English,Country,high,apply,,,,,,,/Categories/Catalog role/Discoverable product | /Categories/Countries/TCD | /Categories/DIEM pillars/Household monitoring system | /Categories/Geographic scope/Country | /Categories/Languages/English | /Categories/Monitoring products/Questionnaire | /Categories/Product types/Questionnaires,/Categories/Catalog role/Discoverable product | /Categories/Product types/Questionnaires | /Categories/Countries/TCD | /Categories/Monitoring products/Questionnaire | /Categories/Geographic scope/Country | /Categories/Languages/English | /Categories/DIEM pillars/Household monitoring system,/Categories/Catalog role/Discoverable product | /Categories/Countries/TCD | /Categories/DIEM pillars/Household monitoring system | /Categories/Geographic scope/Country | /Categories/Languages/English | /Categories/Monitoring products/Questionnaire | /Categories/Product types/Questionnaires,verified
0f9f90ac5fe04354a1cb31bf66187a9a,Chad - Household Questionnaire - Round9,Microsoft Excel,TCD,Chad — Round 09,Questionnaire,French,Country,high,apply,,,,,,,/Categories/Catalog role/Discoverable product | /Categories/Countries/TCD | /Categories/DIEM pillars/Household monitoring system | /Categories/Geographic scope/Country | /Categories/Languages/French | /Categories/Monitoring products/Questionnaire | /Categories/Product types/Questionnaires,/Categories/Catalog role/Discoverable product | /Categories/Product types/Questionnaires | /Categories/Countries/TCD | /Categories/Monitoring products/Questionnaire | /Categories/Geographic scope/Country | /Categories/Languages/French | /Categories/DIEM pillars/Household monitoring system,/Categories/Catalog role/Discoverable product | /Categories/Countries/TCD | /Categories/DIEM pillars/Household monitoring system | /Categories/Geographic scope/Country | /Categories/Languages/French | /Categories/Monitoring products/Questionnaire | /Categories/Product types/Questionnaires,verified
9f01eaae3b904f12bed0be895ec2fd14,Chad - Presentation - Round 0,PDF,TCD,,Findings presentation,English,Country,medium,apply,,,,,,Not linked from the monitoring round table; inclusion and round require review,/Categories/Catalog role/Discoverable product | /Categories/Countries/TCD | /Categories/Geographic scope/Country | /Categories/Product types/Key Findings Presentations,/Categories/Catalog role/Discoverable product | /Categories/Product types/Key Findings Presentations | /Categories/Countries/TCD | /Categories/Monitoring products/Findings presentation | /Categories/Geographic scope/Country | /Categories/Languages/English | /Categories/DIEM pillars/Household monitoring system,/Categories/Catalog role/Discoverable product | /Categories/Countries/TCD | /Categories/DIEM pillars/Household monitoring system | /Categories/Geographic scope/Country | /Categories/Languages/English | /Categories/Monitoring products/Findings presentation | /Categories/Product types/Key Findings Presentations,verified
cc4839187d2f4744bcc6ba0f2ac34ede,Chad - Presentation - Round 1,PDF,TCD,,Findings presentation,English,Country,medium,apply,,,,,,Not linked from the monitoring round table; inclusion and round require review,/Categories/Catalog role/Discoverable product | /Categories/Countries/TCD | /Categories/Geographic scope/Country | /Categories/Product types/Key Findings Presentations,/Categories/Catalog role/Discoverable product | /Categories/Product types/Key Findings Presentations | /Categories/Countries/TCD | /Categories/Monitoring products/Findings presentation | /Categories/Geographic scope/Country | /Categories/Languages/English | /Categories/DIEM pillars/Household monitoring system,/Categories/Catalog role/Discoverable product | /Categories/Countries/TCD | /Categories/DIEM pillars/Household monitoring system | /Categories/Geographic scope/Country | /Categories/Languages/English | /Categories/Monitoring products/Findings presentation | /Categories/Product types/Key Findings Presentations,verified
8f3cd68232764f44a15b2237221f1081,Chad - Presentation - Round 2,PDF,TCD,Chad — Round 02,Findings presentation,English,Country,high,apply,,,,,,,/Categories/Catalog role/Discoverable product | /Categories/Countries/TCD | /Categories/DIEM pillars/Household monitoring system | /Categories/Geographic scope/Country | /Categories/Languages/English | /Categories/Monitoring products/Findings presentation | /Categories/Product types/Key Findings Presentations,/Categories/Catalog role/Discoverable product | /Categories/Product types/Key Findings Presentations | /Categories/Countries/TCD | /Categories/Monitoring products/Findings presentation | /Categories/Geographic scope/Country | /Categories/Languages/English | /Categories/DIEM pillars/Household monitoring system,/Categories/Catalog role/Discoverable product | /Categories/Countries/TCD | /Categories/DIEM pillars/Household monitoring system | /Categories/Geographic scope/Country | /Categories/Languages/English | /Categories/Monitoring products/Findings presentation | /Categories/Product types/Key Findings Presentations,verified
fc987de1b0ba43feb92519c0683f58ad,Chad: DIEM-Monitoring emergency agriculture support brief,Document Link,TCD,Chad — Round 09,Country brief,English,Country,high,apply,,,,,,,/Categories/Catalog role/Discoverable product | /Categories/Countries/TCD | /Categories/DIEM pillars/Household monitoring system | /Categories/Geographic scope/Country | /Categories/Languages/English | /Categories/Monitoring products/Country brief | /Categories/Product types/Country Briefs,/Categories/Catalog role/Discoverable product | /Categories/Product types/Country Briefs | /Categories/Countries/TCD | /Categories/Monitoring products/Country brief | /Categories/Geographic scope/Country | /Categories/Languages/English | /Categories/DIEM pillars/Household monitoring system,/Categories/Catalog role/Discoverable product | /Categories/Countries/TCD | /Categories/DIEM pillars/Household monitoring system | /Categories/Geographic scope/Country | /Categories/Languages/English | /Categories/Monitoring products/Country brief | /Categories/Product types/Country Briefs,verified
63567b3ecb5c43b7a9a206c1701d18cf,Colombia - DIEM Monitoring Brief - Round 3,Document Link,COL,,Country brief,English,Country,medium,apply,,,,,,Not linked from the monitoring round table; inclusion and round require review,/Categories/Catalog role/Discoverable product | /Categories/Countries/COL | /Categories/Geographic scope/Country | /Categories/Product types/Country Briefs,/Categories/Catalog role/Discoverable product | /Categories/Product types/Country Briefs | /Categories/Countries/COL | /Categories/Monitoring products/Country brief | /Categories/Geographic scope/Country | /Categories/Languages/English | /Categories/DIEM pillars/Household monitoring system,/Categories/Catalog role/Discoverable product | /Categories/Countries/COL | /Categories/DIEM pillars/Household monitoring system | /Categories/Geographic scope/Country | /Categories/Languages/English | /Categories/Monitoring products/Country brief | /Categories/Product types/Country Briefs,verified
5c575de647f04e7baa7dea328cfbb9fb,Colombia - DIEM Monitoring Brief - Round 3 (ES),Document Link,COL,Colombia — Round 03,Country brief,Spanish,Country,high,apply,,,,,,,/Categories/Catalog role/Discoverable product | /Categories/Countries/COL | /Categories/DIEM pillars/Household monitoring system | /Categories/Geographic scope/Country | /Categories/Languages/English | /Categories/Monitoring products/Country brief | /Categories/Product types/Country Briefs,/Categories/Catalog role/Discoverable product | /Categories/Product types/Country Briefs | /Categories/Countries/COL | /Categories/Monitoring products/Country brief | /Categories/Geographic scope/Country | /Categories/Languages/Spanish | /Categories/DIEM pillars/Household monitoring system,/Categories/Catalog role/Discoverable product | /Categories/Countries/COL | /Categories/DIEM pillars/Household monitoring system | /Categories/Geographic scope/Country | /Categories/Languages/Spanish | /Categories/Monitoring products/Country brief | /Categories/Product types/Country Briefs,verified
cda40b180b3f403c999cfefb402c1b36,Colombia - DIEM Monitoring Brief - Round 4,Document Link,COL,Colombia — Round 04,Country brief,English,Country,high,apply,,,,,,,/Categories/Catalog role/Discoverable product | /Categories/Countries/COL | /Categories/DIEM pillars/Household monitoring system | /Categories/Geographic scope/Country | /Categories/Languages/English | /Categories/Monitoring products/Country brief | /Categories/Product types/Country Briefs,/Categories/Catalog role/Discoverable product | /Categories/Product types/Country Briefs | /Categories/Countries/COL | /Categories/Monitoring products/Country brief | /Categories/Geographic scope/Country | /Categories/Languages/English | /Categories/DIEM pillars/Household monitoring system,/Categories/Catalog role/Discoverable product | /Categories/Countries/COL | /Categories/DIEM pillars/Household monitoring system | /Categories/Geographic scope/Country | /Categories/Languages/English | /Categories/Monitoring products/Country brief | /Categories/Product types/Country Briefs,verified
a89af04994c14d489504f751c7f4357a,Colombia - DIEM Monitoring Brief - Round 4 (ES),Document Link,COL,,Country brief,Spanish,Country,medium,apply,,,,,,Not linked from the monitoring round table; inclusion and round require review,/Categories/Catalog role/Discoverable product | /Categories/Countries/COL | /Categories/Geographic scope/Country | /Categories/Product types/Country Briefs,/Categories/Catalog role/Discoverable product | /Categories/Product types/Country Briefs | /Categories/Countries/COL | /Categories/Monitoring products/Country brief | /Categories/Geographic scope/Country | /Categories/Languages/Spanish | /Categories/DIEM pillars/Household monitoring system,/Categories/Catalog role/Discoverable product | /Categories/Countries/COL | /Categories/DIEM pillars/Household monitoring system | /Categories/Geographic scope/Country | /Categories/Languages/Spanish | /Categories/Monitoring products/Country brief | /Categories/Product types/Country Briefs,verified
0e1a32ff941145e9abe222e54fd4bb6c,Colombia - DIEM Monitoring Brief - Round 5,Document Link,COL,Colombia — Round 05,Country brief,English,Country,high,apply,,,,,,,/Categories/Catalog role/Discoverable product | /Categories/Countries/COL | /Categories/DIEM pillars/Household monitoring system | /Categories/Geographic scope/Country | /Categories/Languages/English | /Categories/Monitoring products/Country brief | /Categories/Product types/Country Briefs,/Categories/Catalog role/Discoverable product | /Categories/Product types/Country Briefs | /Categories/Countries/COL | /Categories/Monitoring products/Country brief | /Categories/Geographic scope/Country | /Categories/Languages/English | /Categories/DIEM pillars/Household monitoring system,/Categories/Catalog role/Discoverable product | /Categories/Countries/COL | /Categories/DIEM pillars/Household monitoring system | /Categories/Geographic scope/Country | /Categories/Languages/English | /Categories/Monitoring products/Country brief | /Categories/Product types/Country Briefs,verified
c974a67c2f7643ecb917c36d5a64a496,Colombia - DIEM Monitoring Brief - Round 6,Document Link,COL,,Country brief,French,Country,medium,apply,,,,,,Not linked from the monitoring round table; inclusion and round require review,/Categories/Catalog role/Discoverable product | /Categories/Countries/COL | /Categories/Geographic scope/Country | /Categories/Product types/Country Briefs,/Categories/Catalog role/Discoverable product | /Categories/Product types/Country Briefs | /Categories/Countries/COL | /Categories/Monitoring products/Country brief | /Categories/Geographic scope/Country | /Categories/Languages/French | /Categories/DIEM pillars/Household monitoring system,/Categories/Catalog role/Discoverable product | /Categories/Countries/COL | /Categories/DIEM pillars/Household monitoring system | /Categories/Geographic scope/Country | /Categories/Languages/French | /Categories/Monitoring products/Country brief | /Categories/Product types/Country Briefs,verified
e783fe10ce644f439334422697ab7a5d,Colombia - DIEM Monitoring Brief - Round 6 (ES),Document Link,COL,Colombia — Round 06,Country brief,Spanish,Country,high,apply,,,,,,,/Categories/Catalog role/Discoverable product | /Categories/Countries/COL | /Categories/DIEM pillars/Household monitoring system | /Categories/Geographic scope/Country | /Categories/Languages/French | /Categories/Monitoring products/Country brief | /Categories/Product types/Country Briefs,/Categories/Catalog role/Discoverable product | /Categories/Product types/Country Briefs | /Categories/Countries/COL | /Categories/Monitoring products/Country brief | /Categories/Geographic scope/Country | /Categories/Languages/Spanish | /Categories/DIEM pillars/Household monitoring system,/Categories/Catalog role/Discoverable product | /Categories/Countries/COL | /Categories/DIEM pillars/Household monitoring system | /Categories/Geographic scope/Country | /Categories/Languages/Spanish | /Categories/Monitoring products/Country brief | /Categories/Product types/Country Briefs,verified
3d64958ab9b742fd89601ab807a57b32,Colombia - DIEM Monitoring Brief - Round 7,Document Link,COL,,Country brief,English,Country,medium,apply,,,,,,Not linked from the monitoring round table; inclusion and round require review,/Categories/Catalog role/Discoverable product | /Categories/Countries/COL | /Categories/Geographic scope/Country | /Categories/Product types/Country Briefs,/Categories/Catalog role/Discoverable product | /Categories/Product types/Country Briefs | /Categories/Countries/COL | /Categories/Monitoring products/Country brief | /Categories/Geographic scope/Country | /Categories/Languages/English | /Categories/DIEM pillars/Household monitoring system,/Categories/Catalog role/Discoverable product | /Categories/Countries/COL | /Categories/DIEM pillars/Household monitoring system | /Categories/Geographic scope/Country | /Categories/Languages/English | /Categories/Monitoring products/Country brief | /Categories/Product types/Country Briefs,verified
de523c66872e4cb585045222ef413f7f,Colombia - Household Questionnaire - Round 3,Microsoft Excel,COL,Colombia — Round 03,Questionnaire,English,Country,high,apply,,,,,,,/Categories/Catalog role/Discoverable product | /Categories/Countries/COL | /Categories/DIEM pillars/Household monitoring system | /Categories/Geographic scope/Country | /Categories/Languages/English | /Categories/Monitoring products/Questionnaire | /Categories/Product types/Questionnaires,/Categories/Catalog role/Discoverable product | /Categories/Product types/Questionnaires | /Categories/Countries/COL | /Categories/Monitoring products/Questionnaire | /Categories/Geographic scope/Country | /Categories/Languages/English | /Categories/DIEM pillars/Household monitoring system,/Categories/Catalog role/Discoverable product | /Categories/Countries/COL | /Categories/DIEM pillars/Household monitoring system | /Categories/Geographic scope/Country | /Categories/Languages/English | /Categories/Monitoring products/Questionnaire | /Categories/Product types/Questionnaires,verified
261551341c444a6299f2994f3fc7268f,Colombia - Household Questionnaire - Round 4,Microsoft Excel,COL,Colombia — Round 04,Questionnaire,English,Country,high,apply,,,,,,,/Categories/Catalog role/Discoverable product | /Categories/Countries/COL | /Categories/DIEM pillars/Household monitoring system | /Categories/Geographic scope/Country | /Categories/Languages/English | /Categories/Monitoring products/Questionnaire | /Categories/Product types/Questionnaires,/Categories/Catalog role/Discoverable product | /Categories/Product types/Questionnaires | /Categories/Countries/COL | /Categories/Monitoring products/Questionnaire | /Categories/Geographic scope/Country | /Categories/Languages/English | /Categories/DIEM pillars/Household monitoring system,/Categories/Catalog role/Discoverable product | /Categories/Countries/COL | /Categories/DIEM pillars/Household monitoring system | /Categories/Geographic scope/Country | /Categories/Languages/English | /Categories/Monitoring products/Questionnaire | /Categories/Product types/Questionnaires,verified
c6af6c0493d24c25b0d6c02b2a593de0,Colombia - Household Questionnaire - Round 6,Microsoft Excel,COL,Colombia — Round 06,Questionnaire,French,Country,high,apply,,,,,,,/Categories/Catalog role/Discoverable product | /Categories/Countries/COL | /Categories/DIEM pillars/Household monitoring system | /Categories/Geographic scope/Country | /Categories/Languages/French | /Categories/Monitoring products/Questionnaire | /Categories/Product types/Questionnaires,/Categories/Catalog role/Discoverable product | /Categories/Product types/Questionnaires | /Categories/Countries/COL | /Categories/Monitoring products/Questionnaire | /Categories/Geographic scope/Country | /Categories/Languages/French | /Categories/DIEM pillars/Household monitoring system,/Categories/Catalog role/Discoverable product | /Categories/Countries/COL | /Categories/DIEM pillars/Household monitoring system | /Categories/Geographic scope/Country | /Categories/Languages/French | /Categories/Monitoring products/Questionnaire | /Categories/Product types/Questionnaires,verified
c1caf871e38a4c8c9fdc43ad6ddad830,COLOMBIA - Household Questionnaire - Round1 ,Microsoft Excel,COL,,Questionnaire,English,Country,medium,apply,,,,,,Not linked from the monitoring round table; inclusion and round require review,/Categories/Catalog role/Discoverable product | /Categories/Countries/COL | /Categories/DIEM pillars/Household monitoring system | /Categories/Geographic scope/Country | /Categories/Languages/English | /Categories/Monitoring products/Questionnaire | /Categories/Product types/Questionnaires,/Categories/Catalog role/Discoverable product | /Categories/Product types/Questionnaires | /Categories/Countries/COL | /Categories/Monitoring products/Questionnaire | /Categories/Geographic scope/Country | /Categories/Languages/English | /Categories/DIEM pillars/Household monitoring system,/Categories/Catalog role/Discoverable product | /Categories/Countries/COL | /Categories/DIEM pillars/Household monitoring system | /Categories/Geographic scope/Country | /Categories/Languages/English | /Categories/Monitoring products/Questionnaire | /Categories/Product types/Questionnaires,verified
8ff5b28011c64b7c8531a24b785705d1,Colombia - Household Questionnaire - Round2,Microsoft Excel,COL,,Questionnaire,English,Country,medium,apply,,,,,,Not linked from the monitoring round table; inclusion and round require review,/Categories/Catalog role/Discoverable product | /Categories/Countries/COL | /Categories/DIEM pillars/Household monitoring system | /Categories/Geographic scope/Country | /Categories/Languages/English | /Categories/Monitoring products/Questionnaire | /Categories/Product types/Questionnaires,/Categories/Catalog role/Discoverable product | /Categories/Product types/Questionnaires | /Categories/Countries/COL | /Categories/Monitoring products/Questionnaire | /Categories/Geographic scope/Country | /Categories/Languages/English | /Categories/DIEM pillars/Household monitoring system,/Categories/Catalog role/Discoverable product | /Categories/Countries/COL | /Categories/DIEM pillars/Household monitoring system | /Categories/Geographic scope/Country | /Categories/Languages/English | /Categories/Monitoring products/Questionnaire | /Categories/Product types/Questionnaires,verified
9c7f4d88436c4616b23bc429396356ed,Colombia - Household Questionnaire - Round5,Microsoft Excel,COL,Colombia — Round 05,Questionnaire,French,Country,high,apply,,,,,,,/Categories/Catalog role/Discoverable product | /Categories/Countries/COL | /Categories/DIEM pillars/Household monitoring system | /Categories/Geographic scope/Country | /Categories/Languages/French | /Categories/Monitoring products/Questionnaire | /Categories/Product types/Questionnaires,/Categories/Catalog role/Discoverable product | /Categories/Product types/Questionnaires | /Categories/Countries/COL | /Categories/Monitoring products/Questionnaire | /Categories/Geographic scope/Country | /Categories/Languages/French | /Categories/DIEM pillars/Household monitoring system,/Categories/Catalog role/Discoverable product | /Categories/Countries/COL | /Categories/DIEM pillars/Household monitoring system | /Categories/Geographic scope/Country | /Categories/Languages/French | /Categories/Monitoring products/Questionnaire | /Categories/Product types/Questionnaires,verified
ba8e47c1c1b846c0acd94ebb127ce05b,Colombia - Informe de seguimiento DIEM - Ronda 5,Document Link,COL,,Country brief,Spanish,Country,medium,apply,,,,,,Not linked from the monitoring round table; inclusion and round require review,/Categories/Catalog role/Discoverable product | /Categories/Countries/COL | /Categories/Geographic scope/Country | /Categories/Product types/Country Briefs,/Categories/Catalog role/Discoverable product | /Categories/Product types/Country Briefs | /Categories/Countries/COL | /Categories/Monitoring products/Country brief | /Categories/Geographic scope/Country | /Categories/Languages/Spanish | /Categories/DIEM pillars/Household monitoring system,/Categories/Catalog role/Discoverable product | /Categories/Countries/COL | /Categories/DIEM pillars/Household monitoring system | /Categories/Geographic scope/Country | /Categories/Languages/Spanish | /Categories/Monitoring products/Country brief | /Categories/Product types/Country Briefs,verified
b7ff5d76a7d14c38b4aca26adfbf40d2,Colombia - Informe de seguimiento DIEM - Ronda 7,Document Link,COL,,Country brief,Spanish,Country,medium,apply,,,,,,Not linked from the monitoring round table; inclusion and round require review,/Categories/Catalog role/Discoverable product | /Categories/Countries/COL | /Categories/Geographic scope/Country | /Categories/Product types/Country Briefs,/Categories/Catalog role/Discoverable product | /Categories/Product types/Country Briefs | /Categories/Countries/COL | /Categories/Monitoring products/Country brief | /Categories/Geographic scope/Country | /Categories/Languages/Spanish | /Categories/DIEM pillars/Household monitoring system,/Categories/Catalog role/Discoverable product | /Categories/Countries/COL | /Categories/DIEM pillars/Household monitoring system | /Categories/Geographic scope/Country | /Categories/Languages/Spanish | /Categories/Monitoring products/Country brief | /Categories/Product types/Country Briefs,verified
98efb103c5d24113b0615723a7c4d7dd,Colombia - Presentation - Round 1,PDF,COL,,Findings presentation,Spanish,Country,medium,apply,,,Spanish,,,Not linked from the monitoring round table; inclusion and round require review,/Categories/Catalog role/Discoverable product,/Categories/Catalog role/Discoverable product | /Categories/Countries/COL | /Categories/Monitoring products/Findings presentation | /Categories/Geographic scope/Country | /Categories/Languages/Spanish | /Categories/DIEM pillars/Household monitoring system,/Categories/Catalog role/Discoverable product | /Categories/Countries/COL | /Categories/DIEM pillars/Household monitoring system | /Categories/Geographic scope/Country | /Categories/Languages/Spanish | /Categories/Monitoring products/Findings presentation,verified
d05053045ba641499e8acb89db8c8d5e,Colombia - Presentation - Round 2,PDF,COL,,Findings presentation,Spanish,Country,medium,apply,,,Spanish,,,Not linked from the monitoring round table; inclusion and round require review,/Categories/Catalog role/Discoverable product | /Categories/Countries/COL | /Categories/Geographic scope/Country | /Categories/Product types/Key Findings Presentations,/Categories/Catalog role/Discoverable product | /Categories/Product types/Key Findings Presentations | /Categories/Countries/COL | /Categories/Monitoring products/Findings presentation | /Categories/Geographic scope/Country | /Categories/Languages/Spanish | /Categories/DIEM pillars/Household monitoring system,/Categories/Catalog role/Discoverable product | /Categories/Countries/COL | /Categories/DIEM pillars/Household monitoring system | /Categories/Geographic scope/Country | /Categories/Languages/Spanish | /Categories/Monitoring products/Findings presentation | /Categories/Product types/Key Findings Presentations,verified
d46fae62a15a4ec5af156d330e4e27e6,Colombia - Presentation - Round 2 - Spanish/Español,PDF,COL,,Findings presentation,Spanish,Country,medium,apply,,,,,,Not linked from the monitoring round table; inclusion and round require review,/Categories/Catalog role/Discoverable product | /Categories/Countries/COL | /Categories/Geographic scope/Country | /Categories/Product types/Key Findings Presentations,/Categories/Catalog role/Discoverable product | /Categories/Product types/Key Findings Presentations | /Categories/Countries/COL | /Categories/Monitoring products/Findings presentation | /Categories/Geographic scope/Country | /Categories/Languages/Spanish | /Categories/DIEM pillars/Household monitoring system,/Categories/Catalog role/Discoverable product | /Categories/Countries/COL | /Categories/DIEM pillars/Household monitoring system | /Categories/Geographic scope/Country | /Categories/Languages/Spanish | /Categories/Monitoring products/Findings presentation | /Categories/Product types/Key Findings Presentations,verified
cad2aa3f24dc481c890a4fb04e004fa8,Democratic Republic of Congo - DIEM Monitoring Brief - Round 5,Document Link,COD,Democratic Republic of the Congo — Round 05,Country brief,English,Country,high,apply,,,,,,,/Categories/Catalog role/Discoverable product | /Categories/Countries/COD | /Categories/DIEM pillars/Household monitoring system | /Categories/Geographic scope/Country | /Categories/Languages/English | /Categories/Monitoring products/Country brief | /Categories/Product types/Country Briefs,/Categories/Catalog role/Discoverable product | /Categories/Product types/Country Briefs | /Categories/Countries/COD | /Categories/Monitoring products/Country brief | /Categories/Geographic scope/Country | /Categories/Languages/English | /Categories/DIEM pillars/Household monitoring system,/Categories/Catalog role/Discoverable product | /Categories/Countries/COD | /Categories/DIEM pillars/Household monitoring system | /Categories/Geographic scope/Country | /Categories/Languages/English | /Categories/Monitoring products/Country brief | /Categories/Product types/Country Briefs,verified
b48862de3832460bb57841942382266c,Democratic Republic of the Congo - DIEM Monitoring Brief - Round 10,Document Link,COD,,Country brief,English,Country,medium,apply,,,,,,Not linked from the monitoring round table; inclusion and round require review,/Categories/Catalog role/Discoverable product | /Categories/Countries/COD | /Categories/Geographic scope/Country | /Categories/Product types/Country Briefs,/Categories/Catalog role/Discoverable product | /Categories/Product types/Country Briefs | /Categories/Countries/COD | /Categories/Monitoring products/Country brief | /Categories/Geographic scope/Country | /Categories/Languages/English | /Categories/DIEM pillars/Household monitoring system,/Categories/Catalog role/Discoverable product | /Categories/Countries/COD | /Categories/DIEM pillars/Household monitoring system | /Categories/Geographic scope/Country | /Categories/Languages/English | /Categories/Monitoring products/Country brief | /Categories/Product types/Country Briefs,verified
1ab2dbb625a24bb6923a0b9e84bfd73e,Democratic Republic of the Congo - DIEM Monitoring brief - Round 3,Document Link,COD,Democratic Republic of the Congo — Round 03,Country brief,English,Country,high,apply,,,,,,,/Categories/Catalog role/Discoverable product | /Categories/Countries/COD | /Categories/DIEM pillars/Household monitoring system | /Categories/Geographic scope/Country | /Categories/Languages/English | /Categories/Monitoring products/Country brief | /Categories/Product types/Country Briefs,/Categories/Catalog role/Discoverable product | /Categories/Product types/Country Briefs | /Categories/Countries/COD | /Categories/Monitoring products/Country brief | /Categories/Geographic scope/Country | /Categories/Languages/English | /Categories/DIEM pillars/Household monitoring system,/Categories/Catalog role/Discoverable product | /Categories/Countries/COD | /Categories/DIEM pillars/Household monitoring system | /Categories/Geographic scope/Country | /Categories/Languages/English | /Categories/Monitoring products/Country brief | /Categories/Product types/Country Briefs,verified
1d4c1213a2eb43869099a5ff695495f6,Democratic Republic of the Congo - DIEM Monitoring Brief - Round 4 (EN),Document Link,COD,Democratic Republic of the Congo — Round 04,Country brief,English,Country,high,apply,,,,,,,/Categories/Catalog role/Discoverable product | /Categories/Countries/COD | /Categories/DIEM pillars/Household monitoring system | /Categories/Geographic scope/Country | /Categories/Languages/English | /Categories/Monitoring products/Country brief | /Categories/Product types/Country Briefs,/Categories/Catalog role/Discoverable product | /Categories/Product types/Country Briefs | /Categories/Countries/COD | /Categories/Monitoring products/Country brief | /Categories/Geographic scope/Country | /Categories/Languages/English | /Categories/DIEM pillars/Household monitoring system,/Categories/Catalog role/Discoverable product | /Categories/Countries/COD | /Categories/DIEM pillars/Household monitoring system | /Categories/Geographic scope/Country | /Categories/Languages/English | /Categories/Monitoring products/Country brief | /Categories/Product types/Country Briefs,verified
b2116b1188be4a1e9128a803af1d6e1e,Democratic Republic of the Congo - DIEM Monitoring Brief -  Round 4 (FR),Document Link,COD,,Country brief,French,Country,medium,apply,,,,,,Not linked from the monitoring round table; inclusion and round require review,/Categories/Catalog role/Discoverable product | /Categories/Countries/COD | /Categories/Geographic scope/Country | /Categories/Product types/Country Briefs,/Categories/Catalog role/Discoverable product | /Categories/Product types/Country Briefs | /Categories/Countries/COD | /Categories/Monitoring products/Country brief | /Categories/Geographic scope/Country | /Categories/Languages/French | /Categories/DIEM pillars/Household monitoring system,/Categories/Catalog role/Discoverable product | /Categories/Countries/COD | /Categories/DIEM pillars/Household monitoring system | /Categories/Geographic scope/Country | /Categories/Languages/French | /Categories/Monitoring products/Country brief | /Categories/Product types/Country Briefs,verified
3a6fe25c6d724491b4e53cf91512413a,Democratic Republic of the Congo - DIEM Monitoring Brief - Round 5 (FR),Document Link,COD,,Country brief,French,Country,medium,apply,,,,,,Not linked from the monitoring round table; inclusion and round require review,/Categories/Catalog role/Discoverable product | /Categories/Countries/COD | /Categories/Geographic scope/Country | /Categories/Product types/Country Briefs,/Categories/Catalog role/Discoverable product | /Categories/Product types/Country Briefs | /Categories/Countries/COD | /Categories/Monitoring products/Country brief | /Categories/Geographic scope/Country | /Categories/Languages/French | /Categories/DIEM pillars/Household monitoring system,/Categories/Catalog role/Discoverable product | /Categories/Countries/COD | /Categories/DIEM pillars/Household monitoring system | /Categories/Geographic scope/Country | /Categories/Languages/French | /Categories/Monitoring products/Country brief | /Categories/Product types/Country Briefs,verified
29e58056368847ad96af0070215fbcc5,Democratic Republic of the Congo - DIEM Monitoring Brief - Round 6,Document Link,COD,Democratic Republic of the Congo — Round 06,Country brief,English,Country,high,apply,,,,,,,/Categories/Catalog role/Discoverable product | /Categories/Countries/COD | /Categories/DIEM pillars/Household monitoring system | /Categories/Geographic scope/Country | /Categories/Languages/English | /Categories/Monitoring products/Country brief | /Categories/Product types/Country Briefs,/Categories/Catalog role/Discoverable product | /Categories/Product types/Country Briefs | /Categories/Countries/COD | /Categories/Monitoring products/Country brief | /Categories/Geographic scope/Country | /Categories/Languages/English | /Categories/DIEM pillars/Household monitoring system,/Categories/Catalog role/Discoverable product | /Categories/Countries/COD | /Categories/DIEM pillars/Household monitoring system | /Categories/Geographic scope/Country | /Categories/Languages/English | /Categories/Monitoring products/Country brief | /Categories/Product types/Country Briefs,verified
b327f6959bda4116b2bcbf07468bf8fc,Democratic Republic of the Congo - DIEM Monitoring Brief - Round 6 (FR),Document Link,COD,,Country brief,French,Country,medium,apply,,,,,,Not linked from the monitoring round table; inclusion and round require review,/Categories/Catalog role/Discoverable product | /Categories/Countries/COD | /Categories/Geographic scope/Country | /Categories/Product types/Country Briefs,/Categories/Catalog role/Discoverable product | /Categories/Product types/Country Briefs | /Categories/Countries/COD | /Categories/Monitoring products/Country brief | /Categories/Geographic scope/Country | /Categories/Languages/French | /Categories/DIEM pillars/Household monitoring system,/Categories/Catalog role/Discoverable product | /Categories/Countries/COD | /Categories/DIEM pillars/Household monitoring system | /Categories/Geographic scope/Country | /Categories/Languages/French | /Categories/Monitoring products/Country brief | /Categories/Product types/Country Briefs,verified
b47b07d692474e98b7b4269ebc0ed045,Democratic Republic of the Congo - DIEM Monitoring Brief - Round 7,Document Link,COD,Democratic Republic of the Congo — Round 07,Country brief,English,Country,high,apply,,,,,,,/Categories/Catalog role/Discoverable product | /Categories/Countries/COD | /Categories/DIEM pillars/Household monitoring system | /Categories/Geographic scope/Country | /Categories/Languages/English | /Categories/Monitoring products/Country brief | /Categories/Product types/Country Briefs,/Categories/Catalog role/Discoverable product | /Categories/Product types/Country Briefs | /Categories/Countries/COD | /Categories/Monitoring products/Country brief | /Categories/Geographic scope/Country | /Categories/Languages/English | /Categories/DIEM pillars/Household monitoring system,/Categories/Catalog role/Discoverable product | /Categories/Countries/COD | /Categories/DIEM pillars/Household monitoring system | /Categories/Geographic scope/Country | /Categories/Languages/English | /Categories/Monitoring products/Country brief | /Categories/Product types/Country Briefs,verified
70c5c0a70092437fbd7a97b5f4e867dc,Democratic Republic of the Congo - DIEM Monitoring Brief - Round 8,Document Link,COD,,Country brief,English,Country,medium,apply,,,,,,Not linked from the monitoring round table; inclusion and round require review,/Categories/Catalog role/Discoverable product | /Categories/Countries/COD | /Categories/Geographic scope/Country | /Categories/Product types/Country Briefs,/Categories/Catalog role/Discoverable product | /Categories/Product types/Country Briefs | /Categories/Countries/COD | /Categories/Monitoring products/Country brief | /Categories/Geographic scope/Country | /Categories/Languages/English | /Categories/DIEM pillars/Household monitoring system,/Categories/Catalog role/Discoverable product | /Categories/Countries/COD | /Categories/DIEM pillars/Household monitoring system | /Categories/Geographic scope/Country | /Categories/Languages/English | /Categories/Monitoring products/Country brief | /Categories/Product types/Country Briefs,verified
529692d6bb2f4728b5775dce3e8eed77,Democratic Republic of the Congo - Household Questionnaire - Round 10,Microsoft Excel,COD,Democratic Republic of the Congo — Round 10,Questionnaire,English,Country,high,apply,,,,,,,/Categories/Catalog role/Discoverable product | /Categories/Countries/COD | /Categories/DIEM pillars/Household monitoring system | /Categories/Geographic scope/Country | /Categories/Languages/English | /Categories/Monitoring products/Questionnaire | /Categories/Product types/Questionnaires,/Categories/Catalog role/Discoverable product | /Categories/Product types/Questionnaires | /Categories/Countries/COD | /Categories/Monitoring products/Questionnaire | /Categories/Geographic scope/Country | /Categories/Languages/English | /Categories/DIEM pillars/Household monitoring system,/Categories/Catalog role/Discoverable product | /Categories/Countries/COD | /Categories/DIEM pillars/Household monitoring system | /Categories/Geographic scope/Country | /Categories/Languages/English | /Categories/Monitoring products/Questionnaire | /Categories/Product types/Questionnaires,verified
7b417390ef7b4311aba573588a680840,Democratic Republic of the Congo - Household Questionnaire - Round 4,Microsoft Excel,COD,Democratic Republic of the Congo — Round 04,Questionnaire,English,Country,high,apply,,,,,,,/Categories/Catalog role/Discoverable product | /Categories/Countries/COD | /Categories/DIEM pillars/Household monitoring system | /Categories/Geographic scope/Country | /Categories/Languages/English | /Categories/Monitoring products/Questionnaire | /Categories/Product types/Questionnaires,/Categories/Catalog role/Discoverable product | /Categories/Product types/Questionnaires | /Categories/Countries/COD | /Categories/Monitoring products/Questionnaire | /Categories/Geographic scope/Country | /Categories/Languages/English | /Categories/DIEM pillars/Household monitoring system,/Categories/Catalog role/Discoverable product | /Categories/Countries/COD | /Categories/DIEM pillars/Household monitoring system | /Categories/Geographic scope/Country | /Categories/Languages/English | /Categories/Monitoring products/Questionnaire | /Categories/Product types/Questionnaires,verified
7f03dd2af6fb4ac2a9bfc02036356473,Democratic Republic of the Congo - Household Questionnaire - Round 5,Microsoft Excel,COD,Democratic Republic of the Congo — Round 05,Questionnaire,English,Country,high,apply,,,,,,,/Categories/Catalog role/Discoverable product | /Categories/Countries/COD | /Categories/DIEM pillars/Household monitoring system | /Categories/Geographic scope/Country | /Categories/Languages/English | /Categories/Monitoring products/Questionnaire | /Categories/Product types/Questionnaires,/Categories/Catalog role/Discoverable product | /Categories/Product types/Questionnaires | /Categories/Countries/COD | /Categories/Monitoring products/Questionnaire | /Categories/Geographic scope/Country | /Categories/Languages/English | /Categories/DIEM pillars/Household monitoring system,/Categories/Catalog role/Discoverable product | /Categories/Countries/COD | /Categories/DIEM pillars/Household monitoring system | /Categories/Geographic scope/Country | /Categories/Languages/English | /Categories/Monitoring products/Questionnaire | /Categories/Product types/Questionnaires,verified
e5920e0a8a304425805a314e2930d88c,Democratic Republic of the Congo - Household Questionnaire - Round 6,Microsoft Excel,COD,Democratic Republic of the Congo — Round 06,Questionnaire,English,Country,high,apply,,,,,,,/Categories/Catalog role/Discoverable product | /Categories/Countries/COD | /Categories/DIEM pillars/Household monitoring system | /Categories/Geographic scope/Country | /Categories/Languages/English | /Categories/Monitoring products/Questionnaire | /Categories/Product types/Questionnaires,/Categories/Catalog role/Discoverable product | /Categories/Product types/Questionnaires | /Categories/Countries/COD | /Categories/Monitoring products/Questionnaire | /Categories/Geographic scope/Country | /Categories/Languages/English | /Categories/DIEM pillars/Household monitoring system,/Categories/Catalog role/Discoverable product | /Categories/Countries/COD | /Categories/DIEM pillars/Household monitoring system | /Categories/Geographic scope/Country | /Categories/Languages/English | /Categories/Monitoring products/Questionnaire | /Categories/Product types/Questionnaires,verified
58bf1295aa964383af3951384309613e,DEMOCRATIC REPUBLIC OF THE CONGO - Household Questionnaire - Round1 ,Microsoft Excel,COD,,Questionnaire,English,Country,medium,apply,,,,,,Not linked from the monitoring round table; inclusion and round require review,/Categories/Catalog role/Discoverable product | /Categories/Countries/COD | /Categories/DIEM pillars/Household monitoring system | /Categories/Geographic scope/Country | /Categories/Languages/English | /Categories/Monitoring products/Questionnaire | /Categories/Product types/Questionnaires,/Categories/Catalog role/Discoverable product | /Categories/Product types/Questionnaires | /Categories/Countries/COD | /Categories/Monitoring products/Questionnaire | /Categories/Geographic scope/Country | /Categories/Languages/English | /Categories/DIEM pillars/Household monitoring system,/Categories/Catalog role/Discoverable product | /Categories/Countries/COD | /Categories/DIEM pillars/Household monitoring system | /Categories/Geographic scope/Country | /Categories/Languages/English | /Categories/Monitoring products/Questionnaire | /Categories/Product types/Questionnaires,verified
cfe28e7ce8a14b1e85a4e9201daf9220,DEMOCRATIC REPUBLIC OF THE CONGO - Household Questionnaire - Round3 ,Microsoft Excel,COD,Democratic Republic of the Congo — Round 03,Questionnaire,English,Country,high,apply,,,,,,,/Categories/Catalog role/Discoverable product | /Categories/Countries/COD | /Categories/DIEM pillars/Household monitoring system | /Categories/Geographic scope/Country | /Categories/Languages/English | /Categories/Monitoring products/Questionnaire | /Categories/Product types/Questionnaires,/Categories/Catalog role/Discoverable product | /Categories/Product types/Questionnaires | /Categories/Countries/COD | /Categories/Monitoring products/Questionnaire | /Categories/Geographic scope/Country | /Categories/Languages/English | /Categories/DIEM pillars/Household monitoring system,/Categories/Catalog role/Discoverable product | /Categories/Countries/COD | /Categories/DIEM pillars/Household monitoring system | /Categories/Geographic scope/Country | /Categories/Languages/English | /Categories/Monitoring products/Questionnaire | /Categories/Product types/Questionnaires,verified
6dbbeaca42ed4bd087c7dfa56de4f0d6,Democratic Republic of the Congo - Household Questionnaire - Round7,Microsoft Excel,COD,Democratic Republic of the Congo — Round 07,Questionnaire,English,Country,high,apply,,,,,,,/Categories/Catalog role/Discoverable product | /Categories/Countries/COD | /Categories/DIEM pillars/Household monitoring system | /Categories/Geographic scope/Country | /Categories/Languages/English | /Categories/Monitoring products/Questionnaire | /Categories/Product types/Questionnaires,/Categories/Catalog role/Discoverable product | /Categories/Product types/Questionnaires | /Categories/Countries/COD | /Categories/Monitoring products/Questionnaire | /Categories/Geographic scope/Country | /Categories/Languages/English | /Categories/DIEM pillars/Household monitoring system,/Categories/Catalog role/Discoverable product | /Categories/Countries/COD | /Categories/DIEM pillars/Household monitoring system | /Categories/Geographic scope/Country | /Categories/Languages/English | /Categories/Monitoring products/Questionnaire | /Categories/Product types/Questionnaires,verified
903ad71c61f547cc9991e2eb39bcc257,Democratic Republic of the Congo - Household Questionnaire - Round8,Microsoft Excel,COD,Democratic Republic of the Congo — Round 08,Questionnaire,French,Country,high,apply,,,,,,,/Categories/Catalog role/Discoverable product | /Categories/Countries/COD | /Categories/DIEM pillars/Household monitoring system | /Categories/Geographic scope/Country | /Categories/Languages/French | /Categories/Monitoring products/Questionnaire | /Categories/Product types/Questionnaires,/Categories/Catalog role/Discoverable product | /Categories/Product types/Questionnaires | /Categories/Countries/COD | /Categories/Monitoring products/Questionnaire | /Categories/Geographic scope/Country | /Categories/Languages/French | /Categories/DIEM pillars/Household monitoring system,/Categories/Catalog role/Discoverable product | /Categories/Countries/COD | /Categories/DIEM pillars/Household monitoring system | /Categories/Geographic scope/Country | /Categories/Languages/French | /Categories/Monitoring products/Questionnaire | /Categories/Product types/Questionnaires,verified
02f2fcce4f03447ca63fa30baa9fcaeb,Democratic Republic of the Congo - Household Questionnaire - Round9,Microsoft Excel,COD,Democratic Republic of the Congo — Round 09,Questionnaire,French,Country,high,apply,,,,,,,/Categories/Catalog role/Discoverable product | /Categories/Countries/COD | /Categories/DIEM pillars/Household monitoring system | /Categories/Geographic scope/Country | /Categories/Languages/French | /Categories/Monitoring products/Questionnaire | /Categories/Product types/Questionnaires,/Categories/Catalog role/Discoverable product | /Categories/Product types/Questionnaires | /Categories/Countries/COD | /Categories/Monitoring products/Questionnaire | /Categories/Geographic scope/Country | /Categories/Languages/French | /Categories/DIEM pillars/Household monitoring system,/Categories/Catalog role/Discoverable product | /Categories/Countries/COD | /Categories/DIEM pillars/Household monitoring system | /Categories/Geographic scope/Country | /Categories/Languages/French | /Categories/Monitoring products/Questionnaire | /Categories/Product types/Questionnaires,verified
f1dab14b858f4d5bb7a86db4c456ed8d,DRC - Household Questionnaire - Round2,Microsoft Excel,COD,,Questionnaire,English,Country,medium,apply,,,,,,Not linked from the monitoring round table; inclusion and round require review,/Categories/Catalog role/Discoverable product | /Categories/Countries/COD | /Categories/DIEM pillars/Household monitoring system | /Categories/Geographic scope/Global | /Categories/Languages/English | /Categories/Monitoring products/Questionnaire | /Categories/Product types/Questionnaires,/Categories/Catalog role/Discoverable product | /Categories/Product types/Questionnaires | /Categories/Countries/COD | /Categories/Monitoring products/Questionnaire | /Categories/Geographic scope/Country | /Categories/Languages/English | /Categories/DIEM pillars/Household monitoring system,/Categories/Catalog role/Discoverable product | /Categories/Countries/COD | /Categories/DIEM pillars/Household monitoring system | /Categories/Geographic scope/Country | /Categories/Languages/English | /Categories/Monitoring products/Questionnaire | /Categories/Product types/Questionnaires,verified
d9631a7b21c34863b8a9ffb75eb01ebe,DRC - Presentation - Round 1,PDF,COD,,Findings presentation,English,Country,medium,apply,,,,,,Not linked from the monitoring round table; inclusion and round require review,/Categories/Catalog role/Discoverable product | /Categories/Countries/COD | /Categories/Geographic scope/Country | /Categories/Product types/Key Findings Presentations,/Categories/Catalog role/Discoverable product | /Categories/Product types/Key Findings Presentations | /Categories/Countries/COD | /Categories/Monitoring products/Findings presentation | /Categories/Geographic scope/Country | /Categories/Languages/English | /Categories/DIEM pillars/Household monitoring system,/Categories/Catalog role/Discoverable product | /Categories/Countries/COD | /Categories/DIEM pillars/Household monitoring system | /Categories/Geographic scope/Country | /Categories/Languages/English | /Categories/Monitoring products/Findings presentation | /Categories/Product types/Key Findings Presentations,verified
31ef0bb2193f4aeda8b6acbd555d4fc4,DRC - Report - Round 1,PDF,COD,,Report,English,Country,medium,apply,,,,,,Not linked from the monitoring round table; inclusion and round require review,/Categories/Catalog role/Discoverable product | /Categories/Countries/COD | /Categories/Geographic scope/Country | /Categories/Product types/Country Briefs,/Categories/Catalog role/Discoverable product | /Categories/Product types/Country Briefs | /Categories/Countries/COD | /Categories/Monitoring products/Report | /Categories/Geographic scope/Country | /Categories/Languages/English | /Categories/DIEM pillars/Household monitoring system,/Categories/Catalog role/Discoverable product | /Categories/Countries/COD | /Categories/DIEM pillars/Household monitoring system | /Categories/Geographic scope/Country | /Categories/Languages/English | /Categories/Monitoring products/Report | /Categories/Product types/Country Briefs,verified
0a0c057461164e6384a892921a796af0,El Salvador - Household Questionnaire - Round 1,Microsoft Excel,SLV,,Questionnaire,English,Country,medium,apply,,,,,,Not linked from the monitoring round table; inclusion and round require review,/Categories/Catalog role/Discoverable product | /Categories/Countries/SLV | /Categories/DIEM pillars/Household monitoring system | /Categories/Geographic scope/Country | /Categories/Languages/English | /Categories/Monitoring products/Questionnaire,/Categories/Catalog role/Discoverable product | /Categories/Countries/SLV | /Categories/Monitoring products/Questionnaire | /Categories/Geographic scope/Country | /Categories/Languages/English | /Categories/DIEM pillars/Household monitoring system,/Categories/Catalog role/Discoverable product | /Categories/Countries/SLV | /Categories/DIEM pillars/Household monitoring system | /Categories/Geographic scope/Country | /Categories/Languages/English | /Categories/Monitoring products/Questionnaire,verified
5f875753396b40c2b7d00dfbc76feff3,El Salvador  - Household Questionnaire - Round 2,Microsoft Excel,SLV,,Questionnaire,English,Country,medium,apply,,,,,,Not linked from the monitoring round table; inclusion and round require review,/Categories/Catalog role/Discoverable product | /Categories/Countries/SLV | /Categories/DIEM pillars/Household monitoring system | /Categories/Geographic scope/Country | /Categories/Languages/English | /Categories/Monitoring products/Questionnaire,/Categories/Catalog role/Discoverable product | /Categories/Countries/SLV | /Categories/Monitoring products/Questionnaire | /Categories/Geographic scope/Country | /Categories/Languages/English | /Categories/DIEM pillars/Household monitoring system,/Categories/Catalog role/Discoverable product | /Categories/Countries/SLV | /Categories/DIEM pillars/Household monitoring system | /Categories/Geographic scope/Country | /Categories/Languages/English | /Categories/Monitoring products/Questionnaire,verified
8ae4bb9a9eeb4a03abe57edd3c3034f4,El Salvador - Household Questionnaire - Round 2,Microsoft Excel,SLV,El Salvador — Round 02,Questionnaire,English,Country,high,apply,,,,,,,/Categories/Catalog role/Discoverable product | /Categories/Countries/SLV | /Categories/DIEM pillars/Household monitoring system | /Categories/Geographic scope/Country | /Categories/Languages/English | /Categories/Monitoring products/Questionnaire | /Categories/Product types/Questionnaires,/Categories/Catalog role/Discoverable product | /Categories/Product types/Questionnaires | /Categories/Countries/SLV | /Categories/Monitoring products/Questionnaire | /Categories/Geographic scope/Country | /Categories/Languages/English | /Categories/DIEM pillars/Household monitoring system,/Categories/Catalog role/Discoverable product | /Categories/Countries/SLV | /Categories/DIEM pillars/Household monitoring system | /Categories/Geographic scope/Country | /Categories/Languages/English | /Categories/Monitoring products/Questionnaire | /Categories/Product types/Questionnaires,verified
8d71133e66df40b9982414cce0148832,El Salvador - Household Questionnaire - Round 3,Microsoft Excel,SLV,El Salvador — Round 03,Questionnaire,English,Country,high,apply,,,,,,,/Categories/Catalog role/Discoverable product | /Categories/Countries/SLV | /Categories/DIEM pillars/Household monitoring system | /Categories/Geographic scope/Country | /Categories/Languages/English | /Categories/Monitoring products/Questionnaire | /Categories/Product types/Questionnaires,/Categories/Catalog role/Discoverable product | /Categories/Product types/Questionnaires | /Categories/Countries/SLV | /Categories/Monitoring products/Questionnaire | /Categories/Geographic scope/Country | /Categories/Languages/English | /Categories/DIEM pillars/Household monitoring system,/Categories/Catalog role/Discoverable product | /Categories/Countries/SLV | /Categories/DIEM pillars/Household monitoring system | /Categories/Geographic scope/Country | /Categories/Languages/English | /Categories/Monitoring products/Questionnaire | /Categories/Product types/Questionnaires,verified
afb795f3a3e149a8bc81a30b5669bd6a,El Salvador - Household Questionnaire - Round 4,Microsoft Excel,SLV,El Salvador — Round 04,Questionnaire,English,Country,high,apply,,,,,,,/Categories/Catalog role/Discoverable product | /Categories/Countries/SLV | /Categories/DIEM pillars/Household monitoring system | /Categories/Geographic scope/Country | /Categories/Languages/English | /Categories/Monitoring products/Questionnaire | /Categories/Product types/Questionnaires,/Categories/Catalog role/Discoverable product | /Categories/Product types/Questionnaires | /Categories/Countries/SLV | /Categories/Monitoring products/Questionnaire | /Categories/Geographic scope/Country | /Categories/Languages/English | /Categories/DIEM pillars/Household monitoring system,/Categories/Catalog role/Discoverable product | /Categories/Countries/SLV | /Categories/DIEM pillars/Household monitoring system | /Categories/Geographic scope/Country | /Categories/Languages/English | /Categories/Monitoring products/Questionnaire | /Categories/Product types/Questionnaires,verified
4c7012d27df949d0a142148882200d5f,El Salvador - Household Questionnaire - Round 5,Microsoft Excel,SLV,El Salvador — Round 05,Questionnaire,English,Country,high,apply,,,,,,,/Categories/Catalog role/Discoverable product | /Categories/Countries/SLV | /Categories/DIEM pillars/Household monitoring system | /Categories/Geographic scope/Country | /Categories/Languages/English | /Categories/Monitoring products/Questionnaire | /Categories/Product types/Questionnaires,/Categories/Catalog role/Discoverable product | /Categories/Product types/Questionnaires | /Categories/Countries/SLV | /Categories/Monitoring products/Questionnaire | /Categories/Geographic scope/Country | /Categories/Languages/English | /Categories/DIEM pillars/Household monitoring system,/Categories/Catalog role/Discoverable product | /Categories/Countries/SLV | /Categories/DIEM pillars/Household monitoring system | /Categories/Geographic scope/Country | /Categories/Languages/English | /Categories/Monitoring products/Questionnaire | /Categories/Product types/Questionnaires,verified
c50f3407a4794540a3eee68105c8ab93,"El Salvador, Guatemala, Haiti and Honduras: Regional analysis on human mobility, May–September 2024",Document Link,GTM | HND | HTI | SLV,,Report,French,Multi-country,medium,apply,,,,,,Not linked from the monitoring round table; inclusion and round require review,/Categories/Catalog role/Discoverable product | /Categories/Countries/GTM | /Categories/Countries/HND | /Categories/Countries/HTI | /Categories/Countries/SLV | /Categories/Geographic scope/Multi-country | /Categories/Product types/Other DIEM documents,/Categories/Catalog role/Discoverable product | /Categories/Product types/Other DIEM documents | /Categories/Countries/GTM | /Categories/Countries/HND | /Categories/Countries/HTI | /Categories/Countries/SLV | /Categories/Monitoring products/Report | /Categories/Geographic scope/Multi-country | /Categories/Languages/French | /Categories/DIEM pillars/Household monitoring system,/Categories/Catalog role/Discoverable product | /Categories/Countries/GTM | /Categories/Countries/HND | /Categories/Countries/HTI | /Categories/Countries/SLV | /Categories/DIEM pillars/Household monitoring system | /Categories/Geographic scope/Multi-country | /Categories/Languages/French | /Categories/Monitoring products/Report | /Categories/Product types/Other DIEM documents,verified
e0c9a4d3f5974809a3315eef43b2b86d,Gautemala - DIEM Monitoring Brief - Round 2,Document Link,GTM,,Country brief,English,Country,medium,apply,,,,,,Not linked from the monitoring round table; inclusion and round require review,/Categories/Catalog role/Discoverable product | /Categories/Countries/GTM | /Categories/Geographic scope/Country | /Categories/Product types/Country Briefs,/Categories/Catalog role/Discoverable product | /Categories/Product types/Country Briefs | /Categories/Countries/GTM | /Categories/Monitoring products/Country brief | /Categories/Geographic scope/Country | /Categories/Languages/English | /Categories/DIEM pillars/Household monitoring system,/Categories/Catalog role/Discoverable product | /Categories/Countries/GTM | /Categories/DIEM pillars/Household monitoring system | /Categories/Geographic scope/Country | /Categories/Languages/English | /Categories/Monitoring products/Country brief | /Categories/Product types/Country Briefs,verified
4ac05f4af3a049108c2dc4dbc22fab46,Guatemala - DIEM Monitoring Brief - Round 1,Document Link,GTM,,Country brief,English,Country,medium,apply,,,,,,Not linked from the monitoring round table; inclusion and round require review,/Categories/Catalog role/Discoverable product | /Categories/Countries/GTM | /Categories/Geographic scope/Country | /Categories/Product types/Country Briefs,/Categories/Catalog role/Discoverable product | /Categories/Product types/Country Briefs | /Categories/Countries/GTM | /Categories/Monitoring products/Country brief | /Categories/Geographic scope/Country | /Categories/Languages/English | /Categories/DIEM pillars/Household monitoring system,/Categories/Catalog role/Discoverable product | /Categories/Countries/GTM | /Categories/DIEM pillars/Household monitoring system | /Categories/Geographic scope/Country | /Categories/Languages/English | /Categories/Monitoring products/Country brief | /Categories/Product types/Country Briefs,verified
f6d3947be0b74094b9d13fc1d5da1c0c,Guatemala - DIEM Monitoring Brief - Round 1,Document Link,GTM,,Country brief,English,Country,medium,apply,,,,,,Not linked from the monitoring round table; inclusion and round require review,/Categories/Catalog role/Discoverable product | /Categories/Countries/GTM | /Categories/Geographic scope/Country | /Categories/Product types/Country Briefs,/Categories/Catalog role/Discoverable product | /Categories/Product types/Country Briefs | /Categories/Countries/GTM | /Categories/Monitoring products/Country brief | /Categories/Geographic scope/Country | /Categories/Languages/English | /Categories/DIEM pillars/Household monitoring system,/Categories/Catalog role/Discoverable product | /Categories/Countries/GTM | /Categories/DIEM pillars/Household monitoring system | /Categories/Geographic scope/Country | /Categories/Languages/English | /Categories/Monitoring products/Country brief | /Categories/Product types/Country Briefs,verified
1100662ffb044240a3de47cde7219419,Guatemala - DIEM Monitoring Brief - Round 1 (ES),Document Link,GTM,Guatemala — Round 01,Country brief,Spanish,Country,high,apply,,,,,,,/Categories/Catalog role/Discoverable product | /Categories/Countries/GTM | /Categories/DIEM pillars/Household monitoring system | /Categories/Geographic scope/Country | /Categories/Languages/English | /Categories/Monitoring products/Country brief | /Categories/Product types/Country Briefs,/Categories/Catalog role/Discoverable product | /Categories/Product types/Country Briefs | /Categories/Countries/GTM | /Categories/Monitoring products/Country brief | /Categories/Geographic scope/Country | /Categories/Languages/Spanish | /Categories/DIEM pillars/Household monitoring system,/Categories/Catalog role/Discoverable product | /Categories/Countries/GTM | /Categories/DIEM pillars/Household monitoring system | /Categories/Geographic scope/Country | /Categories/Languages/Spanish | /Categories/Monitoring products/Country brief | /Categories/Product types/Country Briefs,verified
f425b597fe0b4444aa91100393b56e77,Guatemala - DIEM Monitoring Brief - Round 2 (ES),Document Link,GTM,,Country brief,Spanish,Country,medium,apply,,,,,,Not linked from the monitoring round table; inclusion and round require review,/Categories/Catalog role/Discoverable product | /Categories/Countries/GTM | /Categories/Geographic scope/Country | /Categories/Product types/Country Briefs,/Categories/Catalog role/Discoverable product | /Categories/Product types/Country Briefs | /Categories/Countries/GTM | /Categories/Monitoring products/Country brief | /Categories/Geographic scope/Country | /Categories/Languages/Spanish | /Categories/DIEM pillars/Household monitoring system,/Categories/Catalog role/Discoverable product | /Categories/Countries/GTM | /Categories/DIEM pillars/Household monitoring system | /Categories/Geographic scope/Country | /Categories/Languages/Spanish | /Categories/Monitoring products/Country brief | /Categories/Product types/Country Briefs,verified
5eb882669a4349648caa913bb38516f9,Guatemala - DIEM Monitoring Brief - Round 3,Document Link,GTM,Guatemala — Round 03,Country brief,English,Country,high,apply,,,,,,,/Categories/Catalog role/Discoverable product | /Categories/Countries/GTM | /Categories/DIEM pillars/Household monitoring system | /Categories/Geographic scope/Country | /Categories/Languages/English | /Categories/Monitoring products/Country brief | /Categories/Product types/Country Briefs,/Categories/Catalog role/Discoverable product | /Categories/Product types/Country Briefs | /Categories/Countries/GTM | /Categories/Monitoring products/Country brief | /Categories/Geographic scope/Country | /Categories/Languages/English | /Categories/DIEM pillars/Household monitoring system,/Categories/Catalog role/Discoverable product | /Categories/Countries/GTM | /Categories/DIEM pillars/Household monitoring system | /Categories/Geographic scope/Country | /Categories/Languages/English | /Categories/Monitoring products/Country brief | /Categories/Product types/Country Briefs,verified
fc9ae2c0543a418d8addca7199dc6aef,Guatemala - DIEM Monitoring Brief - Round 4,Document Link,GTM,Guatemala — Round 04,Country brief,English,Country,high,apply,,,,,,,/Categories/Catalog role/Discoverable product | /Categories/Countries/GTM | /Categories/DIEM pillars/Household monitoring system | /Categories/Geographic scope/Country | /Categories/Languages/English | /Categories/Monitoring products/Country brief | /Categories/Product types/Country Briefs,/Categories/Catalog role/Discoverable product | /Categories/Product types/Country Briefs | /Categories/Countries/GTM | /Categories/Monitoring products/Country brief | /Categories/Geographic scope/Country | /Categories/Languages/English | /Categories/DIEM pillars/Household monitoring system,/Categories/Catalog role/Discoverable product | /Categories/Countries/GTM | /Categories/DIEM pillars/Household monitoring system | /Categories/Geographic scope/Country | /Categories/Languages/English | /Categories/Monitoring products/Country brief | /Categories/Product types/Country Briefs,verified
eedb83506a0e4f4cad9be6a6347d82e9,Guatemala - Household Questionnaire - Round 1,Microsoft Excel,GTM,Guatemala — Round 01,Questionnaire,English,Country,high,apply,,,,,,,/Categories/Catalog role/Discoverable product | /Categories/Countries/GTM | /Categories/DIEM pillars/Household monitoring system | /Categories/Geographic scope/Country | /Categories/Languages/English | /Categories/Monitoring products/Questionnaire | /Categories/Product types/Questionnaires,/Categories/Catalog role/Discoverable product | /Categories/Product types/Questionnaires | /Categories/Countries/GTM | /Categories/Monitoring products/Questionnaire | /Categories/Geographic scope/Country | /Categories/Languages/English | /Categories/DIEM pillars/Household monitoring system,/Categories/Catalog role/Discoverable product | /Categories/Countries/GTM | /Categories/DIEM pillars/Household monitoring system | /Categories/Geographic scope/Country | /Categories/Languages/English | /Categories/Monitoring products/Questionnaire | /Categories/Product types/Questionnaires,verified
2e9bf45180194a26a31f50bc671e30f0,Guatemala - Household Questionnaire - Round 2,Microsoft Excel,GTM,Guatemala — Round 02,Questionnaire,English,Country,high,apply,,,,,,,/Categories/Catalog role/Discoverable product | /Categories/Countries/GTM | /Categories/DIEM pillars/Household monitoring system | /Categories/Geographic scope/Country | /Categories/Languages/English | /Categories/Monitoring products/Questionnaire | /Categories/Product types/Questionnaires,/Categories/Catalog role/Discoverable product | /Categories/Product types/Questionnaires | /Categories/Countries/GTM | /Categories/Monitoring products/Questionnaire | /Categories/Geographic scope/Country | /Categories/Languages/English | /Categories/DIEM pillars/Household monitoring system,/Categories/Catalog role/Discoverable product | /Categories/Countries/GTM | /Categories/DIEM pillars/Household monitoring system | /Categories/Geographic scope/Country | /Categories/Languages/English | /Categories/Monitoring products/Questionnaire | /Categories/Product types/Questionnaires,verified
0f82eb196fac4d628d3a3b48c4d5f076,Guatemala - Household Questionnaire - Round3,Microsoft Excel,GTM,Guatemala — Round 03,Questionnaire,English,Country,high,apply,,,,,,,/Categories/Catalog role/Discoverable product | /Categories/Countries/GTM | /Categories/DIEM pillars/Household monitoring system | /Categories/Geographic scope/Country | /Categories/Languages/English | /Categories/Monitoring products/Questionnaire | /Categories/Product types/Questionnaires,/Categories/Catalog role/Discoverable product | /Categories/Product types/Questionnaires | /Categories/Countries/GTM | /Categories/Monitoring products/Questionnaire | /Categories/Geographic scope/Country | /Categories/Languages/English | /Categories/DIEM pillars/Household monitoring system,/Categories/Catalog role/Discoverable product | /Categories/Countries/GTM | /Categories/DIEM pillars/Household monitoring system | /Categories/Geographic scope/Country | /Categories/Languages/English | /Categories/Monitoring products/Questionnaire | /Categories/Product types/Questionnaires,verified
e082fbb7d7a44bde85ebd57eca4009d2,Guatemala - Household Questionnaire - Round4,Microsoft Excel,GTM,Guatemala — Round 04,Questionnaire,English,Country,high,apply,,,,,,,/Categories/Catalog role/Discoverable product | /Categories/Countries/GTM | /Categories/DIEM pillars/Household monitoring system | /Categories/Geographic scope/Country | /Categories/Languages/English | /Categories/Monitoring products/Questionnaire | /Categories/Product types/Questionnaires,/Categories/Catalog role/Discoverable product | /Categories/Product types/Questionnaires | /Categories/Countries/GTM | /Categories/Monitoring products/Questionnaire | /Categories/Geographic scope/Country | /Categories/Languages/English | /Categories/DIEM pillars/Household monitoring system,/Categories/Catalog role/Discoverable product | /Categories/Countries/GTM | /Categories/DIEM pillars/Household monitoring system | /Categories/Geographic scope/Country | /Categories/Languages/English | /Categories/Monitoring products/Questionnaire | /Categories/Product types/Questionnaires,verified
40adcee827a041a78f555896ae0f984d,Guatemala - Informe de seguimiento DIEM - Ronda 3,Document Link,GTM,,Country brief,Spanish,Country,medium,apply,,,,,,Not linked from the monitoring round table; inclusion and round require review,/Categories/Catalog role/Discoverable product | /Categories/Countries/GTM | /Categories/Geographic scope/Country | /Categories/Product types/Country Briefs,/Categories/Catalog role/Discoverable product | /Categories/Product types/Country Briefs | /Categories/Countries/GTM | /Categories/Monitoring products/Country brief | /Categories/Geographic scope/Country | /Categories/Languages/Spanish | /Categories/DIEM pillars/Household monitoring system,/Categories/Catalog role/Discoverable product | /Categories/Countries/GTM | /Categories/DIEM pillars/Household monitoring system | /Categories/Geographic scope/Country | /Categories/Languages/Spanish | /Categories/Monitoring products/Country brief | /Categories/Product types/Country Briefs,verified
8f6c6ad9e84346dfa60647a6cbe47c56,Guatemala - Informe de seguimiento DIEM - Ronda 4,Document Link,GTM,,Country brief,Spanish,Country,medium,apply,,,,,,Not linked from the monitoring round table; inclusion and round require review,/Categories/Catalog role/Discoverable product | /Categories/Countries/GTM | /Categories/Geographic scope/Country | /Categories/Product types/Country Briefs,/Categories/Catalog role/Discoverable product | /Categories/Product types/Country Briefs | /Categories/Countries/GTM | /Categories/Monitoring products/Country brief | /Categories/Geographic scope/Country | /Categories/Languages/Spanish | /Categories/DIEM pillars/Household monitoring system,/Categories/Catalog role/Discoverable product | /Categories/Countries/GTM | /Categories/DIEM pillars/Household monitoring system | /Categories/Geographic scope/Country | /Categories/Languages/Spanish | /Categories/Monitoring products/Country brief | /Categories/Product types/Country Briefs,verified
a4b50cffe9684001bff411acad040afe,Haiti - Bulletin de suivi DIEM - Cycle 7,Document Link,HTI,,Country brief,French,Country,medium,apply,,,,,,Not linked from the monitoring round table; inclusion and round require review,/Categories/Catalog role/Discoverable product | /Categories/Countries/HTI | /Categories/Geographic scope/Country | /Categories/Product types/Country Briefs,/Categories/Catalog role/Discoverable product | /Categories/Product types/Country Briefs | /Categories/Countries/HTI | /Categories/Monitoring products/Country brief | /Categories/Geographic scope/Country | /Categories/Languages/French | /Categories/DIEM pillars/Household monitoring system,/Categories/Catalog role/Discoverable product | /Categories/Countries/HTI | /Categories/DIEM pillars/Household monitoring system | /Categories/Geographic scope/Country | /Categories/Languages/French | /Categories/Monitoring products/Country brief | /Categories/Product types/Country Briefs,verified
21573c620a7b4b058820a21442a7dd02,Haiti - DIEM Monitoring Brief - Round 3,Document Link,HTI,Haiti — Round 03,Country brief,English,Country,high,apply,,,,,,,/Categories/Catalog role/Discoverable product | /Categories/Countries/HTI | /Categories/DIEM pillars/Household monitoring system | /Categories/Geographic scope/Country | /Categories/Languages/English | /Categories/Monitoring products/Country brief | /Categories/Product types/Country Briefs,/Categories/Catalog role/Discoverable product | /Categories/Product types/Country Briefs | /Categories/Countries/HTI | /Categories/Monitoring products/Country brief | /Categories/Geographic scope/Country | /Categories/Languages/English | /Categories/DIEM pillars/Household monitoring system,/Categories/Catalog role/Discoverable product | /Categories/Countries/HTI | /Categories/DIEM pillars/Household monitoring system | /Categories/Geographic scope/Country | /Categories/Languages/English | /Categories/Monitoring products/Country brief | /Categories/Product types/Country Briefs,verified
fc9b484ac2424a549983d75ee3535578,Haiti - DIEM Monitoring Brief - Round 3 (FR),Document Link,HTI,,Country brief,French,Country,medium,apply,,,,,,Not linked from the monitoring round table; inclusion and round require review,/Categories/Catalog role/Discoverable product | /Categories/Countries/HTI | /Categories/Geographic scope/Country | /Categories/Product types/Country Briefs,/Categories/Catalog role/Discoverable product | /Categories/Product types/Country Briefs | /Categories/Countries/HTI | /Categories/Monitoring products/Country brief | /Categories/Geographic scope/Country | /Categories/Languages/French | /Categories/DIEM pillars/Household monitoring system,/Categories/Catalog role/Discoverable product | /Categories/Countries/HTI | /Categories/DIEM pillars/Household monitoring system | /Categories/Geographic scope/Country | /Categories/Languages/French | /Categories/Monitoring products/Country brief | /Categories/Product types/Country Briefs,verified
148730ff47af406ba336dd40dbd33be0,Haiti - DIEM Monitoring Brief - Round 4,Document Link,HTI,Haiti — Round 04,Country brief,English,Country,high,apply,,,,,,,/Categories/Catalog role/Discoverable product | /Categories/Countries/HTI | /Categories/DIEM pillars/Household monitoring system | /Categories/Geographic scope/Country | /Categories/Languages/English | /Categories/Monitoring products/Country brief | /Categories/Product types/Country Briefs,/Categories/Catalog role/Discoverable product | /Categories/Product types/Country Briefs | /Categories/Countries/HTI | /Categories/Monitoring products/Country brief | /Categories/Geographic scope/Country | /Categories/Languages/English | /Categories/DIEM pillars/Household monitoring system,/Categories/Catalog role/Discoverable product | /Categories/Countries/HTI | /Categories/DIEM pillars/Household monitoring system | /Categories/Geographic scope/Country | /Categories/Languages/English | /Categories/Monitoring products/Country brief | /Categories/Product types/Country Briefs,verified
72dc6e7b4a1e4c7a97a81bd13df859d8,Haiti - DIEM Monitoring Brief - Round 4 (FR),Document Link,HTI,,Country brief,French,Country,medium,apply,,,,,,Not linked from the monitoring round table; inclusion and round require review,/Categories/Catalog role/Discoverable product | /Categories/Countries/HTI | /Categories/Geographic scope/Country | /Categories/Product types/Country Briefs,/Categories/Catalog role/Discoverable product | /Categories/Product types/Country Briefs | /Categories/Countries/HTI | /Categories/Monitoring products/Country brief | /Categories/Geographic scope/Country | /Categories/Languages/French | /Categories/DIEM pillars/Household monitoring system,/Categories/Catalog role/Discoverable product | /Categories/Countries/HTI | /Categories/DIEM pillars/Household monitoring system | /Categories/Geographic scope/Country | /Categories/Languages/French | /Categories/Monitoring products/Country brief | /Categories/Product types/Country Briefs,verified
e5ce4581bc9e4ba086f0dfd93a2c3a4c,Haiti - DIEM Monitoring Brief - Round 6,Document Link,HTI,Haiti — Round 06,Country brief,English,Country,high,apply,,,,,,,/Categories/Catalog role/Discoverable product | /Categories/Countries/HTI | /Categories/DIEM pillars/Household monitoring system | /Categories/Geographic scope/Country | /Categories/Languages/English | /Categories/Monitoring products/Country brief | /Categories/Product types/Country Briefs,/Categories/Catalog role/Discoverable product | /Categories/Product types/Country Briefs | /Categories/Countries/HTI | /Categories/Monitoring products/Country brief | /Categories/Geographic scope/Country | /Categories/Languages/English | /Categories/DIEM pillars/Household monitoring system,/Categories/Catalog role/Discoverable product | /Categories/Countries/HTI | /Categories/DIEM pillars/Household monitoring system | /Categories/Geographic scope/Country | /Categories/Languages/English | /Categories/Monitoring products/Country brief | /Categories/Product types/Country Briefs,verified
ffae73fafb4c4aa88a7668f4864e2143,Haiti - Household Questionnaire - Round 3,Microsoft Excel,HTI,Haiti — Round 03,Questionnaire,English,Country,high,apply,,,,,,,/Categories/Catalog role/Discoverable product | /Categories/Countries/HTI | /Categories/DIEM pillars/Household monitoring system | /Categories/Geographic scope/Country | /Categories/Languages/English | /Categories/Monitoring products/Questionnaire | /Categories/Product types/Questionnaires,/Categories/Catalog role/Discoverable product | /Categories/Product types/Questionnaires | /Categories/Countries/HTI | /Categories/Monitoring products/Questionnaire | /Categories/Geographic scope/Country | /Categories/Languages/English | /Categories/DIEM pillars/Household monitoring system,/Categories/Catalog role/Discoverable product | /Categories/Countries/HTI | /Categories/DIEM pillars/Household monitoring system | /Categories/Geographic scope/Country | /Categories/Languages/English | /Categories/Monitoring products/Questionnaire | /Categories/Product types/Questionnaires,verified
220c795188d841a7a783a312b2486b07,Haiti - Household Questionnaire - Round 4,Microsoft Excel,HTI,Haiti — Round 04,Questionnaire,English,Country,high,apply,,,,,,,/Categories/Catalog role/Discoverable product | /Categories/Countries/HTI | /Categories/DIEM pillars/Household monitoring system | /Categories/Geographic scope/Country | /Categories/Languages/English | /Categories/Monitoring products/Questionnaire | /Categories/Product types/Questionnaires,/Categories/Catalog role/Discoverable product | /Categories/Product types/Questionnaires | /Categories/Countries/HTI | /Categories/Monitoring products/Questionnaire | /Categories/Geographic scope/Country | /Categories/Languages/English | /Categories/DIEM pillars/Household monitoring system,/Categories/Catalog role/Discoverable product | /Categories/Countries/HTI | /Categories/DIEM pillars/Household monitoring system | /Categories/Geographic scope/Country | /Categories/Languages/English | /Categories/Monitoring products/Questionnaire | /Categories/Product types/Questionnaires,verified
3c9a63d1ce2649ca82e706e07e17e4e1,Haiti - Household Questionnaire - Round5,Microsoft Excel,HTI,Haiti — Round 05,Questionnaire,English,Country,high,apply,,,,,,,/Categories/Catalog role/Discoverable product | /Categories/Countries/HTI | /Categories/DIEM pillars/Household monitoring system | /Categories/Geographic scope/Country | /Categories/Languages/English | /Categories/Monitoring products/Questionnaire | /Categories/Product types/Questionnaires,/Categories/Catalog role/Discoverable product | /Categories/Product types/Questionnaires | /Categories/Countries/HTI | /Categories/Monitoring products/Questionnaire | /Categories/Geographic scope/Country | /Categories/Languages/English | /Categories/DIEM pillars/Household monitoring system,/Categories/Catalog role/Discoverable product | /Categories/Countries/HTI | /Categories/DIEM pillars/Household monitoring system | /Categories/Geographic scope/Country | /Categories/Languages/English | /Categories/Monitoring products/Questionnaire | /Categories/Product types/Questionnaires,verified
74470f541bf9450590e33a59034d6933,Haiti - Household Questionnaire - Round6,Microsoft Excel,HTI,Haiti — Round 06,Questionnaire,English,Country,high,apply,,,,,,,/Categories/Catalog role/Discoverable product | /Categories/Countries/HTI | /Categories/DIEM pillars/Household monitoring system | /Categories/Geographic scope/Country | /Categories/Languages/English | /Categories/Monitoring products/Questionnaire | /Categories/Product types/Questionnaires,/Categories/Catalog role/Discoverable product | /Categories/Product types/Questionnaires | /Categories/Countries/HTI | /Categories/Monitoring products/Questionnaire | /Categories/Geographic scope/Country | /Categories/Languages/English | /Categories/DIEM pillars/Household monitoring system,/Categories/Catalog role/Discoverable product | /Categories/Countries/HTI | /Categories/DIEM pillars/Household monitoring system | /Categories/Geographic scope/Country | /Categories/Languages/English | /Categories/Monitoring products/Questionnaire | /Categories/Product types/Questionnaires,verified
500ef4cd89b247de868806d193fe4434,Haiti - Household Questionnaire - Round7,Microsoft Excel,HTI,Haiti — Round 07,Questionnaire,French,Country,high,apply,,,,,,,/Categories/Catalog role/Discoverable product | /Categories/Countries/HTI | /Categories/DIEM pillars/Household monitoring system | /Categories/Geographic scope/Country | /Categories/Languages/French | /Categories/Monitoring products/Questionnaire | /Categories/Product types/Questionnaires,/Categories/Catalog role/Discoverable product | /Categories/Product types/Questionnaires | /Categories/Countries/HTI | /Categories/Monitoring products/Questionnaire | /Categories/Geographic scope/Country | /Categories/Languages/French | /Categories/DIEM pillars/Household monitoring system,/Categories/Catalog role/Discoverable product | /Categories/Countries/HTI | /Categories/DIEM pillars/Household monitoring system | /Categories/Geographic scope/Country | /Categories/Languages/French | /Categories/Monitoring products/Questionnaire | /Categories/Product types/Questionnaires,verified
40a67fb740014e03be5a383d3a86b7ea,Haiti - Presentation - Round 1,PDF,HTI,,Findings presentation,English,Country,medium,apply,,,,,,Not linked from the monitoring round table; inclusion and round require review,/Categories/Catalog role/Discoverable product | /Categories/Countries/HTI | /Categories/Geographic scope/Country | /Categories/Product types/Key Findings Presentations,/Categories/Catalog role/Discoverable product | /Categories/Product types/Key Findings Presentations | /Categories/Countries/HTI | /Categories/Monitoring products/Findings presentation | /Categories/Geographic scope/Country | /Categories/Languages/English | /Categories/DIEM pillars/Household monitoring system,/Categories/Catalog role/Discoverable product | /Categories/Countries/HTI | /Categories/DIEM pillars/Household monitoring system | /Categories/Geographic scope/Country | /Categories/Languages/English | /Categories/Monitoring products/Findings presentation | /Categories/Product types/Key Findings Presentations,verified
60fd91e78e20477ea676a47411d923f5,Haiti - Report - Round 1,PDF,HTI,,Report,English,Country,medium,apply,,,,,,Not linked from the monitoring round table; inclusion and round require review,/Categories/Catalog role/Discoverable product | /Categories/Countries/HTI | /Categories/Geographic scope/Country | /Categories/Product types/Country Briefs,/Categories/Catalog role/Discoverable product | /Categories/Product types/Country Briefs | /Categories/Countries/HTI | /Categories/Monitoring products/Report | /Categories/Geographic scope/Country | /Categories/Languages/English | /Categories/DIEM pillars/Household monitoring system,/Categories/Catalog role/Discoverable product | /Categories/Countries/HTI | /Categories/DIEM pillars/Household monitoring system | /Categories/Geographic scope/Country | /Categories/Languages/English | /Categories/Monitoring products/Report | /Categories/Product types/Country Briefs,verified
a21c823983de4024893eea57f98fc789,Haiti - Report - Round 2,PDF,HTI,,Report,English,Country,medium,apply,,,,,,Not linked from the monitoring round table; inclusion and round require review,/Categories/Catalog role/Discoverable product | /Categories/Countries/HTI | /Categories/Geographic scope/Country | /Categories/Product types/Country Briefs,/Categories/Catalog role/Discoverable product | /Categories/Product types/Country Briefs | /Categories/Countries/HTI | /Categories/Monitoring products/Report | /Categories/Geographic scope/Country | /Categories/Languages/English | /Categories/DIEM pillars/Household monitoring system,/Categories/Catalog role/Discoverable product | /Categories/Countries/HTI | /Categories/DIEM pillars/Household monitoring system | /Categories/Geographic scope/Country | /Categories/Languages/English | /Categories/Monitoring products/Report | /Categories/Product types/Country Briefs,verified
8792e8204407499cad47f2752e267fa0,Honduras - DIEM Monitoring Brief - Round 1,Document Link,HND,Honduras — Round 01,Country brief,English,Country,high,apply,,,,,,,/Categories/Catalog role/Discoverable product | /Categories/Countries/HND | /Categories/DIEM pillars/Household monitoring system | /Categories/Geographic scope/Country | /Categories/Languages/English | /Categories/Monitoring products/Country brief | /Categories/Product types/Country Briefs,/Categories/Catalog role/Discoverable product | /Categories/Product types/Country Briefs | /Categories/Countries/HND | /Categories/Monitoring products/Country brief | /Categories/Geographic scope/Country | /Categories/Languages/English | /Categories/DIEM pillars/Household monitoring system,/Categories/Catalog role/Discoverable product | /Categories/Countries/HND | /Categories/DIEM pillars/Household monitoring system | /Categories/Geographic scope/Country | /Categories/Languages/English | /Categories/Monitoring products/Country brief | /Categories/Product types/Country Briefs,verified
fbc43cd387cc40d881b4ea5b9790b648,Honduras - DIEM Monitoring Brief - Round 1 (ES),Document Link,HND,,Country brief,Spanish,Country,medium,apply,,,,,,Not linked from the monitoring round table; inclusion and round require review,/Categories/Catalog role/Discoverable product | /Categories/Countries/HND | /Categories/Geographic scope/Country | /Categories/Product types/Country Briefs,/Categories/Catalog role/Discoverable product | /Categories/Product types/Country Briefs | /Categories/Countries/HND | /Categories/Monitoring products/Country brief | /Categories/Geographic scope/Country | /Categories/Languages/Spanish | /Categories/DIEM pillars/Household monitoring system,/Categories/Catalog role/Discoverable product | /Categories/Countries/HND | /Categories/DIEM pillars/Household monitoring system | /Categories/Geographic scope/Country | /Categories/Languages/Spanish | /Categories/Monitoring products/Country brief | /Categories/Product types/Country Briefs,verified
b1eb9cc91926489f8e321a266f4e077f,Honduras - DIEM Monitoring Brief - Round 2,Document Link,HND,Honduras — Round 02,Country brief,English,Country,high,apply,,,,,,,/Categories/Catalog role/Discoverable product | /Categories/Countries/HND | /Categories/DIEM pillars/Household monitoring system | /Categories/Geographic scope/Country | /Categories/Languages/English | /Categories/Monitoring products/Country brief | /Categories/Product types/Country Briefs,/Categories/Catalog role/Discoverable product | /Categories/Product types/Country Briefs | /Categories/Countries/HND | /Categories/Monitoring products/Country brief | /Categories/Geographic scope/Country | /Categories/Languages/English | /Categories/DIEM pillars/Household monitoring system,/Categories/Catalog role/Discoverable product | /Categories/Countries/HND | /Categories/DIEM pillars/Household monitoring system | /Categories/Geographic scope/Country | /Categories/Languages/English | /Categories/Monitoring products/Country brief | /Categories/Product types/Country Briefs,verified
2bac1e2354d0482ab78398cc99e4ad7c,Honduras - DIEM Monitoring Brief - Round 3,Document Link,HND,Honduras — Round 03,Country brief,French,Country,high,apply,,,,,,,/Categories/Catalog role/Discoverable product | /Categories/Countries/HND | /Categories/DIEM pillars/Household monitoring system | /Categories/Geographic scope/Country | /Categories/Languages/French | /Categories/Monitoring products/Country brief | /Categories/Product types/Country Briefs,/Categories/Catalog role/Discoverable product | /Categories/Product types/Country Briefs | /Categories/Countries/HND | /Categories/Monitoring products/Country brief | /Categories/Geographic scope/Country | /Categories/Languages/French | /Categories/DIEM pillars/Household monitoring system,/Categories/Catalog role/Discoverable product | /Categories/Countries/HND | /Categories/DIEM pillars/Household monitoring system | /Categories/Geographic scope/Country | /Categories/Languages/French | /Categories/Monitoring products/Country brief | /Categories/Product types/Country Briefs,verified
f25df35bc76e4c63b21b961e08287e00,Honduras - DIEM Monitoring Brief - Round 4,Document Link,HND,,Country brief,English,Country,medium,apply,,,,,,Not linked from the monitoring round table; inclusion and round require review,/Categories/Catalog role/Discoverable product | /Categories/Countries/HND | /Categories/Geographic scope/Country | /Categories/Product types/Country Briefs,/Categories/Catalog role/Discoverable product | /Categories/Product types/Country Briefs | /Categories/Countries/HND | /Categories/Monitoring products/Country brief | /Categories/Geographic scope/Country | /Categories/Languages/English | /Categories/DIEM pillars/Household monitoring system,/Categories/Catalog role/Discoverable product | /Categories/Countries/HND | /Categories/DIEM pillars/Household monitoring system | /Categories/Geographic scope/Country | /Categories/Languages/English | /Categories/Monitoring products/Country brief | /Categories/Product types/Country Briefs,verified
9e3f3f8c096c4ae99e3fd02aa2f1611b,Honduras - DIEM Monitoring Brief - Round 5,Document Link,HND,,Country brief,English,Country,medium,apply,,,,,,Not linked from the monitoring round table; inclusion and round require review,/Categories/Catalog role/Discoverable product | /Categories/Countries/HND | /Categories/Geographic scope/Country | /Categories/Product types/Country Briefs,/Categories/Catalog role/Discoverable product | /Categories/Product types/Country Briefs | /Categories/Countries/HND | /Categories/Monitoring products/Country brief | /Categories/Geographic scope/Country | /Categories/Languages/English | /Categories/DIEM pillars/Household monitoring system,/Categories/Catalog role/Discoverable product | /Categories/Countries/HND | /Categories/DIEM pillars/Household monitoring system | /Categories/Geographic scope/Country | /Categories/Languages/English | /Categories/Monitoring products/Country brief | /Categories/Product types/Country Briefs,verified
9d34c25813a84eb094c629b9827f9b99,Honduras - DIEM Monitoring Executive Brief - Round 4,Document Link,HND,Honduras — Round 04,Country brief,French,Country,high,apply,,,,,,,/Categories/Catalog role/Discoverable product | /Categories/Countries/HND | /Categories/DIEM pillars/Household monitoring system | /Categories/Geographic scope/Country | /Categories/Languages/French | /Categories/Monitoring products/Country brief | /Categories/Product types/Country Briefs,/Categories/Catalog role/Discoverable product | /Categories/Product types/Country Briefs | /Categories/Countries/HND | /Categories/Monitoring products/Country brief | /Categories/Geographic scope/Country | /Categories/Languages/French | /Categories/DIEM pillars/Household monitoring system,/Categories/Catalog role/Discoverable product | /Categories/Countries/HND | /Categories/DIEM pillars/Household monitoring system | /Categories/Geographic scope/Country | /Categories/Languages/French | /Categories/Monitoring products/Country brief | /Categories/Product types/Country Briefs,verified
0761feca5fba4d6283d9d8d89ff1ef64,Honduras - Household Questionnaire - Round 1,Microsoft Excel,HND,Honduras — Round 01,Questionnaire,English,Country,high,apply,,,,,,,/Categories/Catalog role/Discoverable product | /Categories/Countries/HND | /Categories/DIEM pillars/Household monitoring system | /Categories/Geographic scope/Country | /Categories/Languages/English | /Categories/Monitoring products/Questionnaire | /Categories/Product types/Questionnaires,/Categories/Catalog role/Discoverable product | /Categories/Product types/Questionnaires | /Categories/Countries/HND | /Categories/Monitoring products/Questionnaire | /Categories/Geographic scope/Country | /Categories/Languages/English | /Categories/DIEM pillars/Household monitoring system,/Categories/Catalog role/Discoverable product | /Categories/Countries/HND | /Categories/DIEM pillars/Household monitoring system | /Categories/Geographic scope/Country | /Categories/Languages/English | /Categories/Monitoring products/Questionnaire | /Categories/Product types/Questionnaires,verified
efbb6139f5b145a7ba95b4573e294801,Honduras - Household Questionnaire - Round 5,Microsoft Excel,HND,Honduras — Round 05,Questionnaire,English,Country,high,apply,,,,,,,/Categories/Catalog role/Discoverable product | /Categories/Countries/HND | /Categories/DIEM pillars/Household monitoring system | /Categories/Geographic scope/Country | /Categories/Languages/English | /Categories/Monitoring products/Questionnaire | /Categories/Product types/Questionnaires,/Categories/Catalog role/Discoverable product | /Categories/Product types/Questionnaires | /Categories/Countries/HND | /Categories/Monitoring products/Questionnaire | /Categories/Geographic scope/Country | /Categories/Languages/English | /Categories/DIEM pillars/Household monitoring system,/Categories/Catalog role/Discoverable product | /Categories/Countries/HND | /Categories/DIEM pillars/Household monitoring system | /Categories/Geographic scope/Country | /Categories/Languages/English | /Categories/Monitoring products/Questionnaire | /Categories/Product types/Questionnaires,verified
a88e93d7cc95484eb05e514b5734ea27,Honduras - Household Questionnaire - Round2,Microsoft Excel,HND,Honduras — Round 02,Questionnaire,English,Country,high,apply,,,,,,,/Categories/Catalog role/Discoverable product | /Categories/Countries/HND | /Categories/DIEM pillars/Household monitoring system | /Categories/Geographic scope/Country | /Categories/Languages/English | /Categories/Monitoring products/Questionnaire | /Categories/Product types/Questionnaires,/Categories/Catalog role/Discoverable product | /Categories/Product types/Questionnaires | /Categories/Countries/HND | /Categories/Monitoring products/Questionnaire | /Categories/Geographic scope/Country | /Categories/Languages/English | /Categories/DIEM pillars/Household monitoring system,/Categories/Catalog role/Discoverable product | /Categories/Countries/HND | /Categories/DIEM pillars/Household monitoring system | /Categories/Geographic scope/Country | /Categories/Languages/English | /Categories/Monitoring products/Questionnaire | /Categories/Product types/Questionnaires,verified
142525bfa52041e683f1bcb1099e4a38,Honduras - Household Questionnaire - Round3,Microsoft Excel,HND,Honduras — Round 03,Questionnaire,English,Country,high,apply,,,,,,,/Categories/Catalog role/Discoverable product | /Categories/Countries/HND | /Categories/DIEM pillars/Household monitoring system | /Categories/Geographic scope/Country | /Categories/Languages/English | /Categories/Monitoring products/Questionnaire | /Categories/Product types/Questionnaires,/Categories/Catalog role/Discoverable product | /Categories/Product types/Questionnaires | /Categories/Countries/HND | /Categories/Monitoring products/Questionnaire | /Categories/Geographic scope/Country | /Categories/Languages/English | /Categories/DIEM pillars/Household monitoring system,/Categories/Catalog role/Discoverable product | /Categories/Countries/HND | /Categories/DIEM pillars/Household monitoring system | /Categories/Geographic scope/Country | /Categories/Languages/English | /Categories/Monitoring products/Questionnaire | /Categories/Product types/Questionnaires,verified
df1ddfc249264abfa0dc32dce161d22c,Honduras - Household Questionnaire - Round4,Microsoft Excel,HND,Honduras — Round 04,Questionnaire,French,Country,high,apply,,,,,,,/Categories/Catalog role/Discoverable product | /Categories/Countries/HND | /Categories/DIEM pillars/Household monitoring system | /Categories/Geographic scope/Country | /Categories/Languages/French | /Categories/Monitoring products/Questionnaire | /Categories/Product types/Questionnaires,/Categories/Catalog role/Discoverable product | /Categories/Product types/Questionnaires | /Categories/Countries/HND | /Categories/Monitoring products/Questionnaire | /Categories/Geographic scope/Country | /Categories/Languages/French | /Categories/DIEM pillars/Household monitoring system,/Categories/Catalog role/Discoverable product | /Categories/Countries/HND | /Categories/DIEM pillars/Household monitoring system | /Categories/Geographic scope/Country | /Categories/Languages/French | /Categories/Monitoring products/Questionnaire | /Categories/Product types/Questionnaires,verified
c4e0ed5fa1d845a9914dacb858f83684,Honduras - Informe de seguimiento DIEM - Ronda 2,Document Link,HND,,Country brief,Spanish,Country,medium,apply,,,,,,Not linked from the monitoring round table; inclusion and round require review,/Categories/Catalog role/Discoverable product | /Categories/Countries/HND | /Categories/Geographic scope/Country | /Categories/Product types/Country Briefs,/Categories/Catalog role/Discoverable product | /Categories/Product types/Country Briefs | /Categories/Countries/HND | /Categories/Monitoring products/Country brief | /Categories/Geographic scope/Country | /Categories/Languages/Spanish | /Categories/DIEM pillars/Household monitoring system,/Categories/Catalog role/Discoverable product | /Categories/Countries/HND | /Categories/DIEM pillars/Household monitoring system | /Categories/Geographic scope/Country | /Categories/Languages/Spanish | /Categories/Monitoring products/Country brief | /Categories/Product types/Country Briefs,verified
9ecaf4da5be945cfa3c2d2ef1db22e2e,Honduras - Informe de seguimiento DIEM - Ronda 3,Document Link,HND,,Country brief,Spanish,Country,medium,apply,,,,,,Not linked from the monitoring round table; inclusion and round require review,/Categories/Catalog role/Discoverable product | /Categories/Countries/HND | /Categories/Geographic scope/Country | /Categories/Product types/Country Briefs,/Categories/Catalog role/Discoverable product | /Categories/Product types/Country Briefs | /Categories/Countries/HND | /Categories/Monitoring products/Country brief | /Categories/Geographic scope/Country | /Categories/Languages/Spanish | /Categories/DIEM pillars/Household monitoring system,/Categories/Catalog role/Discoverable product | /Categories/Countries/HND | /Categories/DIEM pillars/Household monitoring system | /Categories/Geographic scope/Country | /Categories/Languages/Spanish | /Categories/Monitoring products/Country brief | /Categories/Product types/Country Briefs,verified
17a8a4d5892d4bd4ac6af715d8441992,Honduras - Informe de seguimiento DIEM - Ronda 4,Document Link,HND,,Country brief,Spanish,Country,medium,apply,,,,,,Not linked from the monitoring round table; inclusion and round require review,/Categories/Catalog role/Discoverable product | /Categories/Countries/HND | /Categories/Geographic scope/Country | /Categories/Product types/Country Briefs,/Categories/Catalog role/Discoverable product | /Categories/Product types/Country Briefs | /Categories/Countries/HND | /Categories/Monitoring products/Country brief | /Categories/Geographic scope/Country | /Categories/Languages/Spanish | /Categories/DIEM pillars/Household monitoring system,/Categories/Catalog role/Discoverable product | /Categories/Countries/HND | /Categories/DIEM pillars/Household monitoring system | /Categories/Geographic scope/Country | /Categories/Languages/Spanish | /Categories/Monitoring products/Country brief | /Categories/Product types/Country Briefs,verified
4f9c40293ec5424aa6e790653945b42d,Honduras - Informe de seguimiento DIEM - Ronda 5,Document Link,HND,Honduras — Round 05,Country brief,Spanish,Country,high,apply,,,,,,,/Categories/Catalog role/Discoverable product | /Categories/Countries/HND | /Categories/DIEM pillars/Household monitoring system | /Categories/Geographic scope/Country | /Categories/Languages/Spanish | /Categories/Monitoring products/Country brief | /Categories/Product types/Country Briefs,/Categories/Catalog role/Discoverable product | /Categories/Product types/Country Briefs | /Categories/Countries/HND | /Categories/Monitoring products/Country brief | /Categories/Geographic scope/Country | /Categories/Languages/Spanish | /Categories/DIEM pillars/Household monitoring system,/Categories/Catalog role/Discoverable product | /Categories/Countries/HND | /Categories/DIEM pillars/Household monitoring system | /Categories/Geographic scope/Country | /Categories/Languages/Spanish | /Categories/Monitoring products/Country brief | /Categories/Product types/Country Briefs,verified
03606b6316fe4455901f0fee79ca6fcc,Honduras - Resumen ejecutivo - Ronda 4,PDF,HND,,Country brief,English,Country,medium,apply,,,,,,Not linked from the monitoring round table; inclusion and round require review,/Categories/Catalog role/Discoverable product | /Categories/Countries/HND | /Categories/Geographic scope/Country | /Categories/Product types/Country Briefs,/Categories/Catalog role/Discoverable product | /Categories/Product types/Country Briefs | /Categories/Countries/HND | /Categories/Monitoring products/Country brief | /Categories/Geographic scope/Country | /Categories/Languages/English | /Categories/DIEM pillars/Household monitoring system,/Categories/Catalog role/Discoverable product | /Categories/Countries/HND | /Categories/DIEM pillars/Household monitoring system | /Categories/Geographic scope/Country | /Categories/Languages/English | /Categories/Monitoring products/Country brief | /Categories/Product types/Country Briefs,verified
944e4405703146c2a33108376e3896e0,Iraq - DIEM Monitoring Brief - Round 12,Document Link,IRQ,Iraq — Round 12,Country brief,English,Country,high,apply,,,,,,,/Categories/Catalog role/Discoverable product | /Categories/Countries/IRQ | /Categories/DIEM pillars/Household monitoring system | /Categories/Geographic scope/Country | /Categories/Languages/English | /Categories/Monitoring products/Country brief | /Categories/Product types/Country Briefs,/Categories/Catalog role/Discoverable product | /Categories/Product types/Country Briefs | /Categories/Countries/IRQ | /Categories/Monitoring products/Country brief | /Categories/Geographic scope/Country | /Categories/Languages/English | /Categories/DIEM pillars/Household monitoring system,/Categories/Catalog role/Discoverable product | /Categories/Countries/IRQ | /Categories/DIEM pillars/Household monitoring system | /Categories/Geographic scope/Country | /Categories/Languages/English | /Categories/Monitoring products/Country brief | /Categories/Product types/Country Briefs,verified
68834a098e234aba9cad5ce11c5082d7,Iraq - DIEM Monitoring Brief - Round 5,PDF,IRQ,Iraq — Round 05,Country brief,English,Country,high,apply,,,,,,,/Categories/Catalog role/Discoverable product | /Categories/Countries/IRQ | /Categories/DIEM pillars/Household monitoring system | /Categories/Geographic scope/Country | /Categories/Languages/English | /Categories/Monitoring products/Country brief | /Categories/Product types/Country Briefs,/Categories/Catalog role/Discoverable product | /Categories/Product types/Country Briefs | /Categories/Countries/IRQ | /Categories/Monitoring products/Country brief | /Categories/Geographic scope/Country | /Categories/Languages/English | /Categories/DIEM pillars/Household monitoring system,/Categories/Catalog role/Discoverable product | /Categories/Countries/IRQ | /Categories/DIEM pillars/Household monitoring system | /Categories/Geographic scope/Country | /Categories/Languages/English | /Categories/Monitoring products/Country brief | /Categories/Product types/Country Briefs,verified
b9d92ce366e34599acc1cdf9a186fbdd,Iraq - DIEM Monitoring Brief - Round 6,PDF,IRQ,Iraq — Round 06,Country brief,English,Country,high,apply,,,,,,,/Categories/Catalog role/Discoverable product | /Categories/Countries/IRQ | /Categories/DIEM pillars/Household monitoring system | /Categories/Geographic scope/Country | /Categories/Languages/English | /Categories/Monitoring products/Country brief | /Categories/Product types/Country Briefs,/Categories/Catalog role/Discoverable product | /Categories/Product types/Country Briefs | /Categories/Countries/IRQ | /Categories/Monitoring products/Country brief | /Categories/Geographic scope/Country | /Categories/Languages/English | /Categories/DIEM pillars/Household monitoring system,/Categories/Catalog role/Discoverable product | /Categories/Countries/IRQ | /Categories/DIEM pillars/Household monitoring system | /Categories/Geographic scope/Country | /Categories/Languages/English | /Categories/Monitoring products/Country brief | /Categories/Product types/Country Briefs,verified
bcc96f5da6c84b4ca9b0c99e625f5881,Iraq - DIEM Monitoring brief - Round 7,Document Link,IRQ,Iraq — Round 07,Country brief,English,Country,high,apply,,,,,,,/Categories/Catalog role/Discoverable product | /Categories/Countries/IRQ | /Categories/DIEM pillars/Household monitoring system | /Categories/Geographic scope/Country | /Categories/Languages/English | /Categories/Monitoring products/Country brief | /Categories/Product types/Country Briefs,/Categories/Catalog role/Discoverable product | /Categories/Product types/Country Briefs | /Categories/Countries/IRQ | /Categories/Monitoring products/Country brief | /Categories/Geographic scope/Country | /Categories/Languages/English | /Categories/DIEM pillars/Household monitoring system,/Categories/Catalog role/Discoverable product | /Categories/Countries/IRQ | /Categories/DIEM pillars/Household monitoring system | /Categories/Geographic scope/Country | /Categories/Languages/English | /Categories/Monitoring products/Country brief | /Categories/Product types/Country Briefs,verified
e38fac3ca516432085c39320f0df0a1e,Iraq - DIEM Monitoring Brief - Round 8,Document Link,IRQ,Iraq — Round 08,Country brief,English,Country,high,apply,,,,,,,/Categories/Catalog role/Discoverable product | /Categories/Countries/IRQ | /Categories/DIEM pillars/Household monitoring system | /Categories/Geographic scope/Country | /Categories/Languages/English | /Categories/Monitoring products/Country brief | /Categories/Product types/Country Briefs,/Categories/Catalog role/Discoverable product | /Categories/Product types/Country Briefs | /Categories/Countries/IRQ | /Categories/Monitoring products/Country brief | /Categories/Geographic scope/Country | /Categories/Languages/English | /Categories/DIEM pillars/Household monitoring system,/Categories/Catalog role/Discoverable product | /Categories/Countries/IRQ | /Categories/DIEM pillars/Household monitoring system | /Categories/Geographic scope/Country | /Categories/Languages/English | /Categories/Monitoring products/Country brief | /Categories/Product types/Country Briefs,verified
b762cc343f8a46ad9bad1b936c6b9cd4,Iraq - Household Questionnaire - Round 10,Microsoft Excel,IRQ,Iraq — Round 10,Questionnaire,English,Country,high,apply,,,,,,,/Categories/Catalog role/Discoverable product | /Categories/Countries/IRQ | /Categories/DIEM pillars/Household monitoring system | /Categories/Geographic scope/Country | /Categories/Languages/English | /Categories/Monitoring products/Questionnaire | /Categories/Product types/Questionnaires,/Categories/Catalog role/Discoverable product | /Categories/Product types/Questionnaires | /Categories/Countries/IRQ | /Categories/Monitoring products/Questionnaire | /Categories/Geographic scope/Country | /Categories/Languages/English | /Categories/DIEM pillars/Household monitoring system,/Categories/Catalog role/Discoverable product | /Categories/Countries/IRQ | /Categories/DIEM pillars/Household monitoring system | /Categories/Geographic scope/Country | /Categories/Languages/English | /Categories/Monitoring products/Questionnaire | /Categories/Product types/Questionnaires,verified
3424ce08325a4d478b95b23d3a199918,Iraq - Household Questionnaire - Round 11,Microsoft Excel,IRQ,Iraq — Round 11,Questionnaire,English,Country,high,apply,,,,,,,/Categories/Catalog role/Discoverable product | /Categories/Countries/IRQ | /Categories/DIEM pillars/Household monitoring system | /Categories/Geographic scope/Country | /Categories/Languages/English | /Categories/Monitoring products/Questionnaire | /Categories/Product types/Questionnaires,/Categories/Catalog role/Discoverable product | /Categories/Product types/Questionnaires | /Categories/Countries/IRQ | /Categories/Monitoring products/Questionnaire | /Categories/Geographic scope/Country | /Categories/Languages/English | /Categories/DIEM pillars/Household monitoring system,/Categories/Catalog role/Discoverable product | /Categories/Countries/IRQ | /Categories/DIEM pillars/Household monitoring system | /Categories/Geographic scope/Country | /Categories/Languages/English | /Categories/Monitoring products/Questionnaire | /Categories/Product types/Questionnaires,verified
8411fb030f724236b4a8e879af39faae,Iraq - Household Questionnaire - Round 12,Microsoft Excel,IRQ,Iraq — Round 12,Questionnaire,English,Country,high,apply,,,,,,,/Categories/Catalog role/Discoverable product | /Categories/Countries/IRQ | /Categories/DIEM pillars/Household monitoring system | /Categories/Geographic scope/Country | /Categories/Languages/English | /Categories/Monitoring products/Questionnaire | /Categories/Product types/Questionnaires,/Categories/Catalog role/Discoverable product | /Categories/Product types/Questionnaires | /Categories/Countries/IRQ | /Categories/Monitoring products/Questionnaire | /Categories/Geographic scope/Country | /Categories/Languages/English | /Categories/DIEM pillars/Household monitoring system,/Categories/Catalog role/Discoverable product | /Categories/Countries/IRQ | /Categories/DIEM pillars/Household monitoring system | /Categories/Geographic scope/Country | /Categories/Languages/English | /Categories/Monitoring products/Questionnaire | /Categories/Product types/Questionnaires,verified
78695a80a3e84b348231792d4bee3cbd,Iraq - Household Questionnaire - Round 9,Microsoft Excel,IRQ,Iraq — Round 09,Questionnaire,English,Country,high,apply,,,,,,,/Categories/Catalog role/Discoverable product | /Categories/Countries/IRQ | /Categories/DIEM pillars/Household monitoring system | /Categories/Geographic scope/Country | /Categories/Languages/English | /Categories/Monitoring products/Questionnaire | /Categories/Product types/Questionnaires,/Categories/Catalog role/Discoverable product | /Categories/Product types/Questionnaires | /Categories/Countries/IRQ | /Categories/Monitoring products/Questionnaire | /Categories/Geographic scope/Country | /Categories/Languages/English | /Categories/DIEM pillars/Household monitoring system,/Categories/Catalog role/Discoverable product | /Categories/Countries/IRQ | /Categories/DIEM pillars/Household monitoring system | /Categories/Geographic scope/Country | /Categories/Languages/English | /Categories/Monitoring products/Questionnaire | /Categories/Product types/Questionnaires,verified
2e01c2f2079d4f8dacd71b40994ac153,Iraq - Household Questionnaire - Round1,Microsoft Excel,IRQ,,Questionnaire,English,Country,medium,apply,,,,,,Not linked from the monitoring round table; inclusion and round require review,/Categories/Catalog role/Discoverable product | /Categories/Countries/IRQ | /Categories/DIEM pillars/Household monitoring system | /Categories/Geographic scope/Country | /Categories/Languages/English | /Categories/Monitoring products/Questionnaire | /Categories/Product types/Questionnaires,/Categories/Catalog role/Discoverable product | /Categories/Product types/Questionnaires | /Categories/Countries/IRQ | /Categories/Monitoring products/Questionnaire | /Categories/Geographic scope/Country | /Categories/Languages/English | /Categories/DIEM pillars/Household monitoring system,/Categories/Catalog role/Discoverable product | /Categories/Countries/IRQ | /Categories/DIEM pillars/Household monitoring system | /Categories/Geographic scope/Country | /Categories/Languages/English | /Categories/Monitoring products/Questionnaire | /Categories/Product types/Questionnaires,verified
c16ffe7557334f6298a22ffc17220535,Iraq - Household Questionnaire - Round13,Microsoft Excel,IRQ,Iraq — Round 13,Questionnaire,English,Country,high,apply,,,,,,,/Categories/Catalog role/Discoverable product | /Categories/Countries/IRQ | /Categories/DIEM pillars/Household monitoring system | /Categories/Geographic scope/Country | /Categories/Languages/English | /Categories/Monitoring products/Questionnaire | /Categories/Product types/Questionnaires,/Categories/Catalog role/Discoverable product | /Categories/Product types/Questionnaires | /Categories/Countries/IRQ | /Categories/Monitoring products/Questionnaire | /Categories/Geographic scope/Country | /Categories/Languages/English | /Categories/DIEM pillars/Household monitoring system,/Categories/Catalog role/Discoverable product | /Categories/Countries/IRQ | /Categories/DIEM pillars/Household monitoring system | /Categories/Geographic scope/Country | /Categories/Languages/English | /Categories/Monitoring products/Questionnaire | /Categories/Product types/Questionnaires,verified
b08d261258234f01900e8100ed58cbfc,Iraq - Household Questionnaire - Round2,Microsoft Excel,IRQ,,Questionnaire,English,Country,medium,apply,,,,,,Not linked from the monitoring round table; inclusion and round require review,/Categories/Catalog role/Discoverable product | /Categories/Countries/IRQ | /Categories/DIEM pillars/Household monitoring system | /Categories/Geographic scope/Country | /Categories/Languages/English | /Categories/Monitoring products/Questionnaire | /Categories/Product types/Questionnaires,/Categories/Catalog role/Discoverable product | /Categories/Product types/Questionnaires | /Categories/Countries/IRQ | /Categories/Monitoring products/Questionnaire | /Categories/Geographic scope/Country | /Categories/Languages/English | /Categories/DIEM pillars/Household monitoring system,/Categories/Catalog role/Discoverable product | /Categories/Countries/IRQ | /Categories/DIEM pillars/Household monitoring system | /Categories/Geographic scope/Country | /Categories/Languages/English | /Categories/Monitoring products/Questionnaire | /Categories/Product types/Questionnaires,verified
b71929b66233447b989b2da56514603f,Iraq - Household Questionnaire - Round3,Microsoft Excel,IRQ,,Questionnaire,English,Country,medium,apply,,,,,,Not linked from the monitoring round table; inclusion and round require review,/Categories/Catalog role/Discoverable product | /Categories/Countries/IRQ | /Categories/DIEM pillars/Household monitoring system | /Categories/Geographic scope/Country | /Categories/Languages/English | /Categories/Monitoring products/Questionnaire | /Categories/Product types/Questionnaires,/Categories/Catalog role/Discoverable product | /Categories/Product types/Questionnaires | /Categories/Countries/IRQ | /Categories/Monitoring products/Questionnaire | /Categories/Geographic scope/Country | /Categories/Languages/English | /Categories/DIEM pillars/Household monitoring system,/Categories/Catalog role/Discoverable product | /Categories/Countries/IRQ | /Categories/DIEM pillars/Household monitoring system | /Categories/Geographic scope/Country | /Categories/Languages/English | /Categories/Monitoring products/Questionnaire | /Categories/Product types/Questionnaires,verified
c5663740f71143c49f0f4129fd9f8458,Iraq - Household Questionnaire - Round4,Microsoft Excel,IRQ,,Questionnaire,English,Country,medium,apply,,,,,,Not linked from the monitoring round table; inclusion and round require review,/Categories/Catalog role/Discoverable product | /Categories/Countries/IRQ | /Categories/DIEM pillars/Household monitoring system | /Categories/Geographic scope/Country | /Categories/Languages/English | /Categories/Monitoring products/Questionnaire | /Categories/Product types/Questionnaires,/Categories/Catalog role/Discoverable product | /Categories/Product types/Questionnaires | /Categories/Countries/IRQ | /Categories/Monitoring products/Questionnaire | /Categories/Geographic scope/Country | /Categories/Languages/English | /Categories/DIEM pillars/Household monitoring system,/Categories/Catalog role/Discoverable product | /Categories/Countries/IRQ | /Categories/DIEM pillars/Household monitoring system | /Categories/Geographic scope/Country | /Categories/Languages/English | /Categories/Monitoring products/Questionnaire | /Categories/Product types/Questionnaires,verified
c26cb39ace004cd38e3918274a68faf5,Iraq - Household Questionnaire - Round5,Microsoft Excel,IRQ,Iraq — Round 05,Questionnaire,English,Country,high,apply,,,,,,,/Categories/Catalog role/Discoverable product | /Categories/Countries/IRQ | /Categories/DIEM pillars/Household monitoring system | /Categories/Geographic scope/Country | /Categories/Languages/English | /Categories/Monitoring products/Questionnaire | /Categories/Product types/Questionnaires,/Categories/Catalog role/Discoverable product | /Categories/Product types/Questionnaires | /Categories/Countries/IRQ | /Categories/Monitoring products/Questionnaire | /Categories/Geographic scope/Country | /Categories/Languages/English | /Categories/DIEM pillars/Household monitoring system,/Categories/Catalog role/Discoverable product | /Categories/Countries/IRQ | /Categories/DIEM pillars/Household monitoring system | /Categories/Geographic scope/Country | /Categories/Languages/English | /Categories/Monitoring products/Questionnaire | /Categories/Product types/Questionnaires,verified
44a0698e89b94275a976708982b833fc,Iraq - Household Questionnaire - Round6,Microsoft Excel,IRQ,Iraq — Round 06,Questionnaire,English,Country,high,apply,,,,,,,/Categories/Catalog role/Discoverable product | /Categories/Countries/IRQ | /Categories/DIEM pillars/Household monitoring system | /Categories/Geographic scope/Country | /Categories/Languages/English | /Categories/Monitoring products/Questionnaire | /Categories/Product types/Questionnaires,/Categories/Catalog role/Discoverable product | /Categories/Product types/Questionnaires | /Categories/Countries/IRQ | /Categories/Monitoring products/Questionnaire | /Categories/Geographic scope/Country | /Categories/Languages/English | /Categories/DIEM pillars/Household monitoring system,/Categories/Catalog role/Discoverable product | /Categories/Countries/IRQ | /Categories/DIEM pillars/Household monitoring system | /Categories/Geographic scope/Country | /Categories/Languages/English | /Categories/Monitoring products/Questionnaire | /Categories/Product types/Questionnaires,verified
56736979b09f4a77b2091215501ff4cf,Iraq - Household Questionnaire - Round6,Microsoft Excel,IRQ,,Questionnaire,English,Country,medium,apply,,,,,,Not linked from the monitoring round table; inclusion and round require review,/Categories/Catalog role/Discoverable product | /Categories/Countries/IRQ | /Categories/DIEM pillars/Household monitoring system | /Categories/Geographic scope/Country | /Categories/Languages/English | /Categories/Monitoring products/Questionnaire | /Categories/Product types/Questionnaires,/Categories/Catalog role/Discoverable product | /Categories/Product types/Questionnaires | /Categories/Countries/IRQ | /Categories/Monitoring products/Questionnaire | /Categories/Geographic scope/Country | /Categories/Languages/English | /Categories/DIEM pillars/Household monitoring system,/Categories/Catalog role/Discoverable product | /Categories/Countries/IRQ | /Categories/DIEM pillars/Household monitoring system | /Categories/Geographic scope/Country | /Categories/Languages/English | /Categories/Monitoring products/Questionnaire | /Categories/Product types/Questionnaires,verified
7fec4c7f26424868ab50d19420eebefa,IRAQ - Household Questionnaire - Round7,Microsoft Excel,IRQ,Iraq — Round 07,Questionnaire,English,Country,high,apply,,,,,,,/Categories/Catalog role/Discoverable product | /Categories/Countries/IRQ | /Categories/DIEM pillars/Household monitoring system | /Categories/Geographic scope/Country | /Categories/Languages/English | /Categories/Monitoring products/Questionnaire | /Categories/Product types/Questionnaires,/Categories/Catalog role/Discoverable product | /Categories/Product types/Questionnaires | /Categories/Countries/IRQ | /Categories/Monitoring products/Questionnaire | /Categories/Geographic scope/Country | /Categories/Languages/English | /Categories/DIEM pillars/Household monitoring system,/Categories/Catalog role/Discoverable product | /Categories/Countries/IRQ | /Categories/DIEM pillars/Household monitoring system | /Categories/Geographic scope/Country | /Categories/Languages/English | /Categories/Monitoring products/Questionnaire | /Categories/Product types/Questionnaires,verified
8c410dab6c924d1d84ddaf85b135c89f,Iraq - Household Questionnaire - Round8,Microsoft Excel,IRQ,Iraq — Round 08,Questionnaire,English,Country,high,apply,,,,,,,/Categories/Catalog role/Discoverable product | /Categories/Countries/IRQ | /Categories/DIEM pillars/Household monitoring system | /Categories/Geographic scope/Country | /Categories/Languages/English | /Categories/Monitoring products/Questionnaire | /Categories/Product types/Questionnaires,/Categories/Catalog role/Discoverable product | /Categories/Product types/Questionnaires | /Categories/Countries/IRQ | /Categories/Monitoring products/Questionnaire | /Categories/Geographic scope/Country | /Categories/Languages/English | /Categories/DIEM pillars/Household monitoring system,/Categories/Catalog role/Discoverable product | /Categories/Countries/IRQ | /Categories/DIEM pillars/Household monitoring system | /Categories/Geographic scope/Country | /Categories/Languages/English | /Categories/Monitoring products/Questionnaire | /Categories/Product types/Questionnaires,verified
0e419d61d53645b0a0ce2d7b5c0dbfc2,Iraq - Report - Round 1,PDF,IRQ,,Report,English,Country,medium,apply,,,,,,Not linked from the monitoring round table; inclusion and round require review,/Categories/Catalog role/Discoverable product | /Categories/Countries/IRQ | /Categories/Geographic scope/Country | /Categories/Product types/Country Briefs,/Categories/Catalog role/Discoverable product | /Categories/Product types/Country Briefs | /Categories/Countries/IRQ | /Categories/Monitoring products/Report | /Categories/Geographic scope/Country | /Categories/Languages/English | /Categories/DIEM pillars/Household monitoring system,/Categories/Catalog role/Discoverable product | /Categories/Countries/IRQ | /Categories/DIEM pillars/Household monitoring system | /Categories/Geographic scope/Country | /Categories/Languages/English | /Categories/Monitoring products/Report | /Categories/Product types/Country Briefs,verified
6ab2baeab2bc495b902eb431d5103695,Lebanon - DIEM Data Use Case - Report,PDF,LBN,,Report,English,Country,medium,apply,,,,,,Not linked from the monitoring round table; inclusion and round require review,/Categories/Catalog role/Discoverable product | /Categories/Countries/LBN | /Categories/Geographic scope/Country | /Categories/Product types/Other DIEM documents,/Categories/Catalog role/Discoverable product | /Categories/Product types/Other DIEM documents | /Categories/Countries/LBN | /Categories/Monitoring products/Report | /Categories/Geographic scope/Country | /Categories/Languages/English | /Categories/DIEM pillars/Household monitoring system,/Categories/Catalog role/Discoverable product | /Categories/Countries/LBN | /Categories/DIEM pillars/Household monitoring system | /Categories/Geographic scope/Country | /Categories/Languages/English | /Categories/Monitoring products/Report | /Categories/Product types/Other DIEM documents,verified
eb6ec88b85984f68916104edb9f0486b,Lebanon - DIEM Monitoring Brief - Round 1,PDF,LBN,Lebanon — Round 01,Country brief,English,Country,high,apply,,,,,,,/Categories/Catalog role/Discoverable product | /Categories/Countries/LBN | /Categories/DIEM pillars/Household monitoring system | /Categories/Geographic scope/Country | /Categories/Languages/English | /Categories/Monitoring products/Country brief | /Categories/Product types/Country Briefs,/Categories/Catalog role/Discoverable product | /Categories/Product types/Country Briefs | /Categories/Countries/LBN | /Categories/Monitoring products/Country brief | /Categories/Geographic scope/Country | /Categories/Languages/English | /Categories/DIEM pillars/Household monitoring system,/Categories/Catalog role/Discoverable product | /Categories/Countries/LBN | /Categories/DIEM pillars/Household monitoring system | /Categories/Geographic scope/Country | /Categories/Languages/English | /Categories/Monitoring products/Country brief | /Categories/Product types/Country Briefs,verified
3235a7402b2d4d9ba3660da61304c587,Lebanon - DIEM Monitoring Brief - Round 2,Document Link,LBN,Lebanon — Round 02,Country brief,English,Country,high,apply,,,,,,,/Categories/Catalog role/Discoverable product | /Categories/Countries/LBN | /Categories/DIEM pillars/Household monitoring system | /Categories/Geographic scope/Country | /Categories/Languages/English | /Categories/Monitoring products/Country brief | /Categories/Product types/Country Briefs,/Categories/Catalog role/Discoverable product | /Categories/Product types/Country Briefs | /Categories/Countries/LBN | /Categories/Monitoring products/Country brief | /Categories/Geographic scope/Country | /Categories/Languages/English | /Categories/DIEM pillars/Household monitoring system,/Categories/Catalog role/Discoverable product | /Categories/Countries/LBN | /Categories/DIEM pillars/Household monitoring system | /Categories/Geographic scope/Country | /Categories/Languages/English | /Categories/Monitoring products/Country brief | /Categories/Product types/Country Briefs,verified
ff705928f3b24796b710eb3f04d1a1a6,Lebanon - DIEM Monitoring Brief - Round 3,Document Link,LBN,Lebanon — Round 03,Country brief,English,Country,high,apply,,,,,,,/Categories/Catalog role/Discoverable product | /Categories/Countries/LBN | /Categories/DIEM pillars/Household monitoring system | /Categories/Geographic scope/Country | /Categories/Languages/English | /Categories/Monitoring products/Country brief | /Categories/Product types/Country Briefs,/Categories/Catalog role/Discoverable product | /Categories/Product types/Country Briefs | /Categories/Countries/LBN | /Categories/Monitoring products/Country brief | /Categories/Geographic scope/Country | /Categories/Languages/English | /Categories/DIEM pillars/Household monitoring system,/Categories/Catalog role/Discoverable product | /Categories/Countries/LBN | /Categories/DIEM pillars/Household monitoring system | /Categories/Geographic scope/Country | /Categories/Languages/English | /Categories/Monitoring products/Country brief | /Categories/Product types/Country Briefs,verified
1a1fe2212b0e44648246e354388ed78b,Lebanon - DIEM Monitoring Brief - Round 4,Document Link,LBN,Lebanon — Round 04,Country brief,English,Country,high,apply,,,,,,,/Categories/Catalog role/Discoverable product | /Categories/Countries/LBN | /Categories/DIEM pillars/Household monitoring system | /Categories/Geographic scope/Country | /Categories/Languages/English | /Categories/Monitoring products/Country brief | /Categories/Product types/Country Briefs,/Categories/Catalog role/Discoverable product | /Categories/Product types/Country Briefs | /Categories/Countries/LBN | /Categories/Monitoring products/Country brief | /Categories/Geographic scope/Country | /Categories/Languages/English | /Categories/DIEM pillars/Household monitoring system,/Categories/Catalog role/Discoverable product | /Categories/Countries/LBN | /Categories/DIEM pillars/Household monitoring system | /Categories/Geographic scope/Country | /Categories/Languages/English | /Categories/Monitoring products/Country brief | /Categories/Product types/Country Briefs,verified
1d206737531645df9fbcd5aecad8eae6,Lebanon - DIEM Monitoring Brief - Round 5,Document Link,LBN,Lebanon — Round 05,Country brief,English,Country,high,apply,,,,,,,/Categories/Catalog role/Discoverable product | /Categories/Countries/LBN | /Categories/DIEM pillars/Household monitoring system | /Categories/Geographic scope/Country | /Categories/Languages/English | /Categories/Monitoring products/Country brief | /Categories/Product types/Country Briefs,/Categories/Catalog role/Discoverable product | /Categories/Product types/Country Briefs | /Categories/Countries/LBN | /Categories/Monitoring products/Country brief | /Categories/Geographic scope/Country | /Categories/Languages/English | /Categories/DIEM pillars/Household monitoring system,/Categories/Catalog role/Discoverable product | /Categories/Countries/LBN | /Categories/DIEM pillars/Household monitoring system | /Categories/Geographic scope/Country | /Categories/Languages/English | /Categories/Monitoring products/Country brief | /Categories/Product types/Country Briefs,verified
38267580a8ed4ef1bf51e7468912b9ff,Lebanon - DIEM Monitoring Brief - Round 6,Document Link,LBN,Lebanon — Round 06,Country brief,English,Country,high,apply,,,,,,,/Categories/Catalog role/Discoverable product | /Categories/Countries/LBN | /Categories/DIEM pillars/Household monitoring system | /Categories/Geographic scope/Country | /Categories/Languages/English | /Categories/Monitoring products/Country brief | /Categories/Product types/Country Briefs,/Categories/Catalog role/Discoverable product | /Categories/Product types/Country Briefs | /Categories/Countries/LBN | /Categories/Monitoring products/Country brief | /Categories/Geographic scope/Country | /Categories/Languages/English | /Categories/DIEM pillars/Household monitoring system,/Categories/Catalog role/Discoverable product | /Categories/Countries/LBN | /Categories/DIEM pillars/Household monitoring system | /Categories/Geographic scope/Country | /Categories/Languages/English | /Categories/Monitoring products/Country brief | /Categories/Product types/Country Briefs,verified
94f65d01b98440a4b8c3d7855ccb21e8,Lebanon - DIEM Monitoring Brief - Round 7,Document Link,LBN,Lebanon — Round 07,Country brief,English,Country,high,apply,,,,,,,/Categories/Catalog role/Discoverable product | /Categories/Countries/LBN | /Categories/DIEM pillars/Household monitoring system | /Categories/Geographic scope/Country | /Categories/Languages/English | /Categories/Monitoring products/Country brief | /Categories/Product types/Country Briefs,/Categories/Catalog role/Discoverable product | /Categories/Product types/Country Briefs | /Categories/Countries/LBN | /Categories/Monitoring products/Country brief | /Categories/Geographic scope/Country | /Categories/Languages/English | /Categories/DIEM pillars/Household monitoring system,/Categories/Catalog role/Discoverable product | /Categories/Countries/LBN | /Categories/DIEM pillars/Household monitoring system | /Categories/Geographic scope/Country | /Categories/Languages/English | /Categories/Monitoring products/Country brief | /Categories/Product types/Country Briefs,verified
34b18b546b844b02a0d39a7499273339,Lebanon - DIEM Monitoring Brief - Round 8,Document Link,LBN,Lebanon — Round 08,Country brief,English,Country,high,apply,,,,,,,/Categories/Catalog role/Discoverable product | /Categories/Countries/LBN | /Categories/DIEM pillars/Household monitoring system | /Categories/Geographic scope/Country | /Categories/Languages/English | /Categories/Monitoring products/Country brief | /Categories/Product types/Country Briefs,/Categories/Catalog role/Discoverable product | /Categories/Product types/Country Briefs | /Categories/Countries/LBN | /Categories/Monitoring products/Country brief | /Categories/Geographic scope/Country | /Categories/Languages/English | /Categories/DIEM pillars/Household monitoring system,/Categories/Catalog role/Discoverable product | /Categories/Countries/LBN | /Categories/DIEM pillars/Household monitoring system | /Categories/Geographic scope/Country | /Categories/Languages/English | /Categories/Monitoring products/Country brief | /Categories/Product types/Country Briefs,verified
bb385b2352b847d691f0ae783e22f736,Lebanon - Household Questionnaire - Round 4,Microsoft Excel,LBN,Lebanon — Round 04,Questionnaire,English,Country,high,apply,,,,,,,/Categories/Catalog role/Discoverable product | /Categories/Countries/LBN | /Categories/DIEM pillars/Household monitoring system | /Categories/Geographic scope/Country | /Categories/Languages/English | /Categories/Monitoring products/Questionnaire | /Categories/Product types/Questionnaires,/Categories/Catalog role/Discoverable product | /Categories/Product types/Questionnaires | /Categories/Countries/LBN | /Categories/Monitoring products/Questionnaire | /Categories/Geographic scope/Country | /Categories/Languages/English | /Categories/DIEM pillars/Household monitoring system,/Categories/Catalog role/Discoverable product | /Categories/Countries/LBN | /Categories/DIEM pillars/Household monitoring system | /Categories/Geographic scope/Country | /Categories/Languages/English | /Categories/Monitoring products/Questionnaire | /Categories/Product types/Questionnaires,verified
9b9a98651e9644afa52fc98e80531e4a,Lebanon - Household Questionnaire - Round 5,Microsoft Excel,LBN,Lebanon — Round 05,Questionnaire,English,Country,high,apply,,,,,,,/Categories/Catalog role/Discoverable product | /Categories/Countries/LBN | /Categories/DIEM pillars/Household monitoring system | /Categories/Geographic scope/Country | /Categories/Languages/English | /Categories/Monitoring products/Questionnaire | /Categories/Product types/Questionnaires,/Categories/Catalog role/Discoverable product | /Categories/Product types/Questionnaires | /Categories/Countries/LBN | /Categories/Monitoring products/Questionnaire | /Categories/Geographic scope/Country | /Categories/Languages/English | /Categories/DIEM pillars/Household monitoring system,/Categories/Catalog role/Discoverable product | /Categories/Countries/LBN | /Categories/DIEM pillars/Household monitoring system | /Categories/Geographic scope/Country | /Categories/Languages/English | /Categories/Monitoring products/Questionnaire | /Categories/Product types/Questionnaires,verified
4f81995f3c6341418ff1864133fab690,Lebanon - Household Questionnaire - Round 7,Microsoft Excel,LBN,Lebanon — Round 07,Questionnaire,English,Country,high,apply,,,,,,,/Categories/Catalog role/Discoverable product | /Categories/Countries/LBN | /Categories/DIEM pillars/Household monitoring system | /Categories/Geographic scope/Country | /Categories/Languages/English | /Categories/Monitoring products/Questionnaire | /Categories/Product types/Questionnaires,/Categories/Catalog role/Discoverable product | /Categories/Product types/Questionnaires | /Categories/Countries/LBN | /Categories/Monitoring products/Questionnaire | /Categories/Geographic scope/Country | /Categories/Languages/English | /Categories/DIEM pillars/Household monitoring system,/Categories/Catalog role/Discoverable product | /Categories/Countries/LBN | /Categories/DIEM pillars/Household monitoring system | /Categories/Geographic scope/Country | /Categories/Languages/English | /Categories/Monitoring products/Questionnaire | /Categories/Product types/Questionnaires,verified
24636dbaa98c4d6a986e3d9edceeafdc,LEBANON - Household Questionnaire - Round1,Microsoft Excel,LBN,Lebanon — Round 01,Questionnaire,English,Country,high,apply,,,,,,,/Categories/Catalog role/Discoverable product | /Categories/Countries/LBN | /Categories/DIEM pillars/Household monitoring system | /Categories/Geographic scope/Country | /Categories/Languages/English | /Categories/Monitoring products/Questionnaire | /Categories/Product types/Questionnaires,/Categories/Catalog role/Discoverable product | /Categories/Product types/Questionnaires | /Categories/Countries/LBN | /Categories/Monitoring products/Questionnaire | /Categories/Geographic scope/Country | /Categories/Languages/English | /Categories/DIEM pillars/Household monitoring system,/Categories/Catalog role/Discoverable product | /Categories/Countries/LBN | /Categories/DIEM pillars/Household monitoring system | /Categories/Geographic scope/Country | /Categories/Languages/English | /Categories/Monitoring products/Questionnaire | /Categories/Product types/Questionnaires,verified
d8ca20561eca409a9c82e21b77cd575c,LEBANON - Household Questionnaire - Round2,Microsoft Excel,LBN,Lebanon — Round 02,Questionnaire,English,Country,high,apply,,,,,,,/Categories/Catalog role/Discoverable product | /Categories/Countries/LBN | /Categories/DIEM pillars/Household monitoring system | /Categories/Geographic scope/Country | /Categories/Languages/English | /Categories/Monitoring products/Questionnaire | /Categories/Product types/Questionnaires,/Categories/Catalog role/Discoverable product | /Categories/Product types/Questionnaires | /Categories/Countries/LBN | /Categories/Monitoring products/Questionnaire | /Categories/Geographic scope/Country | /Categories/Languages/English | /Categories/DIEM pillars/Household monitoring system,/Categories/Catalog role/Discoverable product | /Categories/Countries/LBN | /Categories/DIEM pillars/Household monitoring system | /Categories/Geographic scope/Country | /Categories/Languages/English | /Categories/Monitoring products/Questionnaire | /Categories/Product types/Questionnaires,verified
09691d08a7c1495eb62c064d8d04690f,Lebanon - Household Questionnaire - Round3,Microsoft Excel,LBN,Lebanon — Round 03,Questionnaire,English,Country,high,apply,,,,,,,/Categories/Catalog role/Discoverable product | /Categories/Countries/LBN | /Categories/DIEM pillars/Household monitoring system | /Categories/Geographic scope/Country | /Categories/Languages/English | /Categories/Monitoring products/Questionnaire | /Categories/Product types/Questionnaires,/Categories/Catalog role/Discoverable product | /Categories/Product types/Questionnaires | /Categories/Countries/LBN | /Categories/Monitoring products/Questionnaire | /Categories/Geographic scope/Country | /Categories/Languages/English | /Categories/DIEM pillars/Household monitoring system,/Categories/Catalog role/Discoverable product | /Categories/Countries/LBN | /Categories/DIEM pillars/Household monitoring system | /Categories/Geographic scope/Country | /Categories/Languages/English | /Categories/Monitoring products/Questionnaire | /Categories/Product types/Questionnaires,verified
ab06b47652d248a3b2fce86e3d7db7a6,Lebanon - Household Questionnaire - Round6,Microsoft Excel,LBN,Lebanon — Round 06,Questionnaire,French,Country,high,apply,,,,,,,/Categories/Catalog role/Discoverable product | /Categories/Countries/LBN | /Categories/DIEM pillars/Household monitoring system | /Categories/Geographic scope/Country | /Categories/Languages/French | /Categories/Monitoring products/Questionnaire | /Categories/Product types/Questionnaires,/Categories/Catalog role/Discoverable product | /Categories/Product types/Questionnaires | /Categories/Countries/LBN | /Categories/Monitoring products/Questionnaire | /Categories/Geographic scope/Country | /Categories/Languages/French | /Categories/DIEM pillars/Household monitoring system,/Categories/Catalog role/Discoverable product | /Categories/Countries/LBN | /Categories/DIEM pillars/Household monitoring system | /Categories/Geographic scope/Country | /Categories/Languages/French | /Categories/Monitoring products/Questionnaire | /Categories/Product types/Questionnaires,verified
bef2a9da75e24d0192798018e0a63ca4,Lebanon - Household Questionnaire - Round8,Microsoft Excel,LBN,Lebanon — Round 08,Questionnaire,French,Country,high,apply,,,,,,,/Categories/Catalog role/Discoverable product | /Categories/Countries/LBN | /Categories/DIEM pillars/Household monitoring system | /Categories/Geographic scope/Country | /Categories/Languages/French | /Categories/Monitoring products/Questionnaire | /Categories/Product types/Questionnaires,/Categories/Catalog role/Discoverable product | /Categories/Product types/Questionnaires | /Categories/Countries/LBN | /Categories/Monitoring products/Questionnaire | /Categories/Geographic scope/Country | /Categories/Languages/French | /Categories/DIEM pillars/Household monitoring system,/Categories/Catalog role/Discoverable product | /Categories/Countries/LBN | /Categories/DIEM pillars/Household monitoring system | /Categories/Geographic scope/Country | /Categories/Languages/French | /Categories/Monitoring products/Questionnaire | /Categories/Product types/Questionnaires,verified
3961e8df89264580ad97ea9a40a11ec0,Lebanon - Presentation - Round 1,PDF,LBN,Lebanon — Round 01,Findings presentation,English,Country,high,apply,,,,,,,/Categories/Catalog role/Discoverable product | /Categories/Countries/LBN | /Categories/DIEM pillars/Household monitoring system | /Categories/Geographic scope/Country | /Categories/Languages/English | /Categories/Monitoring products/Findings presentation | /Categories/Product types/Key Findings Presentations,/Categories/Catalog role/Discoverable product | /Categories/Product types/Key Findings Presentations | /Categories/Countries/LBN | /Categories/Monitoring products/Findings presentation | /Categories/Geographic scope/Country | /Categories/Languages/English | /Categories/DIEM pillars/Household monitoring system,/Categories/Catalog role/Discoverable product | /Categories/Countries/LBN | /Categories/DIEM pillars/Household monitoring system | /Categories/Geographic scope/Country | /Categories/Languages/English | /Categories/Monitoring products/Findings presentation | /Categories/Product types/Key Findings Presentations,verified
9190fa8785754fb199ef7c954cbd2a37,Liberia - DIEM Monitoring Brief - Round 3,PDF,LBR,Liberia — Round 03,Country brief,English,Country,high,apply,,,,,,,/Categories/Catalog role/Discoverable product | /Categories/Countries/LBR | /Categories/DIEM pillars/Household monitoring system | /Categories/Geographic scope/Country | /Categories/Languages/English | /Categories/Monitoring products/Country brief | /Categories/Product types/Country Briefs,/Categories/Catalog role/Discoverable product | /Categories/Product types/Country Briefs | /Categories/Countries/LBR | /Categories/Monitoring products/Country brief | /Categories/Geographic scope/Country | /Categories/Languages/English | /Categories/DIEM pillars/Household monitoring system,/Categories/Catalog role/Discoverable product | /Categories/Countries/LBR | /Categories/DIEM pillars/Household monitoring system | /Categories/Geographic scope/Country | /Categories/Languages/English | /Categories/Monitoring products/Country brief | /Categories/Product types/Country Briefs,verified
8bcb2b3afa1149fa8f6abfb637bc4dad,Liberia - Household Questionnaire - Round2,Microsoft Excel,LBR,Liberia — Round 02,Questionnaire,English,Country,high,apply,,,,,,,/Categories/Catalog role/Discoverable product | /Categories/Countries/LBR | /Categories/DIEM pillars/Household monitoring system | /Categories/Geographic scope/Country | /Categories/Languages/English | /Categories/Monitoring products/Questionnaire | /Categories/Product types/Questionnaires,/Categories/Catalog role/Discoverable product | /Categories/Product types/Questionnaires | /Categories/Countries/LBR | /Categories/Monitoring products/Questionnaire | /Categories/Geographic scope/Country | /Categories/Languages/English | /Categories/DIEM pillars/Household monitoring system,/Categories/Catalog role/Discoverable product | /Categories/Countries/LBR | /Categories/DIEM pillars/Household monitoring system | /Categories/Geographic scope/Country | /Categories/Languages/English | /Categories/Monitoring products/Questionnaire | /Categories/Product types/Questionnaires,verified
1cef52115ff448ad81eb2db7b488f3e4,LIBERIA - Household Questionnaire - Round3,Microsoft Excel,LBR,,Questionnaire,English,Country,medium,apply,,,,,,Not linked from the monitoring round table; inclusion and round require review,/Categories/Catalog role/Discoverable product | /Categories/Countries/LBR | /Categories/DIEM pillars/Household monitoring system | /Categories/Geographic scope/Country | /Categories/Languages/English | /Categories/Monitoring products/Questionnaire | /Categories/Product types/Questionnaires,/Categories/Catalog role/Discoverable product | /Categories/Product types/Questionnaires | /Categories/Countries/LBR | /Categories/Monitoring products/Questionnaire | /Categories/Geographic scope/Country | /Categories/Languages/English | /Categories/DIEM pillars/Household monitoring system,/Categories/Catalog role/Discoverable product | /Categories/Countries/LBR | /Categories/DIEM pillars/Household monitoring system | /Categories/Geographic scope/Country | /Categories/Languages/English | /Categories/Monitoring products/Questionnaire | /Categories/Product types/Questionnaires,verified
fe325c2d574648d49fac0bbad739fa61,LIBERIA - Household Questionnaire - Round3,Microsoft Excel,LBR,Liberia — Round 03,Questionnaire,English,Country,high,apply,,,,,,,/Categories/Catalog role/Discoverable product | /Categories/Countries/LBR | /Categories/DIEM pillars/Household monitoring system | /Categories/Geographic scope/Country | /Categories/Languages/English | /Categories/Monitoring products/Questionnaire | /Categories/Product types/Questionnaires,/Categories/Catalog role/Discoverable product | /Categories/Product types/Questionnaires | /Categories/Countries/LBR | /Categories/Monitoring products/Questionnaire | /Categories/Geographic scope/Country | /Categories/Languages/English | /Categories/DIEM pillars/Household monitoring system,/Categories/Catalog role/Discoverable product | /Categories/Countries/LBR | /Categories/DIEM pillars/Household monitoring system | /Categories/Geographic scope/Country | /Categories/Languages/English | /Categories/Monitoring products/Questionnaire | /Categories/Product types/Questionnaires,verified
db92a754654a4b40bd802602f317878f,Liberia - Presentation - Round 1,PDF,LBR,,Findings presentation,English,Country,medium,apply,,,,,,Not linked from the monitoring round table; inclusion and round require review,/Categories/Catalog role/Discoverable product | /Categories/Countries/LBR | /Categories/Geographic scope/Country | /Categories/Product types/Key Findings Presentations,/Categories/Catalog role/Discoverable product | /Categories/Product types/Key Findings Presentations | /Categories/Countries/LBR | /Categories/Monitoring products/Findings presentation | /Categories/Geographic scope/Country | /Categories/Languages/English | /Categories/DIEM pillars/Household monitoring system,/Categories/Catalog role/Discoverable product | /Categories/Countries/LBR | /Categories/DIEM pillars/Household monitoring system | /Categories/Geographic scope/Country | /Categories/Languages/English | /Categories/Monitoring products/Findings presentation | /Categories/Product types/Key Findings Presentations,verified
b5dd0d0d96f64e41b618371c28c808ef,Liberia - Presentation - Round 2 - Agriculture Officers,PDF,LBR,,Findings presentation,English,Country,medium,apply,,,,,,Not linked from the monitoring round table; inclusion and round require review,/Categories/Catalog role/Discoverable product | /Categories/Countries/LBR | /Categories/Geographic scope/Country | /Categories/Product types/Key Findings Presentations,/Categories/Catalog role/Discoverable product | /Categories/Product types/Key Findings Presentations | /Categories/Countries/LBR | /Categories/Monitoring products/Findings presentation | /Categories/Geographic scope/Country | /Categories/Languages/English | /Categories/DIEM pillars/Household monitoring system,/Categories/Catalog role/Discoverable product | /Categories/Countries/LBR | /Categories/DIEM pillars/Household monitoring system | /Categories/Geographic scope/Country | /Categories/Languages/English | /Categories/Monitoring products/Findings presentation | /Categories/Product types/Key Findings Presentations,verified
d5690462045c459d9c0e8f67968e3fc4,Liberia - Presentation - Round 2 - Inputs,PDF,LBR,,Findings presentation,English,Country,medium,apply,,,,,,Not linked from the monitoring round table; inclusion and round require review,/Categories/Catalog role/Discoverable product | /Categories/Countries/LBR | /Categories/Geographic scope/Country | /Categories/Product types/Key Findings Presentations,/Categories/Catalog role/Discoverable product | /Categories/Product types/Key Findings Presentations | /Categories/Countries/LBR | /Categories/Monitoring products/Findings presentation | /Categories/Geographic scope/Country | /Categories/Languages/English | /Categories/DIEM pillars/Household monitoring system,/Categories/Catalog role/Discoverable product | /Categories/Countries/LBR | /Categories/DIEM pillars/Household monitoring system | /Categories/Geographic scope/Country | /Categories/Languages/English | /Categories/Monitoring products/Findings presentation | /Categories/Product types/Key Findings Presentations,verified
790ab43fd2224504bfdc30ae836bf4e4,Liberia - Report - Round 1,PDF,LBR,,Report,English,Country,medium,apply,,,,,,Not linked from the monitoring round table; inclusion and round require review,/Categories/Catalog role/Discoverable product | /Categories/Countries/LBR | /Categories/Geographic scope/Country | /Categories/Product types/Country Briefs,/Categories/Catalog role/Discoverable product | /Categories/Product types/Country Briefs | /Categories/Countries/LBR | /Categories/Monitoring products/Report | /Categories/Geographic scope/Country | /Categories/Languages/English | /Categories/DIEM pillars/Household monitoring system,/Categories/Catalog role/Discoverable product | /Categories/Countries/LBR | /Categories/DIEM pillars/Household monitoring system | /Categories/Geographic scope/Country | /Categories/Languages/English | /Categories/Monitoring products/Report | /Categories/Product types/Country Briefs,verified
e699bc48da96428a86f779941cc47f82,LIBERIA- Household Questionnaire - Round1 ,Microsoft Excel,LBR,,Questionnaire,English,Country,medium,apply,,,,,,Not linked from the monitoring round table; inclusion and round require review,/Categories/Catalog role/Discoverable product | /Categories/Countries/LBR | /Categories/DIEM pillars/Household monitoring system | /Categories/Geographic scope/Country | /Categories/Languages/English | /Categories/Monitoring products/Questionnaire | /Categories/Product types/Questionnaires,/Categories/Catalog role/Discoverable product | /Categories/Product types/Questionnaires | /Categories/Countries/LBR | /Categories/Monitoring products/Questionnaire | /Categories/Geographic scope/Country | /Categories/Languages/English | /Categories/DIEM pillars/Household monitoring system,/Categories/Catalog role/Discoverable product | /Categories/Countries/LBR | /Categories/DIEM pillars/Household monitoring system | /Categories/Geographic scope/Country | /Categories/Languages/English | /Categories/Monitoring products/Questionnaire | /Categories/Product types/Questionnaires,verified
d157fa8775eb46bea9f6040123086d43,Libya - Household Questionnaire - Round2,Microsoft Excel,LBY,,Questionnaire,English,Country,medium,apply,,,,,,Not linked from the monitoring round table; inclusion and round require review,/Categories/Catalog role/Discoverable product | /Categories/Countries/LBY | /Categories/DIEM pillars/Household monitoring system | /Categories/Geographic scope/Global | /Categories/Languages/English | /Categories/Monitoring products/Questionnaire | /Categories/Product types/Questionnaires,/Categories/Catalog role/Discoverable product | /Categories/Product types/Questionnaires | /Categories/Countries/LBY | /Categories/Monitoring products/Questionnaire | /Categories/Geographic scope/Country | /Categories/Languages/English | /Categories/DIEM pillars/Household monitoring system,/Categories/Catalog role/Discoverable product | /Categories/Countries/LBY | /Categories/DIEM pillars/Household monitoring system | /Categories/Geographic scope/Country | /Categories/Languages/English | /Categories/Monitoring products/Questionnaire | /Categories/Product types/Questionnaires,verified
9d28fade65874796b526eae36f797f75,Libya - Report - Round 1,PDF,LBY,,Report,English,Country,medium,apply,,,,,,Not linked from the monitoring round table; inclusion and round require review,/Categories/Catalog role/Discoverable product | /Categories/Countries/LBY | /Categories/Geographic scope/Country | /Categories/Product types/Country Briefs,/Categories/Catalog role/Discoverable product | /Categories/Product types/Country Briefs | /Categories/Countries/LBY | /Categories/Monitoring products/Report | /Categories/Geographic scope/Country | /Categories/Languages/English | /Categories/DIEM pillars/Household monitoring system,/Categories/Catalog role/Discoverable product | /Categories/Countries/LBY | /Categories/DIEM pillars/Household monitoring system | /Categories/Geographic scope/Country | /Categories/Languages/English | /Categories/Monitoring products/Report | /Categories/Product types/Country Briefs,verified
9fab0ad98d66480e87c754b594dcf193,Madagascar - Évaluation des dommages et des pertes causés par les cyclones Batsirai et Emnati sur le secteur agricole dans le Grand Sud-Est de Madagascar (juin 2022),Document Link,MDG,,Report,French,Country,medium,exclude,,,,,,Not linked from the monitoring round table; inclusion and round require review,/Categories/Catalog role/Discoverable product | /Categories/Content roles/Primary assessment | /Categories/Countries/MDG | /Categories/DIEM pillars/Hazard impact assessment | /Categories/Geographic scope/Country | /Categories/Languages/French | /Categories/Product types/Assessment Reports | /Categories/Shock types/Tropical cyclone and storm,/Categories/Catalog role/Discoverable product | /Categories/Content roles/Primary assessment | /Categories/Product types/Assessment Reports | /Categories/Shock types/Tropical cyclone and storm | /Categories/Countries/MDG | /Categories/Monitoring products/Report | /Categories/Geographic scope/Country | /Categories/Languages/French | /Categories/DIEM pillars/Household monitoring system,,excluded by review
0a566bd149ac45a4948028eaaac50b40,Malawi - DIEM Monitoring Brief - Round 1,Document Link,MWI,Malawi — Round 01,Country brief,French,Country,high,apply,,,,,,,/Categories/Catalog role/Discoverable product | /Categories/Countries/MWI | /Categories/DIEM pillars/Household monitoring system | /Categories/Geographic scope/Country | /Categories/Languages/French | /Categories/Monitoring products/Country brief | /Categories/Product types/Country Briefs,/Categories/Catalog role/Discoverable product | /Categories/Product types/Country Briefs | /Categories/Countries/MWI | /Categories/Monitoring products/Country brief | /Categories/Geographic scope/Country | /Categories/Languages/French | /Categories/DIEM pillars/Household monitoring system,/Categories/Catalog role/Discoverable product | /Categories/Countries/MWI | /Categories/DIEM pillars/Household monitoring system | /Categories/Geographic scope/Country | /Categories/Languages/French | /Categories/Monitoring products/Country brief | /Categories/Product types/Country Briefs,verified
06bde297ae644d0583e04df2003f7dfb,Malawi  - DIEM Monitoring Brief - Round 2,Document Link,MWI,Malawi — Round 02,Country brief,English,Country,high,apply,,,,,,,/Categories/Catalog role/Discoverable product | /Categories/Countries/MWI | /Categories/DIEM pillars/Household monitoring system | /Categories/Geographic scope/Country | /Categories/Languages/English | /Categories/Monitoring products/Country brief | /Categories/Product types/Country Briefs,/Categories/Catalog role/Discoverable product | /Categories/Product types/Country Briefs | /Categories/Countries/MWI | /Categories/Monitoring products/Country brief | /Categories/Geographic scope/Country | /Categories/Languages/English | /Categories/DIEM pillars/Household monitoring system,/Categories/Catalog role/Discoverable product | /Categories/Countries/MWI | /Categories/DIEM pillars/Household monitoring system | /Categories/Geographic scope/Country | /Categories/Languages/English | /Categories/Monitoring products/Country brief | /Categories/Product types/Country Briefs,verified
fd842e8c263d4f658f331b0508bc1f2c,Malawi - Household Questionnaire - Round 2,Microsoft Excel,MWI,Malawi — Round 02,Questionnaire,English,Country,high,apply,,,,,,,/Categories/Catalog role/Discoverable product | /Categories/Countries/MWI | /Categories/DIEM pillars/Household monitoring system | /Categories/Geographic scope/Country | /Categories/Languages/English | /Categories/Monitoring products/Questionnaire | /Categories/Product types/Questionnaires,/Categories/Catalog role/Discoverable product | /Categories/Product types/Questionnaires | /Categories/Countries/MWI | /Categories/Monitoring products/Questionnaire | /Categories/Geographic scope/Country | /Categories/Languages/English | /Categories/DIEM pillars/Household monitoring system,/Categories/Catalog role/Discoverable product | /Categories/Countries/MWI | /Categories/DIEM pillars/Household monitoring system | /Categories/Geographic scope/Country | /Categories/Languages/English | /Categories/Monitoring products/Questionnaire | /Categories/Product types/Questionnaires,verified
e0f8e06408094068872e04cc311a500b,Malawi - Household Questionnaire - Round1,Microsoft Excel,MWI,Malawi — Round 01,Questionnaire,English,Country,high,apply,,,,,,,/Categories/Catalog role/Discoverable product | /Categories/Countries/MWI | /Categories/DIEM pillars/Household monitoring system | /Categories/Geographic scope/Country | /Categories/Languages/English | /Categories/Monitoring products/Questionnaire | /Categories/Product types/Questionnaires,/Categories/Catalog role/Discoverable product | /Categories/Product types/Questionnaires | /Categories/Countries/MWI | /Categories/Monitoring products/Questionnaire | /Categories/Geographic scope/Country | /Categories/Languages/English | /Categories/DIEM pillars/Household monitoring system,/Categories/Catalog role/Discoverable product | /Categories/Countries/MWI | /Categories/DIEM pillars/Household monitoring system | /Categories/Geographic scope/Country | /Categories/Languages/English | /Categories/Monitoring products/Questionnaire | /Categories/Product types/Questionnaires,verified
0a32e713c5964ead8b728db2e18b0d47,Mali - Bulletin de suivi DIEM - Cycle 10,Document Link,MLI,,Country brief,French,Country,medium,apply,,,,,,Not linked from the monitoring round table; inclusion and round require review,/Categories/Catalog role/Discoverable product | /Categories/Countries/MLI | /Categories/Geographic scope/Country | /Categories/Product types/Country Briefs,/Categories/Catalog role/Discoverable product | /Categories/Product types/Country Briefs | /Categories/Countries/MLI | /Categories/Monitoring products/Country brief | /Categories/Geographic scope/Country | /Categories/Languages/French | /Categories/DIEM pillars/Household monitoring system,/Categories/Catalog role/Discoverable product | /Categories/Countries/MLI | /Categories/DIEM pillars/Household monitoring system | /Categories/Geographic scope/Country | /Categories/Languages/French | /Categories/Monitoring products/Country brief | /Categories/Product types/Country Briefs,verified
158e3647314f49229a3bbca3b1609a40,Mali - Bulletin de suivi DIEM - Cycle 8,Document Link,MLI,,Country brief,French,Country,medium,apply,,,,,,Not linked from the monitoring round table; inclusion and round require review,/Categories/Catalog role/Discoverable product | /Categories/Countries/MLI | /Categories/Geographic scope/Country | /Categories/Product types/Country Briefs,/Categories/Catalog role/Discoverable product | /Categories/Product types/Country Briefs | /Categories/Countries/MLI | /Categories/Monitoring products/Country brief | /Categories/Geographic scope/Country | /Categories/Languages/French | /Categories/DIEM pillars/Household monitoring system,/Categories/Catalog role/Discoverable product | /Categories/Countries/MLI | /Categories/DIEM pillars/Household monitoring system | /Categories/Geographic scope/Country | /Categories/Languages/French | /Categories/Monitoring products/Country brief | /Categories/Product types/Country Briefs,verified
b6e6a4e802a34ae18007b2070539962e,Mali - Bulletin de suivi DIEM - Cycle 9,Document Link,MLI,,Country brief,French,Country,medium,apply,,,,,,Not linked from the monitoring round table; inclusion and round require review,/Categories/Catalog role/Discoverable product | /Categories/Countries/MLI | /Categories/Geographic scope/Country | /Categories/Product types/Country Briefs,/Categories/Catalog role/Discoverable product | /Categories/Product types/Country Briefs | /Categories/Countries/MLI | /Categories/Monitoring products/Country brief | /Categories/Geographic scope/Country | /Categories/Languages/French | /Categories/DIEM pillars/Household monitoring system,/Categories/Catalog role/Discoverable product | /Categories/Countries/MLI | /Categories/DIEM pillars/Household monitoring system | /Categories/Geographic scope/Country | /Categories/Languages/French | /Categories/Monitoring products/Country brief | /Categories/Product types/Country Briefs,verified
ece6368d6493474b9c6cc5dcb9afa201,Mali - DIEM Monitoring Brief - Round 10,Document Link,MLI,Mali — Round 10,Country brief,English,Country,high,apply,,,,,,,/Categories/Catalog role/Discoverable product | /Categories/Countries/MLI | /Categories/DIEM pillars/Household monitoring system | /Categories/Geographic scope/Country | /Categories/Languages/English | /Categories/Monitoring products/Country brief | /Categories/Product types/Country Briefs,/Categories/Catalog role/Discoverable product | /Categories/Product types/Country Briefs | /Categories/Countries/MLI | /Categories/Monitoring products/Country brief | /Categories/Geographic scope/Country | /Categories/Languages/English | /Categories/DIEM pillars/Household monitoring system,/Categories/Catalog role/Discoverable product | /Categories/Countries/MLI | /Categories/DIEM pillars/Household monitoring system | /Categories/Geographic scope/Country | /Categories/Languages/English | /Categories/Monitoring products/Country brief | /Categories/Product types/Country Briefs,verified
3487101ff4f240888c7d95ea9be8f14b,Mali - DIEM Monitoring Brief - Round 3,Document Link,MLI,Mali — Round 03,Country brief,English,Country,high,apply,,,,,,,/Categories/Catalog role/Discoverable product | /Categories/Countries/MLI | /Categories/DIEM pillars/Household monitoring system | /Categories/Geographic scope/Country | /Categories/Languages/English | /Categories/Monitoring products/Country brief | /Categories/Product types/Country Briefs,/Categories/Catalog role/Discoverable product | /Categories/Product types/Country Briefs | /Categories/Countries/MLI | /Categories/Monitoring products/Country brief | /Categories/Geographic scope/Country | /Categories/Languages/English | /Categories/DIEM pillars/Household monitoring system,/Categories/Catalog role/Discoverable product | /Categories/Countries/MLI | /Categories/DIEM pillars/Household monitoring system | /Categories/Geographic scope/Country | /Categories/Languages/English | /Categories/Monitoring products/Country brief | /Categories/Product types/Country Briefs,verified
f671a0f805a643919c2bb7c8bb4e5630,Mali - DIEM Monitoring Brief - Round 4,Document Link,MLI,Mali — Round 04,Country brief,English,Country,high,apply,,,,,,,/Categories/Catalog role/Discoverable product | /Categories/Countries/MLI | /Categories/DIEM pillars/Household monitoring system | /Categories/Geographic scope/Country | /Categories/Languages/English | /Categories/Monitoring products/Country brief | /Categories/Product types/Country Briefs,/Categories/Catalog role/Discoverable product | /Categories/Product types/Country Briefs | /Categories/Countries/MLI | /Categories/Monitoring products/Country brief | /Categories/Geographic scope/Country | /Categories/Languages/English | /Categories/DIEM pillars/Household monitoring system,/Categories/Catalog role/Discoverable product | /Categories/Countries/MLI | /Categories/DIEM pillars/Household monitoring system | /Categories/Geographic scope/Country | /Categories/Languages/English | /Categories/Monitoring products/Country brief | /Categories/Product types/Country Briefs,verified
8b150981c52f4337b1ca7cccc66629c7,Mali - DIEM Monitoring Brief - Round 4 (FR),Document Link,MLI,,Country brief,French,Country,medium,apply,,,,,,Not linked from the monitoring round table; inclusion and round require review,/Categories/Catalog role/Discoverable product | /Categories/Countries/MLI | /Categories/Geographic scope/Country | /Categories/Product types/Country Briefs,/Categories/Catalog role/Discoverable product | /Categories/Product types/Country Briefs | /Categories/Countries/MLI | /Categories/Monitoring products/Country brief | /Categories/Geographic scope/Country | /Categories/Languages/French | /Categories/DIEM pillars/Household monitoring system,/Categories/Catalog role/Discoverable product | /Categories/Countries/MLI | /Categories/DIEM pillars/Household monitoring system | /Categories/Geographic scope/Country | /Categories/Languages/French | /Categories/Monitoring products/Country brief | /Categories/Product types/Country Briefs,verified
ff0508c4a5ba4704a5ea928fddb70886,Mali - DIEM Monitoring Brief - Round 5,Document Link,MLI,Mali — Round 05,Country brief,English,Country,high,apply,,,,,,,/Categories/Catalog role/Discoverable product | /Categories/Countries/MLI | /Categories/DIEM pillars/Household monitoring system | /Categories/Geographic scope/Country | /Categories/Languages/English | /Categories/Monitoring products/Country brief | /Categories/Product types/Country Briefs,/Categories/Catalog role/Discoverable product | /Categories/Product types/Country Briefs | /Categories/Countries/MLI | /Categories/Monitoring products/Country brief | /Categories/Geographic scope/Country | /Categories/Languages/English | /Categories/DIEM pillars/Household monitoring system,/Categories/Catalog role/Discoverable product | /Categories/Countries/MLI | /Categories/DIEM pillars/Household monitoring system | /Categories/Geographic scope/Country | /Categories/Languages/English | /Categories/Monitoring products/Country brief | /Categories/Product types/Country Briefs,verified
42278be028144cd88dbcf18e2bd93817,Mali - DIEM Monitoring Brief - Round 5 (FR),Document Link,MLI,,Country brief,French,Country,medium,apply,,,,,,Not linked from the monitoring round table; inclusion and round require review,/Categories/Catalog role/Discoverable product | /Categories/Countries/MLI | /Categories/Geographic scope/Country | /Categories/Product types/Country Briefs,/Categories/Catalog role/Discoverable product | /Categories/Product types/Country Briefs | /Categories/Countries/MLI | /Categories/Monitoring products/Country brief | /Categories/Geographic scope/Country | /Categories/Languages/French | /Categories/DIEM pillars/Household monitoring system,/Categories/Catalog role/Discoverable product | /Categories/Countries/MLI | /Categories/DIEM pillars/Household monitoring system | /Categories/Geographic scope/Country | /Categories/Languages/French | /Categories/Monitoring products/Country brief | /Categories/Product types/Country Briefs,verified
843634beb8494a54a51b96c1a1750f37,Mali - DIEM Monitoring Brief - Round 6,Document Link,MLI,Mali — Round 06,Country brief,English,Country,high,apply,,,,,,,/Categories/Catalog role/Discoverable product | /Categories/Countries/MLI | /Categories/DIEM pillars/Household monitoring system | /Categories/Geographic scope/Country | /Categories/Languages/English | /Categories/Monitoring products/Country brief | /Categories/Product types/Country Briefs,/Categories/Catalog role/Discoverable product | /Categories/Product types/Country Briefs | /Categories/Countries/MLI | /Categories/Monitoring products/Country brief | /Categories/Geographic scope/Country | /Categories/Languages/English | /Categories/DIEM pillars/Household monitoring system,/Categories/Catalog role/Discoverable product | /Categories/Countries/MLI | /Categories/DIEM pillars/Household monitoring system | /Categories/Geographic scope/Country | /Categories/Languages/English | /Categories/Monitoring products/Country brief | /Categories/Product types/Country Briefs,verified
bd8d73aad4644f62969941be8700fa14,Mali - DIEM Monitoring Brief - Round 6 (FR),Document Link,MLI,,Country brief,French,Country,medium,apply,,,,,,Not linked from the monitoring round table; inclusion and round require review,/Categories/Catalog role/Discoverable product | /Categories/Countries/MLI | /Categories/Geographic scope/Country | /Categories/Product types/Country Briefs,/Categories/Catalog role/Discoverable product | /Categories/Product types/Country Briefs | /Categories/Countries/MLI | /Categories/Monitoring products/Country brief | /Categories/Geographic scope/Country | /Categories/Languages/French | /Categories/DIEM pillars/Household monitoring system,/Categories/Catalog role/Discoverable product | /Categories/Countries/MLI | /Categories/DIEM pillars/Household monitoring system | /Categories/Geographic scope/Country | /Categories/Languages/French | /Categories/Monitoring products/Country brief | /Categories/Product types/Country Briefs,verified
b4714d89aacf48018b509f55118c94b9,Mali - DIEM Monitoring Brief - Round 7,Document Link,MLI,Mali — Round 07,Country brief,English,Country,high,apply,,,,,,,/Categories/Catalog role/Discoverable product | /Categories/Countries/MLI | /Categories/DIEM pillars/Household monitoring system | /Categories/Geographic scope/Country | /Categories/Languages/English | /Categories/Monitoring products/Country brief | /Categories/Product types/Country Briefs,/Categories/Catalog role/Discoverable product | /Categories/Product types/Country Briefs | /Categories/Countries/MLI | /Categories/Monitoring products/Country brief | /Categories/Geographic scope/Country | /Categories/Languages/English | /Categories/DIEM pillars/Household monitoring system,/Categories/Catalog role/Discoverable product | /Categories/Countries/MLI | /Categories/DIEM pillars/Household monitoring system | /Categories/Geographic scope/Country | /Categories/Languages/English | /Categories/Monitoring products/Country brief | /Categories/Product types/Country Briefs,verified
70a8b2594a824c2c82aec330550ba98c,Mali - DIEM Monitoring Brief - Round 7 (FR),Document Link,MLI,,Country brief,French,Country,medium,apply,,,,,,Not linked from the monitoring round table; inclusion and round require review,/Categories/Catalog role/Discoverable product | /Categories/Countries/MLI | /Categories/Geographic scope/Country | /Categories/Product types/Country Briefs,/Categories/Catalog role/Discoverable product | /Categories/Product types/Country Briefs | /Categories/Countries/MLI | /Categories/Monitoring products/Country brief | /Categories/Geographic scope/Country | /Categories/Languages/French | /Categories/DIEM pillars/Household monitoring system,/Categories/Catalog role/Discoverable product | /Categories/Countries/MLI | /Categories/DIEM pillars/Household monitoring system | /Categories/Geographic scope/Country | /Categories/Languages/French | /Categories/Monitoring products/Country brief | /Categories/Product types/Country Briefs,verified
d4156d8f74ef4fe4b656d88dd0c6a0c5,Mali - DIEM Monitoring Brief - Round 8,Document Link,MLI,Mali — Round 08,Country brief,English,Country,high,apply,,,,,,,/Categories/Catalog role/Discoverable product | /Categories/Countries/MLI | /Categories/DIEM pillars/Household monitoring system | /Categories/Geographic scope/Country | /Categories/Languages/English | /Categories/Monitoring products/Country brief | /Categories/Product types/Country Briefs,/Categories/Catalog role/Discoverable product | /Categories/Product types/Country Briefs | /Categories/Countries/MLI | /Categories/Monitoring products/Country brief | /Categories/Geographic scope/Country | /Categories/Languages/English | /Categories/DIEM pillars/Household monitoring system,/Categories/Catalog role/Discoverable product | /Categories/Countries/MLI | /Categories/DIEM pillars/Household monitoring system | /Categories/Geographic scope/Country | /Categories/Languages/English | /Categories/Monitoring products/Country brief | /Categories/Product types/Country Briefs,verified
dfcbde65473e46ac894c80c820d504d7,Mali - DIEM Monitoring Brief - Round 9,Document Link,MLI,Mali — Round 09,Country brief,English,Country,high,apply,,,,,,,/Categories/Catalog role/Discoverable product | /Categories/Countries/MLI | /Categories/DIEM pillars/Household monitoring system | /Categories/Geographic scope/Country | /Categories/Languages/English | /Categories/Monitoring products/Country brief | /Categories/Product types/Country Briefs,/Categories/Catalog role/Discoverable product | /Categories/Product types/Country Briefs | /Categories/Countries/MLI | /Categories/Monitoring products/Country brief | /Categories/Geographic scope/Country | /Categories/Languages/English | /Categories/DIEM pillars/Household monitoring system,/Categories/Catalog role/Discoverable product | /Categories/Countries/MLI | /Categories/DIEM pillars/Household monitoring system | /Categories/Geographic scope/Country | /Categories/Languages/English | /Categories/Monitoring products/Country brief | /Categories/Product types/Country Briefs,verified
c02c20efcc844a048e209d4aba3f38e1,Mali - Household Questionnaire - Round 5,Microsoft Excel,MLI,Mali — Round 05,Questionnaire,English,Country,high,apply,,,,,,,/Categories/Catalog role/Discoverable product | /Categories/Countries/MLI | /Categories/DIEM pillars/Household monitoring system | /Categories/Geographic scope/Country | /Categories/Languages/English | /Categories/Monitoring products/Questionnaire | /Categories/Product types/Questionnaires,/Categories/Catalog role/Discoverable product | /Categories/Product types/Questionnaires | /Categories/Countries/MLI | /Categories/Monitoring products/Questionnaire | /Categories/Geographic scope/Country | /Categories/Languages/English | /Categories/DIEM pillars/Household monitoring system,/Categories/Catalog role/Discoverable product | /Categories/Countries/MLI | /Categories/DIEM pillars/Household monitoring system | /Categories/Geographic scope/Country | /Categories/Languages/English | /Categories/Monitoring products/Questionnaire | /Categories/Product types/Questionnaires,verified
7cd7210e87f04da990072cd2b691671c,Mali - Household Questionnaire - Round 6,Microsoft Excel,MLI,Mali — Round 06,Questionnaire,English,Country,high,apply,,,,,,,/Categories/Catalog role/Discoverable product | /Categories/Countries/MLI | /Categories/DIEM pillars/Household monitoring system | /Categories/Geographic scope/Country | /Categories/Languages/English | /Categories/Monitoring products/Questionnaire | /Categories/Product types/Questionnaires,/Categories/Catalog role/Discoverable product | /Categories/Product types/Questionnaires | /Categories/Countries/MLI | /Categories/Monitoring products/Questionnaire | /Categories/Geographic scope/Country | /Categories/Languages/English | /Categories/DIEM pillars/Household monitoring system,/Categories/Catalog role/Discoverable product | /Categories/Countries/MLI | /Categories/DIEM pillars/Household monitoring system | /Categories/Geographic scope/Country | /Categories/Languages/English | /Categories/Monitoring products/Questionnaire | /Categories/Product types/Questionnaires,verified
bb15bcea78be46f0b84bf5f9d9ac2a96,MALI - Household Questionnaire - Round1 ,Microsoft Excel,MLI,,Questionnaire,English,Country,medium,apply,,,,,,Not linked from the monitoring round table; inclusion and round require review,/Categories/Catalog role/Discoverable product | /Categories/Countries/MLI | /Categories/DIEM pillars/Household monitoring system | /Categories/Geographic scope/Country | /Categories/Languages/English | /Categories/Monitoring products/Questionnaire | /Categories/Product types/Questionnaires,/Categories/Catalog role/Discoverable product | /Categories/Product types/Questionnaires | /Categories/Countries/MLI | /Categories/Monitoring products/Questionnaire | /Categories/Geographic scope/Country | /Categories/Languages/English | /Categories/DIEM pillars/Household monitoring system,/Categories/Catalog role/Discoverable product | /Categories/Countries/MLI | /Categories/DIEM pillars/Household monitoring system | /Categories/Geographic scope/Country | /Categories/Languages/English | /Categories/Monitoring products/Questionnaire | /Categories/Product types/Questionnaires,verified
6c778c3802c34720b62c63db168fdda2,Mali - Household Questionnaire - Round10,Microsoft Excel,MLI,Mali — Round 10,Questionnaire,French,Country,high,apply,,,,,,,/Categories/Catalog role/Discoverable product | /Categories/Countries/MLI | /Categories/DIEM pillars/Household monitoring system | /Categories/Geographic scope/Country | /Categories/Languages/French | /Categories/Monitoring products/Questionnaire | /Categories/Product types/Questionnaires,/Categories/Catalog role/Discoverable product | /Categories/Product types/Questionnaires | /Categories/Countries/MLI | /Categories/Monitoring products/Questionnaire | /Categories/Geographic scope/Country | /Categories/Languages/French | /Categories/DIEM pillars/Household monitoring system,/Categories/Catalog role/Discoverable product | /Categories/Countries/MLI | /Categories/DIEM pillars/Household monitoring system | /Categories/Geographic scope/Country | /Categories/Languages/French | /Categories/Monitoring products/Questionnaire | /Categories/Product types/Questionnaires,verified
0416b2262be844258b1d88e11d91744f,Mali - Household Questionnaire - Round3,Microsoft Excel,MLI,Mali — Round 03,Questionnaire,English,Country,high,apply,,,,,,,/Categories/Catalog role/Discoverable product | /Categories/Countries/MLI | /Categories/DIEM pillars/Household monitoring system | /Categories/Geographic scope/Country | /Categories/Languages/English | /Categories/Monitoring products/Questionnaire | /Categories/Product types/Questionnaires,/Categories/Catalog role/Discoverable product | /Categories/Product types/Questionnaires | /Categories/Countries/MLI | /Categories/Monitoring products/Questionnaire | /Categories/Geographic scope/Country | /Categories/Languages/English | /Categories/DIEM pillars/Household monitoring system,/Categories/Catalog role/Discoverable product | /Categories/Countries/MLI | /Categories/DIEM pillars/Household monitoring system | /Categories/Geographic scope/Country | /Categories/Languages/English | /Categories/Monitoring products/Questionnaire | /Categories/Product types/Questionnaires,verified
baf865b00bfb42ceb3f4e5f5ece6f09f,Mali - Household Questionnaire - Round4,Microsoft Excel,MLI,Mali — Round 04,Questionnaire,English,Country,high,apply,,,,,,,/Categories/Catalog role/Discoverable product | /Categories/Countries/MLI | /Categories/DIEM pillars/Household monitoring system | /Categories/Geographic scope/Country | /Categories/Languages/English | /Categories/Monitoring products/Questionnaire | /Categories/Product types/Questionnaires,/Categories/Catalog role/Discoverable product | /Categories/Product types/Questionnaires | /Categories/Countries/MLI | /Categories/Monitoring products/Questionnaire | /Categories/Geographic scope/Country | /Categories/Languages/English | /Categories/DIEM pillars/Household monitoring system,/Categories/Catalog role/Discoverable product | /Categories/Countries/MLI | /Categories/DIEM pillars/Household monitoring system | /Categories/Geographic scope/Country | /Categories/Languages/English | /Categories/Monitoring products/Questionnaire | /Categories/Product types/Questionnaires,verified
2d5a09ddf0924b3a972fc1550b1a0fd7,Mali - Household Questionnaire - Round7,Microsoft Excel,MLI,Mali — Round 07,Questionnaire,English,Country,high,apply,,,,,,,/Categories/Catalog role/Discoverable product | /Categories/Countries/MLI | /Categories/DIEM pillars/Household monitoring system | /Categories/Geographic scope/Country | /Categories/Languages/English | /Categories/Monitoring products/Questionnaire | /Categories/Product types/Questionnaires,/Categories/Catalog role/Discoverable product | /Categories/Product types/Questionnaires | /Categories/Countries/MLI | /Categories/Monitoring products/Questionnaire | /Categories/Geographic scope/Country | /Categories/Languages/English | /Categories/DIEM pillars/Household monitoring system,/Categories/Catalog role/Discoverable product | /Categories/Countries/MLI | /Categories/DIEM pillars/Household monitoring system | /Categories/Geographic scope/Country | /Categories/Languages/English | /Categories/Monitoring products/Questionnaire | /Categories/Product types/Questionnaires,verified
d99097c4d3ef491b8024ebd18b71f33f,Mali - Household Questionnaire - Round8,Microsoft Excel,MLI,Mali — Round 08,Questionnaire,English,Country,high,apply,,,,,,,/Categories/Catalog role/Discoverable product | /Categories/Countries/MLI | /Categories/DIEM pillars/Household monitoring system | /Categories/Geographic scope/Country | /Categories/Languages/English | /Categories/Monitoring products/Questionnaire | /Categories/Product types/Questionnaires,/Categories/Catalog role/Discoverable product | /Categories/Product types/Questionnaires | /Categories/Countries/MLI | /Categories/Monitoring products/Questionnaire | /Categories/Geographic scope/Country | /Categories/Languages/English | /Categories/DIEM pillars/Household monitoring system,/Categories/Catalog role/Discoverable product | /Categories/Countries/MLI | /Categories/DIEM pillars/Household monitoring system | /Categories/Geographic scope/Country | /Categories/Languages/English | /Categories/Monitoring products/Questionnaire | /Categories/Product types/Questionnaires,verified
1cd82586d027417da2d5b591b673825e,Mali - Household Questionnaire - Round9,Microsoft Excel,MLI,Mali — Round 09,Questionnaire,English,Country,high,apply,,,,,,,/Categories/Catalog role/Discoverable product | /Categories/Countries/MLI | /Categories/DIEM pillars/Household monitoring system | /Categories/Geographic scope/Country | /Categories/Languages/English | /Categories/Monitoring products/Questionnaire | /Categories/Product types/Questionnaires,/Categories/Catalog role/Discoverable product | /Categories/Product types/Questionnaires | /Categories/Countries/MLI | /Categories/Monitoring products/Questionnaire | /Categories/Geographic scope/Country | /Categories/Languages/English | /Categories/DIEM pillars/Household monitoring system,/Categories/Catalog role/Discoverable product | /Categories/Countries/MLI | /Categories/DIEM pillars/Household monitoring system | /Categories/Geographic scope/Country | /Categories/Languages/English | /Categories/Monitoring products/Questionnaire | /Categories/Product types/Questionnaires,verified
d4cbdb585e8846cc84ad6c5feab3d265,Mali - Presentation - Round 1,PDF,MLI,,Findings presentation,English,Country,medium,apply,,,,,,Not linked from the monitoring round table; inclusion and round require review,/Categories/Catalog role/Discoverable product | /Categories/Countries/MLI | /Categories/Geographic scope/Country | /Categories/Product types/Key Findings Presentations,/Categories/Catalog role/Discoverable product | /Categories/Product types/Key Findings Presentations | /Categories/Countries/MLI | /Categories/Monitoring products/Findings presentation | /Categories/Geographic scope/Country | /Categories/Languages/English | /Categories/DIEM pillars/Household monitoring system,/Categories/Catalog role/Discoverable product | /Categories/Countries/MLI | /Categories/DIEM pillars/Household monitoring system | /Categories/Geographic scope/Country | /Categories/Languages/English | /Categories/Monitoring products/Findings presentation | /Categories/Product types/Key Findings Presentations,verified
c2c7c53791d140fd9bbb5384a77eafb2,Mali - Presentation - Round 2,PDF,MLI,,Findings presentation,English,Country,medium,apply,,,,,,Not linked from the monitoring round table; inclusion and round require review,/Categories/Catalog role/Discoverable product | /Categories/Countries/MLI | /Categories/Geographic scope/Country | /Categories/Product types/Key Findings Presentations,/Categories/Catalog role/Discoverable product | /Categories/Product types/Key Findings Presentations | /Categories/Countries/MLI | /Categories/Monitoring products/Findings presentation | /Categories/Geographic scope/Country | /Categories/Languages/English | /Categories/DIEM pillars/Household monitoring system,/Categories/Catalog role/Discoverable product | /Categories/Countries/MLI | /Categories/DIEM pillars/Household monitoring system | /Categories/Geographic scope/Country | /Categories/Languages/English | /Categories/Monitoring products/Findings presentation | /Categories/Product types/Key Findings Presentations,verified
ffe34e2e5ead42d09c046c81cb291e0a,Mozambique - DIEM Monitoring Brief - Round 2,PDF,MOZ,Mozambique — Round 02,Country brief,English,Country,high,apply,,,,,,,/Categories/Catalog role/Discoverable product | /Categories/Countries/MOZ | /Categories/DIEM pillars/Household monitoring system | /Categories/Geographic scope/Country | /Categories/Languages/English | /Categories/Monitoring products/Country brief | /Categories/Product types/Country Briefs,/Categories/Catalog role/Discoverable product | /Categories/Product types/Country Briefs | /Categories/Countries/MOZ | /Categories/Monitoring products/Country brief | /Categories/Geographic scope/Country | /Categories/Languages/English | /Categories/DIEM pillars/Household monitoring system,/Categories/Catalog role/Discoverable product | /Categories/Countries/MOZ | /Categories/DIEM pillars/Household monitoring system | /Categories/Geographic scope/Country | /Categories/Languages/English | /Categories/Monitoring products/Country brief | /Categories/Product types/Country Briefs,verified
e3ea28de6a1c4370a0dd4ab339c6d4ee,Mozambique - DIEM Monitoring Brief - Round 3,Document Link,MOZ,Mozambique — Round 03,Country brief,English,Country,high,apply,,,,,,,/Categories/Catalog role/Discoverable product | /Categories/Countries/MOZ | /Categories/DIEM pillars/Household monitoring system | /Categories/Geographic scope/Country | /Categories/Languages/English | /Categories/Monitoring products/Country brief | /Categories/Product types/Country Briefs,/Categories/Catalog role/Discoverable product | /Categories/Product types/Country Briefs | /Categories/Countries/MOZ | /Categories/Monitoring products/Country brief | /Categories/Geographic scope/Country | /Categories/Languages/English | /Categories/DIEM pillars/Household monitoring system,/Categories/Catalog role/Discoverable product | /Categories/Countries/MOZ | /Categories/DIEM pillars/Household monitoring system | /Categories/Geographic scope/Country | /Categories/Languages/English | /Categories/Monitoring products/Country brief | /Categories/Product types/Country Briefs,verified
b24d3eb982f64d06b28a82b29c4b095c,Mozambique - DIEM Monitoring Brief - Round 4,Document Link,MOZ,,Country brief,English,Country,medium,apply,,,,,,Not linked from the monitoring round table; inclusion and round require review,/Categories/Catalog role/Discoverable product | /Categories/Countries/MOZ | /Categories/Geographic scope/Country | /Categories/Product types/Country Briefs,/Categories/Catalog role/Discoverable product | /Categories/Product types/Country Briefs | /Categories/Countries/MOZ | /Categories/Monitoring products/Country brief | /Categories/Geographic scope/Country | /Categories/Languages/English | /Categories/DIEM pillars/Household monitoring system,/Categories/Catalog role/Discoverable product | /Categories/Countries/MOZ | /Categories/DIEM pillars/Household monitoring system | /Categories/Geographic scope/Country | /Categories/Languages/English | /Categories/Monitoring products/Country brief | /Categories/Product types/Country Briefs,verified
bcd5fa9ca7bd4fdbb85471e7e37ead1a,Mozambique  - DIEM Monitoring Brief - Round 4,Document Link,MOZ,Mozambique — Round 04,Country brief,English,Country,high,apply,,,,,,,/Categories/Catalog role/Discoverable product | /Categories/Countries/MOZ | /Categories/DIEM pillars/Household monitoring system | /Categories/Geographic scope/Country | /Categories/Languages/English | /Categories/Monitoring products/Country brief | /Categories/Product types/Country Briefs,/Categories/Catalog role/Discoverable product | /Categories/Product types/Country Briefs | /Categories/Countries/MOZ | /Categories/Monitoring products/Country brief | /Categories/Geographic scope/Country | /Categories/Languages/English | /Categories/DIEM pillars/Household monitoring system,/Categories/Catalog role/Discoverable product | /Categories/Countries/MOZ | /Categories/DIEM pillars/Household monitoring system | /Categories/Geographic scope/Country | /Categories/Languages/English | /Categories/Monitoring products/Country brief | /Categories/Product types/Country Briefs,verified
06443247b51e44d7b89e120ee65c8dc5,Mozambique - DIEM Monitoring Brief - Round 6,Document Link,MOZ,Mozambique — Round 06,Country brief,English,Country,high,apply,,,,,,,/Categories/Catalog role/Discoverable product | /Categories/Countries/MOZ | /Categories/DIEM pillars/Household monitoring system | /Categories/Geographic scope/Country | /Categories/Languages/English | /Categories/Monitoring products/Country brief | /Categories/Product types/Country Briefs,/Categories/Catalog role/Discoverable product | /Categories/Product types/Country Briefs | /Categories/Countries/MOZ | /Categories/Monitoring products/Country brief | /Categories/Geographic scope/Country | /Categories/Languages/English | /Categories/DIEM pillars/Household monitoring system,/Categories/Catalog role/Discoverable product | /Categories/Countries/MOZ | /Categories/DIEM pillars/Household monitoring system | /Categories/Geographic scope/Country | /Categories/Languages/English | /Categories/Monitoring products/Country brief | /Categories/Product types/Country Briefs,verified
1f1e7504c55648a49e7ab56ef26f22d1,Mozambique - DIEM Monitoring Brief - Round 7,Document Link,MOZ,Mozambique — Round 07,Country brief,English,Country,high,apply,,,,,,,/Categories/Catalog role/Discoverable product | /Categories/Countries/MOZ | /Categories/DIEM pillars/Household monitoring system | /Categories/Geographic scope/Country | /Categories/Languages/English | /Categories/Monitoring products/Country brief | /Categories/Product types/Country Briefs,/Categories/Catalog role/Discoverable product | /Categories/Product types/Country Briefs | /Categories/Countries/MOZ | /Categories/Monitoring products/Country brief | /Categories/Geographic scope/Country | /Categories/Languages/English | /Categories/DIEM pillars/Household monitoring system,/Categories/Catalog role/Discoverable product | /Categories/Countries/MOZ | /Categories/DIEM pillars/Household monitoring system | /Categories/Geographic scope/Country | /Categories/Languages/English | /Categories/Monitoring products/Country brief | /Categories/Product types/Country Briefs,verified
5bd95a8b35ba4e59ba7cd694a2cc6f57,Mozambique - Household Questionnaire - Round 4,Microsoft Excel,MOZ,Mozambique — Round 04,Questionnaire,English,Country,high,apply,,,,,,,/Categories/Catalog role/Discoverable product | /Categories/Countries/MOZ | /Categories/DIEM pillars/Household monitoring system | /Categories/Geographic scope/Country | /Categories/Languages/English | /Categories/Monitoring products/Questionnaire | /Categories/Product types/Questionnaires,/Categories/Catalog role/Discoverable product | /Categories/Product types/Questionnaires | /Categories/Countries/MOZ | /Categories/Monitoring products/Questionnaire | /Categories/Geographic scope/Country | /Categories/Languages/English | /Categories/DIEM pillars/Household monitoring system,/Categories/Catalog role/Discoverable product | /Categories/Countries/MOZ | /Categories/DIEM pillars/Household monitoring system | /Categories/Geographic scope/Country | /Categories/Languages/English | /Categories/Monitoring products/Questionnaire | /Categories/Product types/Questionnaires,verified
73826d11549b4546b623b395172c262d,Mozambique - Household Questionnaire - Round1,Microsoft Excel,MOZ,Mozambique — Round 01,Questionnaire,English,Country,high,apply,,,,,,,/Categories/Catalog role/Discoverable product | /Categories/Countries/MOZ | /Categories/DIEM pillars/Household monitoring system | /Categories/Geographic scope/Country | /Categories/Languages/English | /Categories/Monitoring products/Questionnaire | /Categories/Product types/Questionnaires,/Categories/Catalog role/Discoverable product | /Categories/Product types/Questionnaires | /Categories/Countries/MOZ | /Categories/Monitoring products/Questionnaire | /Categories/Geographic scope/Country | /Categories/Languages/English | /Categories/DIEM pillars/Household monitoring system,/Categories/Catalog role/Discoverable product | /Categories/Countries/MOZ | /Categories/DIEM pillars/Household monitoring system | /Categories/Geographic scope/Country | /Categories/Languages/English | /Categories/Monitoring products/Questionnaire | /Categories/Product types/Questionnaires,verified
84da24669b8342518313c0ad80dfd167,Mozambique - Household Questionnaire - Round2,Microsoft Excel,MOZ,Mozambique — Round 02,Questionnaire,English,Country,high,apply,,,,,,,/Categories/Catalog role/Discoverable product | /Categories/Countries/MOZ | /Categories/DIEM pillars/Household monitoring system | /Categories/Geographic scope/Country | /Categories/Languages/English | /Categories/Monitoring products/Questionnaire | /Categories/Product types/Questionnaires,/Categories/Catalog role/Discoverable product | /Categories/Product types/Questionnaires | /Categories/Countries/MOZ | /Categories/Monitoring products/Questionnaire | /Categories/Geographic scope/Country | /Categories/Languages/English | /Categories/DIEM pillars/Household monitoring system,/Categories/Catalog role/Discoverable product | /Categories/Countries/MOZ | /Categories/DIEM pillars/Household monitoring system | /Categories/Geographic scope/Country | /Categories/Languages/English | /Categories/Monitoring products/Questionnaire | /Categories/Product types/Questionnaires,verified
f586f4d3e12242bfacf58ad148e9f2fc,Mozambique - Household Questionnaire - Round3,Microsoft Excel,MOZ,Mozambique — Round 03,Questionnaire,English,Country,high,apply,,,,,,,/Categories/Catalog role/Discoverable product | /Categories/Countries/MOZ | /Categories/DIEM pillars/Household monitoring system | /Categories/Geographic scope/Country | /Categories/Languages/English | /Categories/Monitoring products/Questionnaire | /Categories/Product types/Questionnaires,/Categories/Catalog role/Discoverable product | /Categories/Product types/Questionnaires | /Categories/Countries/MOZ | /Categories/Monitoring products/Questionnaire | /Categories/Geographic scope/Country | /Categories/Languages/English | /Categories/DIEM pillars/Household monitoring system,/Categories/Catalog role/Discoverable product | /Categories/Countries/MOZ | /Categories/DIEM pillars/Household monitoring system | /Categories/Geographic scope/Country | /Categories/Languages/English | /Categories/Monitoring products/Questionnaire | /Categories/Product types/Questionnaires,verified
4dfc1c3ab7ff40418a15d6798da2d166,Mozambique - Household Questionnaire - Round5,Microsoft Excel,MOZ,Mozambique — Round 05,Questionnaire,French,Country,high,apply,,,,,,,/Categories/Catalog role/Discoverable product | /Categories/Countries/MOZ | /Categories/DIEM pillars/Household monitoring system | /Categories/Geographic scope/Country | /Categories/Languages/French | /Categories/Monitoring products/Questionnaire | /Categories/Product types/Questionnaires,/Categories/Catalog role/Discoverable product | /Categories/Product types/Questionnaires | /Categories/Countries/MOZ | /Categories/Monitoring products/Questionnaire | /Categories/Geographic scope/Country | /Categories/Languages/French | /Categories/DIEM pillars/Household monitoring system,/Categories/Catalog role/Discoverable product | /Categories/Countries/MOZ | /Categories/DIEM pillars/Household monitoring system | /Categories/Geographic scope/Country | /Categories/Languages/French | /Categories/Monitoring products/Questionnaire | /Categories/Product types/Questionnaires,verified
f0713b8486d8438091fa9de391cbe566,Mozambique - Household Questionnaire - Round6,Microsoft Excel,MOZ,Mozambique — Round 06,Questionnaire,French,Country,high,apply,,,,,,,/Categories/Catalog role/Discoverable product | /Categories/Countries/MOZ | /Categories/DIEM pillars/Household monitoring system | /Categories/Geographic scope/Country | /Categories/Languages/French | /Categories/Monitoring products/Questionnaire | /Categories/Product types/Questionnaires,/Categories/Catalog role/Discoverable product | /Categories/Product types/Questionnaires | /Categories/Countries/MOZ | /Categories/Monitoring products/Questionnaire | /Categories/Geographic scope/Country | /Categories/Languages/French | /Categories/DIEM pillars/Household monitoring system,/Categories/Catalog role/Discoverable product | /Categories/Countries/MOZ | /Categories/DIEM pillars/Household monitoring system | /Categories/Geographic scope/Country | /Categories/Languages/French | /Categories/Monitoring products/Questionnaire | /Categories/Product types/Questionnaires,verified
dfb7356de6e7421d979f3daf4517ee16,Mozambique - Household Questionnaire - Round7,Microsoft Excel,MOZ,Mozambique — Round 07,Questionnaire,French,Country,high,apply,,,,,,,/Categories/Catalog role/Discoverable product | /Categories/Countries/MOZ | /Categories/DIEM pillars/Household monitoring system | /Categories/Geographic scope/Country | /Categories/Languages/French | /Categories/Monitoring products/Questionnaire | /Categories/Product types/Questionnaires,/Categories/Catalog role/Discoverable product | /Categories/Product types/Questionnaires | /Categories/Countries/MOZ | /Categories/Monitoring products/Questionnaire | /Categories/Geographic scope/Country | /Categories/Languages/French | /Categories/DIEM pillars/Household monitoring system,/Categories/Catalog role/Discoverable product | /Categories/Countries/MOZ | /Categories/DIEM pillars/Household monitoring system | /Categories/Geographic scope/Country | /Categories/Languages/French | /Categories/Monitoring products/Questionnaire | /Categories/Product types/Questionnaires,verified
8ffe227c586d4842864d3b62fa55e4e7,Mozambique - Presentation - Round 1,PDF,MOZ,,Findings presentation,English,Country,medium,apply,,,,,,Not linked from the monitoring round table; inclusion and round require review,/Categories/Catalog role/Discoverable product | /Categories/Countries/MOZ | /Categories/Geographic scope/Country | /Categories/Product types/Key Findings Presentations,/Categories/Catalog role/Discoverable product | /Categories/Product types/Key Findings Presentations | /Categories/Countries/MOZ | /Categories/Monitoring products/Findings presentation | /Categories/Geographic scope/Country | /Categories/Languages/English | /Categories/DIEM pillars/Household monitoring system,/Categories/Catalog role/Discoverable product | /Categories/Countries/MOZ | /Categories/DIEM pillars/Household monitoring system | /Categories/Geographic scope/Country | /Categories/Languages/English | /Categories/Monitoring products/Findings presentation | /Categories/Product types/Key Findings Presentations,verified
3c8aef09c0c549a2a32b8366bc3005ba,Mozambique - Report - Round 1,PDF,MOZ,,Report,English,Country,medium,apply,,,,,,Not linked from the monitoring round table; inclusion and round require review,/Categories/Catalog role/Discoverable product | /Categories/Countries/MOZ | /Categories/Geographic scope/Country | /Categories/Product types/Country Briefs,/Categories/Catalog role/Discoverable product | /Categories/Product types/Country Briefs | /Categories/Countries/MOZ | /Categories/Monitoring products/Report | /Categories/Geographic scope/Country | /Categories/Languages/English | /Categories/DIEM pillars/Household monitoring system,/Categories/Catalog role/Discoverable product | /Categories/Countries/MOZ | /Categories/DIEM pillars/Household monitoring system | /Categories/Geographic scope/Country | /Categories/Languages/English | /Categories/Monitoring products/Report | /Categories/Product types/Country Briefs,verified
28b83134adbc40389af62da67bb41283,Myanmar - DIEM Monitoring Brief - Round 2,PDF,MMR,,Country brief,English,Country,medium,apply,,,,,,Not linked from the monitoring round table; inclusion and round require review,/Categories/Catalog role/Discoverable product | /Categories/Countries/MMR | /Categories/Geographic scope/Country | /Categories/Product types/Country Briefs,/Categories/Catalog role/Discoverable product | /Categories/Product types/Country Briefs | /Categories/Countries/MMR | /Categories/Monitoring products/Country brief | /Categories/Geographic scope/Country | /Categories/Languages/English | /Categories/DIEM pillars/Household monitoring system,/Categories/Catalog role/Discoverable product | /Categories/Countries/MMR | /Categories/DIEM pillars/Household monitoring system | /Categories/Geographic scope/Country | /Categories/Languages/English | /Categories/Monitoring products/Country brief | /Categories/Product types/Country Briefs,verified
70df2bb37772491f91eb0821e5a083ba,Myanmar - DIEM Monitoring Brief - Round 4,Document Link,MMR,Myanmar — Round 04,Country brief,English,Country,high,apply,,,,,,,/Categories/Catalog role/Discoverable product | /Categories/Countries/MMR | /Categories/DIEM pillars/Household monitoring system | /Categories/Geographic scope/Country | /Categories/Languages/English | /Categories/Monitoring products/Country brief | /Categories/Product types/Country Briefs,/Categories/Catalog role/Discoverable product | /Categories/Product types/Country Briefs | /Categories/Countries/MMR | /Categories/Monitoring products/Country brief | /Categories/Geographic scope/Country | /Categories/Languages/English | /Categories/DIEM pillars/Household monitoring system,/Categories/Catalog role/Discoverable product | /Categories/Countries/MMR | /Categories/DIEM pillars/Household monitoring system | /Categories/Geographic scope/Country | /Categories/Languages/English | /Categories/Monitoring products/Country brief | /Categories/Product types/Country Briefs,verified
accce04415564fa8946f9503f03e4a2b,Myanmar - Household Questionnaire - Round 10,Microsoft Excel,MMR,Myanmar — Round 10,Questionnaire,English,Country,high,apply,,,,,,,/Categories/Catalog role/Discoverable product | /Categories/Countries/MMR | /Categories/DIEM pillars/Household monitoring system | /Categories/Geographic scope/Country | /Categories/Languages/English | /Categories/Monitoring products/Questionnaire | /Categories/Product types/Questionnaires,/Categories/Catalog role/Discoverable product | /Categories/Product types/Questionnaires | /Categories/Countries/MMR | /Categories/Monitoring products/Questionnaire | /Categories/Geographic scope/Country | /Categories/Languages/English | /Categories/DIEM pillars/Household monitoring system,/Categories/Catalog role/Discoverable product | /Categories/Countries/MMR | /Categories/DIEM pillars/Household monitoring system | /Categories/Geographic scope/Country | /Categories/Languages/English | /Categories/Monitoring products/Questionnaire | /Categories/Product types/Questionnaires,verified
4246bd5d36d449b6af1675ed0550b108,Myanmar - Household Questionnaire - Round 2,Microsoft Excel,MMR,Myanmar — Round 02,Questionnaire,English,Country,high,apply,,,,,,,/Categories/Catalog role/Discoverable product | /Categories/Countries/MMR | /Categories/DIEM pillars/Household monitoring system | /Categories/Geographic scope/Country | /Categories/Languages/English | /Categories/Monitoring products/Questionnaire | /Categories/Product types/Questionnaires,/Categories/Catalog role/Discoverable product | /Categories/Product types/Questionnaires | /Categories/Countries/MMR | /Categories/Monitoring products/Questionnaire | /Categories/Geographic scope/Country | /Categories/Languages/English | /Categories/DIEM pillars/Household monitoring system,/Categories/Catalog role/Discoverable product | /Categories/Countries/MMR | /Categories/DIEM pillars/Household monitoring system | /Categories/Geographic scope/Country | /Categories/Languages/English | /Categories/Monitoring products/Questionnaire | /Categories/Product types/Questionnaires,verified
e591e75a5b064e4695fb4f9e6e69dde8,Myanmar - Household Questionnaire - Round 4,Microsoft Excel,MMR,Myanmar — Round 04,Questionnaire,English,Country,high,apply,,,,,,,/Categories/Catalog role/Discoverable product | /Categories/Countries/MMR | /Categories/DIEM pillars/Household monitoring system | /Categories/Geographic scope/Country | /Categories/Languages/English | /Categories/Monitoring products/Questionnaire | /Categories/Product types/Questionnaires,/Categories/Catalog role/Discoverable product | /Categories/Product types/Questionnaires | /Categories/Countries/MMR | /Categories/Monitoring products/Questionnaire | /Categories/Geographic scope/Country | /Categories/Languages/English | /Categories/DIEM pillars/Household monitoring system,/Categories/Catalog role/Discoverable product | /Categories/Countries/MMR | /Categories/DIEM pillars/Household monitoring system | /Categories/Geographic scope/Country | /Categories/Languages/English | /Categories/Monitoring products/Questionnaire | /Categories/Product types/Questionnaires,verified
e6afff3b2eb344dc86f4ea3262e8565a,Myanmar - Household Questionnaire - Round 5,Microsoft Excel,MMR,Myanmar — Round 05,Questionnaire,English,Country,high,apply,,,,,,,/Categories/Catalog role/Discoverable product | /Categories/Countries/MMR | /Categories/DIEM pillars/Household monitoring system | /Categories/Geographic scope/Country | /Categories/Languages/English | /Categories/Monitoring products/Questionnaire | /Categories/Product types/Questionnaires,/Categories/Catalog role/Discoverable product | /Categories/Product types/Questionnaires | /Categories/Countries/MMR | /Categories/Monitoring products/Questionnaire | /Categories/Geographic scope/Country | /Categories/Languages/English | /Categories/DIEM pillars/Household monitoring system,/Categories/Catalog role/Discoverable product | /Categories/Countries/MMR | /Categories/DIEM pillars/Household monitoring system | /Categories/Geographic scope/Country | /Categories/Languages/English | /Categories/Monitoring products/Questionnaire | /Categories/Product types/Questionnaires,verified
249874ab58694c78959abb7cd19e8420,Myanmar - Household Questionnaire - Round 6,Microsoft Excel,MMR,Myanmar — Round 06,Questionnaire,English,Country,high,apply,,,,,,,/Categories/Catalog role/Discoverable product | /Categories/Countries/MMR | /Categories/DIEM pillars/Household monitoring system | /Categories/Geographic scope/Country | /Categories/Languages/English | /Categories/Monitoring products/Questionnaire | /Categories/Product types/Questionnaires,/Categories/Catalog role/Discoverable product | /Categories/Product types/Questionnaires | /Categories/Countries/MMR | /Categories/Monitoring products/Questionnaire | /Categories/Geographic scope/Country | /Categories/Languages/English | /Categories/DIEM pillars/Household monitoring system,/Categories/Catalog role/Discoverable product | /Categories/Countries/MMR | /Categories/DIEM pillars/Household monitoring system | /Categories/Geographic scope/Country | /Categories/Languages/English | /Categories/Monitoring products/Questionnaire | /Categories/Product types/Questionnaires,verified
81e1bcd6813a4baca0d676c5d85d5e83,Myanmar - Household Questionnaire - Round11,Microsoft Excel,MMR,Myanmar — Round 11,Questionnaire,English,Country,high,apply,,,,,,,/Categories/Catalog role/Discoverable product | /Categories/Countries/MMR | /Categories/DIEM pillars/Household monitoring system | /Categories/Geographic scope/Country | /Categories/Languages/English | /Categories/Monitoring products/Questionnaire | /Categories/Product types/Questionnaires,/Categories/Catalog role/Discoverable product | /Categories/Product types/Questionnaires | /Categories/Countries/MMR | /Categories/Monitoring products/Questionnaire | /Categories/Geographic scope/Country | /Categories/Languages/English | /Categories/DIEM pillars/Household monitoring system,/Categories/Catalog role/Discoverable product | /Categories/Countries/MMR | /Categories/DIEM pillars/Household monitoring system | /Categories/Geographic scope/Country | /Categories/Languages/English | /Categories/Monitoring products/Questionnaire | /Categories/Product types/Questionnaires,verified
db38e85d636b4290a976c9927c8e0cb5,Myanmar - Household Questionnaire - Round12,Microsoft Excel,MMR,Myanmar — Round 12,Questionnaire,French,Country,high,apply,,,,,,,/Categories/Catalog role/Discoverable product | /Categories/Countries/MMR | /Categories/DIEM pillars/Household monitoring system | /Categories/Geographic scope/Country | /Categories/Languages/French | /Categories/Monitoring products/Questionnaire | /Categories/Product types/Questionnaires,/Categories/Catalog role/Discoverable product | /Categories/Product types/Questionnaires | /Categories/Countries/MMR | /Categories/Monitoring products/Questionnaire | /Categories/Geographic scope/Country | /Categories/Languages/French | /Categories/DIEM pillars/Household monitoring system,/Categories/Catalog role/Discoverable product | /Categories/Countries/MMR | /Categories/DIEM pillars/Household monitoring system | /Categories/Geographic scope/Country | /Categories/Languages/French | /Categories/Monitoring products/Questionnaire | /Categories/Product types/Questionnaires,verified
8da75f28a0164d5188f168a529851090,MYANMAR - Household Questionnaire - Round2,Microsoft Excel,MMR,,Questionnaire,English,Country,medium,apply,,,,,,Not linked from the monitoring round table; inclusion and round require review,/Categories/Catalog role/Discoverable product | /Categories/Countries/MMR | /Categories/DIEM pillars/Household monitoring system | /Categories/Geographic scope/Country | /Categories/Languages/English | /Categories/Monitoring products/Questionnaire | /Categories/Product types/Questionnaires,/Categories/Catalog role/Discoverable product | /Categories/Product types/Questionnaires | /Categories/Countries/MMR | /Categories/Monitoring products/Questionnaire | /Categories/Geographic scope/Country | /Categories/Languages/English | /Categories/DIEM pillars/Household monitoring system,/Categories/Catalog role/Discoverable product | /Categories/Countries/MMR | /Categories/DIEM pillars/Household monitoring system | /Categories/Geographic scope/Country | /Categories/Languages/English | /Categories/Monitoring products/Questionnaire | /Categories/Product types/Questionnaires,verified
a3d463e2e9e640c4a6fd47ecfeb4dc4d,Myanmar - Household Questionnaire - Round3,Microsoft Excel,MMR,Myanmar — Round 03,Questionnaire,English,Country,high,apply,,,,,,,/Categories/Catalog role/Discoverable product | /Categories/Countries/MMR | /Categories/DIEM pillars/Household monitoring system | /Categories/Geographic scope/Country | /Categories/Languages/English | /Categories/Monitoring products/Questionnaire | /Categories/Product types/Questionnaires,/Categories/Catalog role/Discoverable product | /Categories/Product types/Questionnaires | /Categories/Countries/MMR | /Categories/Monitoring products/Questionnaire | /Categories/Geographic scope/Country | /Categories/Languages/English | /Categories/DIEM pillars/Household monitoring system,/Categories/Catalog role/Discoverable product | /Categories/Countries/MMR | /Categories/DIEM pillars/Household monitoring system | /Categories/Geographic scope/Country | /Categories/Languages/English | /Categories/Monitoring products/Questionnaire | /Categories/Product types/Questionnaires,verified
8fbde576006b44fabbd3c0e104f51f6e,Myanmar - Household Questionnaire - Round8,Microsoft Excel,MMR,Myanmar — Round 08,Questionnaire,English,Country,high,apply,,,,,,,/Categories/Catalog role/Discoverable product | /Categories/Countries/MMR | /Categories/DIEM pillars/Household monitoring system | /Categories/Geographic scope/Country | /Categories/Languages/English | /Categories/Monitoring products/Questionnaire | /Categories/Product types/Questionnaires,/Categories/Catalog role/Discoverable product | /Categories/Product types/Questionnaires | /Categories/Countries/MMR | /Categories/Monitoring products/Questionnaire | /Categories/Geographic scope/Country | /Categories/Languages/English | /Categories/DIEM pillars/Household monitoring system,/Categories/Catalog role/Discoverable product | /Categories/Countries/MMR | /Categories/DIEM pillars/Household monitoring system | /Categories/Geographic scope/Country | /Categories/Languages/English | /Categories/Monitoring products/Questionnaire | /Categories/Product types/Questionnaires,verified
7bb217520b1b4a56998ed9e0028a00e3,Myanmar - Household Questionnaire - Round9,Microsoft Excel,MMR,Myanmar — Round 09,Questionnaire,English,Country,high,apply,,,,,,,/Categories/Catalog role/Discoverable product | /Categories/Countries/MMR | /Categories/DIEM pillars/Household monitoring system | /Categories/Geographic scope/Country | /Categories/Languages/English | /Categories/Monitoring products/Questionnaire | /Categories/Product types/Questionnaires,/Categories/Catalog role/Discoverable product | /Categories/Product types/Questionnaires | /Categories/Countries/MMR | /Categories/Monitoring products/Questionnaire | /Categories/Geographic scope/Country | /Categories/Languages/English | /Categories/DIEM pillars/Household monitoring system,/Categories/Catalog role/Discoverable product | /Categories/Countries/MMR | /Categories/DIEM pillars/Household monitoring system | /Categories/Geographic scope/Country | /Categories/Languages/English | /Categories/Monitoring products/Questionnaire | /Categories/Product types/Questionnaires,verified
83637fcd241d4e48afe581edc5f9d46e,Myanmar - Presentation - Round 1 Traders,PDF,MMR,,Findings presentation,English,Country,medium,apply,,,,,,Not linked from the monitoring round table; inclusion and round require review,/Categories/Catalog role/Discoverable product | /Categories/Countries/MMR | /Categories/Geographic scope/Country | /Categories/Product types/Key Findings Presentations,/Categories/Catalog role/Discoverable product | /Categories/Product types/Key Findings Presentations | /Categories/Countries/MMR | /Categories/Monitoring products/Findings presentation | /Categories/Geographic scope/Country | /Categories/Languages/English | /Categories/DIEM pillars/Household monitoring system,/Categories/Catalog role/Discoverable product | /Categories/Countries/MMR | /Categories/DIEM pillars/Household monitoring system | /Categories/Geographic scope/Country | /Categories/Languages/English | /Categories/Monitoring products/Findings presentation | /Categories/Product types/Key Findings Presentations,verified
4022c3e839fe4096a6f7facb6362d258,Myanmar - Presentation - Round 2,PDF,MMR,,Findings presentation,English,Country,medium,apply,,,,,,Not linked from the monitoring round table; inclusion and round require review,/Categories/Catalog role/Discoverable product | /Categories/Countries/MMR | /Categories/Geographic scope/Country | /Categories/Product types/Key Findings Presentations,/Categories/Catalog role/Discoverable product | /Categories/Product types/Key Findings Presentations | /Categories/Countries/MMR | /Categories/Monitoring products/Findings presentation | /Categories/Geographic scope/Country | /Categories/Languages/English | /Categories/DIEM pillars/Household monitoring system,/Categories/Catalog role/Discoverable product | /Categories/Countries/MMR | /Categories/DIEM pillars/Household monitoring system | /Categories/Geographic scope/Country | /Categories/Languages/English | /Categories/Monitoring products/Findings presentation | /Categories/Product types/Key Findings Presentations,verified
a248db73dbda453f8b865d39efb7ac12,Myanmar - Presentation - Round 7,PDF,MMR,Myanmar — Round 07,Findings presentation,English,Country,high,apply,,,,,,,/Categories/Catalog role/Discoverable product | /Categories/Countries/MMR | /Categories/DIEM pillars/Household monitoring system | /Categories/Geographic scope/Country | /Categories/Languages/English | /Categories/Monitoring products/Findings presentation | /Categories/Product types/Key Findings Presentations,/Categories/Catalog role/Discoverable product | /Categories/Product types/Key Findings Presentations | /Categories/Countries/MMR | /Categories/Monitoring products/Findings presentation | /Categories/Geographic scope/Country | /Categories/Languages/English | /Categories/DIEM pillars/Household monitoring system,/Categories/Catalog role/Discoverable product | /Categories/Countries/MMR | /Categories/DIEM pillars/Household monitoring system | /Categories/Geographic scope/Country | /Categories/Languages/English | /Categories/Monitoring products/Findings presentation | /Categories/Product types/Key Findings Presentations,verified
41f77504a55d4334ad5dc35f6f09091d,Myanmar - Report - Round 1,PDF,MMR,,Report,English,Country,medium,apply,,,,,,Not linked from the monitoring round table; inclusion and round require review,/Categories/Catalog role/Discoverable product | /Categories/Countries/MMR | /Categories/Geographic scope/Country | /Categories/Product types/Country Briefs,/Categories/Catalog role/Discoverable product | /Categories/Product types/Country Briefs | /Categories/Countries/MMR | /Categories/Monitoring products/Report | /Categories/Geographic scope/Country | /Categories/Languages/English | /Categories/DIEM pillars/Household monitoring system,/Categories/Catalog role/Discoverable product | /Categories/Countries/MMR | /Categories/DIEM pillars/Household monitoring system | /Categories/Geographic scope/Country | /Categories/Languages/English | /Categories/Monitoring products/Report | /Categories/Product types/Country Briefs,verified
c62888a2531245dcbb0e16309959649e,Myanmar – Report – Round 2,Document Link,MMR,Myanmar — Round 02,Country brief,English,Country,medium,apply,,,,,,One item is linked under multiple product types; inferred type requires review,/Categories/Catalog role/Discoverable product | /Categories/Countries/MMR | /Categories/DIEM pillars/Household monitoring system | /Categories/Geographic scope/Country | /Categories/Languages/English | /Categories/Monitoring products/Country brief | /Categories/Product types/Country Briefs,/Categories/Catalog role/Discoverable product | /Categories/Product types/Country Briefs | /Categories/Countries/MMR | /Categories/Monitoring products/Country brief | /Categories/Geographic scope/Country | /Categories/Languages/English | /Categories/DIEM pillars/Household monitoring system,/Categories/Catalog role/Discoverable product | /Categories/Countries/MMR | /Categories/DIEM pillars/Household monitoring system | /Categories/Geographic scope/Country | /Categories/Languages/English | /Categories/Monitoring products/Country brief | /Categories/Product types/Country Briefs,verified
ccea3a1b74d541548362b733ffb39555,Myanmar- DIEM Monitoring Brief - Round 3,Document Link,MMR,Myanmar — Round 03,Country brief,English,Country,high,apply,,,,,,,/Categories/Catalog role/Discoverable product | /Categories/Countries/MMR | /Categories/DIEM pillars/Household monitoring system | /Categories/Geographic scope/Country | /Categories/Languages/English | /Categories/Monitoring products/Country brief | /Categories/Product types/Country Briefs,/Categories/Catalog role/Discoverable product | /Categories/Product types/Country Briefs | /Categories/Countries/MMR | /Categories/Monitoring products/Country brief | /Categories/Geographic scope/Country | /Categories/Languages/English | /Categories/DIEM pillars/Household monitoring system,/Categories/Catalog role/Discoverable product | /Categories/Countries/MMR | /Categories/DIEM pillars/Household monitoring system | /Categories/Geographic scope/Country | /Categories/Languages/English | /Categories/Monitoring products/Country brief | /Categories/Product types/Country Briefs,verified
4bb2df49267141168756b8735c3af676,Myanmar- Household Questionnaire - Round7,Microsoft Excel,MMR,Myanmar — Round 07,Questionnaire,English,Country,high,apply,,,,,,,/Categories/Catalog role/Discoverable product | /Categories/Countries/MMR | /Categories/DIEM pillars/Household monitoring system | /Categories/Geographic scope/Country | /Categories/Languages/English | /Categories/Monitoring products/Questionnaire | /Categories/Product types/Questionnaires,/Categories/Catalog role/Discoverable product | /Categories/Product types/Questionnaires | /Categories/Countries/MMR | /Categories/Monitoring products/Questionnaire | /Categories/Geographic scope/Country | /Categories/Languages/English | /Categories/DIEM pillars/Household monitoring system,/Categories/Catalog role/Discoverable product | /Categories/Countries/MMR | /Categories/DIEM pillars/Household monitoring system | /Categories/Geographic scope/Country | /Categories/Languages/English | /Categories/Monitoring products/Questionnaire | /Categories/Product types/Questionnaires,verified
a446d3b8f64a473481f44f230a9ae143,Niger - Bulletin de suivi DIEM - Cycle 10,Document Link,NER,,Country brief,French,Country,medium,apply,,,,,,Not linked from the monitoring round table; inclusion and round require review,/Categories/Catalog role/Discoverable product | /Categories/Countries/NER | /Categories/Geographic scope/Country | /Categories/Product types/Country Briefs,/Categories/Catalog role/Discoverable product | /Categories/Product types/Country Briefs | /Categories/Countries/NER | /Categories/Monitoring products/Country brief | /Categories/Geographic scope/Country | /Categories/Languages/French | /Categories/DIEM pillars/Household monitoring system,/Categories/Catalog role/Discoverable product | /Categories/Countries/NER | /Categories/DIEM pillars/Household monitoring system | /Categories/Geographic scope/Country | /Categories/Languages/French | /Categories/Monitoring products/Country brief | /Categories/Product types/Country Briefs,verified
137e7ccd2ba0489d8c143c5ede15787a,Niger - Bulletin de suivi DIEM - Cycle 11,Document Link,NER,,Country brief,French,Country,medium,apply,,,,,,Not linked from the monitoring round table; inclusion and round require review,/Categories/Catalog role/Discoverable product | /Categories/Countries/NER | /Categories/Geographic scope/Country | /Categories/Product types/Country Briefs,/Categories/Catalog role/Discoverable product | /Categories/Product types/Country Briefs | /Categories/Countries/NER | /Categories/Monitoring products/Country brief | /Categories/Geographic scope/Country | /Categories/Languages/French | /Categories/DIEM pillars/Household monitoring system,/Categories/Catalog role/Discoverable product | /Categories/Countries/NER | /Categories/DIEM pillars/Household monitoring system | /Categories/Geographic scope/Country | /Categories/Languages/French | /Categories/Monitoring products/Country brief | /Categories/Product types/Country Briefs,verified
57a7333f5e0242919131d759d8c919b4,Niger - Bulletin de suivi DIEM - Cycle 9,Document Link,NER,Niger — Round 09,Country brief,French,Country,high,apply,,,,,,,/Categories/Catalog role/Discoverable product | /Categories/Countries/NER | /Categories/DIEM pillars/Household monitoring system | /Categories/Geographic scope/Country | /Categories/Languages/English | /Categories/Monitoring products/Country brief | /Categories/Product types/Country Briefs,/Categories/Catalog role/Discoverable product | /Categories/Product types/Country Briefs | /Categories/Countries/NER | /Categories/Monitoring products/Country brief | /Categories/Geographic scope/Country | /Categories/Languages/French | /Categories/DIEM pillars/Household monitoring system,/Categories/Catalog role/Discoverable product | /Categories/Countries/NER | /Categories/DIEM pillars/Household monitoring system | /Categories/Geographic scope/Country | /Categories/Languages/French | /Categories/Monitoring products/Country brief | /Categories/Product types/Country Briefs,verified
8b8494dad5d241dcb6327e74207c0e38,Niger - DIEM Impact Report (FR) - March 2023,Document Link,NER,Niger — Round 05,Report,French,Country,high,apply,,,,,,,/Categories/Catalog role/Discoverable product | /Categories/Countries/NER | /Categories/DIEM pillars/Household monitoring system | /Categories/Geographic scope/Country | /Categories/Languages/English | /Categories/Monitoring products/Report | /Categories/Product types/Assessment Reports,/Categories/Catalog role/Discoverable product | /Categories/Product types/Assessment Reports | /Categories/Countries/NER | /Categories/Monitoring products/Report | /Categories/Geographic scope/Country | /Categories/Languages/French | /Categories/DIEM pillars/Household monitoring system,/Categories/Catalog role/Discoverable product | /Categories/Countries/NER | /Categories/DIEM pillars/Household monitoring system | /Categories/Geographic scope/Country | /Categories/Languages/French | /Categories/Monitoring products/Report | /Categories/Product types/Assessment Reports,verified
0174b040ef234eee81ad45b7dc86f937,Niger - DIEM Monitoring Brief - Round 10,Document Link,NER,Niger — Round 10,Country brief,English,Country,high,apply,,,,,,,/Categories/Catalog role/Discoverable product | /Categories/Countries/NER | /Categories/DIEM pillars/Household monitoring system | /Categories/Geographic scope/Country | /Categories/Languages/English | /Categories/Monitoring products/Country brief | /Categories/Product types/Country Briefs,/Categories/Catalog role/Discoverable product | /Categories/Product types/Country Briefs | /Categories/Countries/NER | /Categories/Monitoring products/Country brief | /Categories/Geographic scope/Country | /Categories/Languages/English | /Categories/DIEM pillars/Household monitoring system,/Categories/Catalog role/Discoverable product | /Categories/Countries/NER | /Categories/DIEM pillars/Household monitoring system | /Categories/Geographic scope/Country | /Categories/Languages/English | /Categories/Monitoring products/Country brief | /Categories/Product types/Country Briefs,verified
574b3eb6ede84ba498cce4a8b1491e86,Niger - DIEM Monitoring Brief - Round 11,Document Link,NER,Niger — Round 11,Country brief,English,Country,high,apply,,,,,,,/Categories/Catalog role/Discoverable product | /Categories/Countries/NER | /Categories/DIEM pillars/Household monitoring system | /Categories/Geographic scope/Country | /Categories/Languages/English | /Categories/Monitoring products/Country brief | /Categories/Product types/Country Briefs,/Categories/Catalog role/Discoverable product | /Categories/Product types/Country Briefs | /Categories/Countries/NER | /Categories/Monitoring products/Country brief | /Categories/Geographic scope/Country | /Categories/Languages/English | /Categories/DIEM pillars/Household monitoring system,/Categories/Catalog role/Discoverable product | /Categories/Countries/NER | /Categories/DIEM pillars/Household monitoring system | /Categories/Geographic scope/Country | /Categories/Languages/English | /Categories/Monitoring products/Country brief | /Categories/Product types/Country Briefs,verified
0b6f996699484741bd8e6b1ffe33c77e,Niger - DIEM Monitoring Brief - Round 3 (French),PDF,NER,Niger — Round 03,Country brief,French,Country,high,apply,,,,,,,/Categories/Catalog role/Discoverable product | /Categories/Countries/NER | /Categories/DIEM pillars/Household monitoring system | /Categories/Geographic scope/Country | /Categories/Languages/English | /Categories/Monitoring products/Country brief | /Categories/Product types/Country Briefs,/Categories/Catalog role/Discoverable product | /Categories/Product types/Country Briefs | /Categories/Countries/NER | /Categories/Monitoring products/Country brief | /Categories/Geographic scope/Country | /Categories/Languages/French | /Categories/DIEM pillars/Household monitoring system,/Categories/Catalog role/Discoverable product | /Categories/Countries/NER | /Categories/DIEM pillars/Household monitoring system | /Categories/Geographic scope/Country | /Categories/Languages/French | /Categories/Monitoring products/Country brief | /Categories/Product types/Country Briefs,verified
df18b302ac77499fb7c029efc1a0a354,Niger - DIEM Monitoring Brief - Round 4 ,Document Link,NER,,Country brief,English,Country,medium,apply,,,,,,Not linked from the monitoring round table; inclusion and round require review,/Categories/Catalog role/Discoverable product | /Categories/Countries/NER | /Categories/Geographic scope/Country | /Categories/Product types/Country Briefs,/Categories/Catalog role/Discoverable product | /Categories/Product types/Country Briefs | /Categories/Countries/NER | /Categories/Monitoring products/Country brief | /Categories/Geographic scope/Country | /Categories/Languages/English | /Categories/DIEM pillars/Household monitoring system,/Categories/Catalog role/Discoverable product | /Categories/Countries/NER | /Categories/DIEM pillars/Household monitoring system | /Categories/Geographic scope/Country | /Categories/Languages/English | /Categories/Monitoring products/Country brief | /Categories/Product types/Country Briefs,verified
feb1b75c8e9b4317a3c2a60a7ade3e2b,Niger - DIEM Monitoring Brief - Round 4 (FR),Document Link,NER,Niger — Round 04,Country brief,French,Country,high,apply,,,,,,,/Categories/Catalog role/Discoverable product | /Categories/Countries/NER | /Categories/DIEM pillars/Household monitoring system | /Categories/Geographic scope/Country | /Categories/Languages/English | /Categories/Monitoring products/Country brief | /Categories/Product types/Country Briefs,/Categories/Catalog role/Discoverable product | /Categories/Product types/Country Briefs | /Categories/Countries/NER | /Categories/Monitoring products/Country brief | /Categories/Geographic scope/Country | /Categories/Languages/French | /Categories/DIEM pillars/Household monitoring system,/Categories/Catalog role/Discoverable product | /Categories/Countries/NER | /Categories/DIEM pillars/Household monitoring system | /Categories/Geographic scope/Country | /Categories/Languages/French | /Categories/Monitoring products/Country brief | /Categories/Product types/Country Briefs,verified
4b6e23b6c630435a8a7d8a976bbb0ce7,Niger - DIEM Monitoring Brief - Round 5,Document Link,NER,Niger — Round 05,Country brief,English,Country,high,apply,,,,,,,/Categories/Catalog role/Discoverable product | /Categories/Countries/NER | /Categories/DIEM pillars/Household monitoring system | /Categories/Geographic scope/Country | /Categories/Languages/English | /Categories/Monitoring products/Country brief | /Categories/Product types/Country Briefs,/Categories/Catalog role/Discoverable product | /Categories/Product types/Country Briefs | /Categories/Countries/NER | /Categories/Monitoring products/Country brief | /Categories/Geographic scope/Country | /Categories/Languages/English | /Categories/DIEM pillars/Household monitoring system,/Categories/Catalog role/Discoverable product | /Categories/Countries/NER | /Categories/DIEM pillars/Household monitoring system | /Categories/Geographic scope/Country | /Categories/Languages/English | /Categories/Monitoring products/Country brief | /Categories/Product types/Country Briefs,verified
fa00e565a83b41f497c42f07366c911f,Niger - DIEM Monitoring Brief - Round 5 (FR),Document Link,NER,,Country brief,French,Country,medium,apply,,,,,,Not linked from the monitoring round table; inclusion and round require review,/Categories/Catalog role/Discoverable product | /Categories/Countries/NER | /Categories/Geographic scope/Country | /Categories/Product types/Country Briefs,/Categories/Catalog role/Discoverable product | /Categories/Product types/Country Briefs | /Categories/Countries/NER | /Categories/Monitoring products/Country brief | /Categories/Geographic scope/Country | /Categories/Languages/French | /Categories/DIEM pillars/Household monitoring system,/Categories/Catalog role/Discoverable product | /Categories/Countries/NER | /Categories/DIEM pillars/Household monitoring system | /Categories/Geographic scope/Country | /Categories/Languages/French | /Categories/Monitoring products/Country brief | /Categories/Product types/Country Briefs,verified
e1b8c233cbbd40c1af7cf03b4dd9120a,Niger - DIEM Monitoring Brief - Round 6 ,Document Link,NER,,Country brief,English,Country,medium,apply,,,,,,Not linked from the monitoring round table; inclusion and round require review,/Categories/Catalog role/Discoverable product | /Categories/Countries/NER | /Categories/Geographic scope/Country | /Categories/Product types/Country Briefs,/Categories/Catalog role/Discoverable product | /Categories/Product types/Country Briefs | /Categories/Countries/NER | /Categories/Monitoring products/Country brief | /Categories/Geographic scope/Country | /Categories/Languages/English | /Categories/DIEM pillars/Household monitoring system,/Categories/Catalog role/Discoverable product | /Categories/Countries/NER | /Categories/DIEM pillars/Household monitoring system | /Categories/Geographic scope/Country | /Categories/Languages/English | /Categories/Monitoring products/Country brief | /Categories/Product types/Country Briefs,verified
54cb9e04bb404dc0b10a7346db3bb751,Niger - DIEM Monitoring Brief - Round 6 (FR),Document Link,NER,,Country brief,French,Country,medium,apply,,,,,,Not linked from the monitoring round table; inclusion and round require review,/Categories/Catalog role/Discoverable product | /Categories/Countries/NER | /Categories/Geographic scope/Country | /Categories/Product types/Country Briefs,/Categories/Catalog role/Discoverable product | /Categories/Product types/Country Briefs | /Categories/Countries/NER | /Categories/Monitoring products/Country brief | /Categories/Geographic scope/Country | /Categories/Languages/French | /Categories/DIEM pillars/Household monitoring system,/Categories/Catalog role/Discoverable product | /Categories/Countries/NER | /Categories/DIEM pillars/Household monitoring system | /Categories/Geographic scope/Country | /Categories/Languages/French | /Categories/Monitoring products/Country brief | /Categories/Product types/Country Briefs,verified
b891af4c87804f9ca627f7986b5978cb,Niger - DIEM Monitoring Brief - Round 7,Document Link,NER,Niger — Round 07,Country brief,English,Country,high,apply,,,,,,,/Categories/Catalog role/Discoverable product | /Categories/Countries/NER | /Categories/DIEM pillars/Household monitoring system | /Categories/Geographic scope/Country | /Categories/Languages/English | /Categories/Monitoring products/Country brief | /Categories/Product types/Country Briefs,/Categories/Catalog role/Discoverable product | /Categories/Product types/Country Briefs | /Categories/Countries/NER | /Categories/Monitoring products/Country brief | /Categories/Geographic scope/Country | /Categories/Languages/English | /Categories/DIEM pillars/Household monitoring system,/Categories/Catalog role/Discoverable product | /Categories/Countries/NER | /Categories/DIEM pillars/Household monitoring system | /Categories/Geographic scope/Country | /Categories/Languages/English | /Categories/Monitoring products/Country brief | /Categories/Product types/Country Briefs,verified
d98409fef32f4266b3e424a961818f93,Niger - DIEM Monitoring Brief - Round 7 (FR),Document Link,NER,,Country brief,French,Country,medium,apply,,,,,,Not linked from the monitoring round table; inclusion and round require review,/Categories/Catalog role/Discoverable product | /Categories/Countries/NER | /Categories/Geographic scope/Country | /Categories/Product types/Country Briefs,/Categories/Catalog role/Discoverable product | /Categories/Product types/Country Briefs | /Categories/Countries/NER | /Categories/Monitoring products/Country brief | /Categories/Geographic scope/Country | /Categories/Languages/French | /Categories/DIEM pillars/Household monitoring system,/Categories/Catalog role/Discoverable product | /Categories/Countries/NER | /Categories/DIEM pillars/Household monitoring system | /Categories/Geographic scope/Country | /Categories/Languages/French | /Categories/Monitoring products/Country brief | /Categories/Product types/Country Briefs,verified
4dbeeaba9db54d0f8ddd0980dae49e06,Niger - DIEM Monitoring Brief - Round 8,Document Link,NER,Niger — Round 08,Country brief,English,Country,high,apply,,,,,,,/Categories/Catalog role/Discoverable product | /Categories/Countries/NER | /Categories/DIEM pillars/Household monitoring system | /Categories/Geographic scope/Country | /Categories/Languages/English | /Categories/Monitoring products/Country brief | /Categories/Product types/Country Briefs,/Categories/Catalog role/Discoverable product | /Categories/Product types/Country Briefs | /Categories/Countries/NER | /Categories/Monitoring products/Country brief | /Categories/Geographic scope/Country | /Categories/Languages/English | /Categories/DIEM pillars/Household monitoring system,/Categories/Catalog role/Discoverable product | /Categories/Countries/NER | /Categories/DIEM pillars/Household monitoring system | /Categories/Geographic scope/Country | /Categories/Languages/English | /Categories/Monitoring products/Country brief | /Categories/Product types/Country Briefs,verified
2b22e6a422f34d4cbda5c340671394c9,Niger - DIEM Monitoring Brief - Round 8 (FR),Document Link,NER,,Country brief,French,Country,medium,apply,,,,,,Not linked from the monitoring round table; inclusion and round require review,/Categories/Catalog role/Discoverable product | /Categories/Countries/NER | /Categories/Geographic scope/Country | /Categories/Product types/Country Briefs,/Categories/Catalog role/Discoverable product | /Categories/Product types/Country Briefs | /Categories/Countries/NER | /Categories/Monitoring products/Country brief | /Categories/Geographic scope/Country | /Categories/Languages/French | /Categories/DIEM pillars/Household monitoring system,/Categories/Catalog role/Discoverable product | /Categories/Countries/NER | /Categories/DIEM pillars/Household monitoring system | /Categories/Geographic scope/Country | /Categories/Languages/French | /Categories/Monitoring products/Country brief | /Categories/Product types/Country Briefs,verified
4d994abf1312468084aed51f877d3106,Niger - Household Questionnaire - Round 10,Microsoft Excel,NER,Niger — Round 10,Questionnaire,English,Country,high,apply,,,,,,,/Categories/Catalog role/Discoverable product | /Categories/Countries/NER | /Categories/DIEM pillars/Household monitoring system | /Categories/Geographic scope/Country | /Categories/Languages/English | /Categories/Monitoring products/Questionnaire | /Categories/Product types/Questionnaires,/Categories/Catalog role/Discoverable product | /Categories/Product types/Questionnaires | /Categories/Countries/NER | /Categories/Monitoring products/Questionnaire | /Categories/Geographic scope/Country | /Categories/Languages/English | /Categories/DIEM pillars/Household monitoring system,/Categories/Catalog role/Discoverable product | /Categories/Countries/NER | /Categories/DIEM pillars/Household monitoring system | /Categories/Geographic scope/Country | /Categories/Languages/English | /Categories/Monitoring products/Questionnaire | /Categories/Product types/Questionnaires,verified
a5b8c61d531241238dabf7f575a5d5be,Niger - Household Questionnaire - Round 11,Microsoft Excel,NER,Niger — Round 11,Questionnaire,English,Country,high,apply,,,,,,,/Categories/Catalog role/Discoverable product | /Categories/Countries/NER | /Categories/DIEM pillars/Household monitoring system | /Categories/Geographic scope/Country | /Categories/Languages/English | /Categories/Monitoring products/Questionnaire | /Categories/Product types/Questionnaires,/Categories/Catalog role/Discoverable product | /Categories/Product types/Questionnaires | /Categories/Countries/NER | /Categories/Monitoring products/Questionnaire | /Categories/Geographic scope/Country | /Categories/Languages/English | /Categories/DIEM pillars/Household monitoring system,/Categories/Catalog role/Discoverable product | /Categories/Countries/NER | /Categories/DIEM pillars/Household monitoring system | /Categories/Geographic scope/Country | /Categories/Languages/English | /Categories/Monitoring products/Questionnaire | /Categories/Product types/Questionnaires,verified
9e6527dbafd546c9a5f060754c3f97e7,Niger - Household Questionnaire - Round 5,Microsoft Excel,NER,,Questionnaire,English,Country,medium,apply,,,,,,Not linked from the monitoring round table; inclusion and round require review,/Categories/Catalog role/Discoverable product | /Categories/Countries/NER | /Categories/DIEM pillars/Household monitoring system | /Categories/Geographic scope/Country | /Categories/Languages/English | /Categories/Monitoring products/Questionnaire | /Categories/Product types/Questionnaires,/Categories/Catalog role/Discoverable product | /Categories/Product types/Questionnaires | /Categories/Countries/NER | /Categories/Monitoring products/Questionnaire | /Categories/Geographic scope/Country | /Categories/Languages/English | /Categories/DIEM pillars/Household monitoring system,/Categories/Catalog role/Discoverable product | /Categories/Countries/NER | /Categories/DIEM pillars/Household monitoring system | /Categories/Geographic scope/Country | /Categories/Languages/English | /Categories/Monitoring products/Questionnaire | /Categories/Product types/Questionnaires,verified
743d4b81f41140119189396106bc7f35, Niger - Household Questionnaire - Round 6,Microsoft Excel,NER,Niger — Round 06,Questionnaire,English,Country,high,apply,,,,,,,/Categories/Catalog role/Discoverable product | /Categories/Countries/NER | /Categories/DIEM pillars/Household monitoring system | /Categories/Geographic scope/Country | /Categories/Languages/English | /Categories/Monitoring products/Questionnaire | /Categories/Product types/Questionnaires,/Categories/Catalog role/Discoverable product | /Categories/Product types/Questionnaires | /Categories/Countries/NER | /Categories/Monitoring products/Questionnaire | /Categories/Geographic scope/Country | /Categories/Languages/English | /Categories/DIEM pillars/Household monitoring system,/Categories/Catalog role/Discoverable product | /Categories/Countries/NER | /Categories/DIEM pillars/Household monitoring system | /Categories/Geographic scope/Country | /Categories/Languages/English | /Categories/Monitoring products/Questionnaire | /Categories/Product types/Questionnaires,verified
c65780f301254791afc8e091ce3a4791,Niger - Household Questionnaire - Round 7,Microsoft Excel,NER,Niger — Round 07,Questionnaire,English,Country,high,apply,,,,,,,/Categories/Catalog role/Discoverable product | /Categories/Countries/NER | /Categories/DIEM pillars/Household monitoring system | /Categories/Geographic scope/Country | /Categories/Languages/English | /Categories/Monitoring products/Questionnaire | /Categories/Product types/Questionnaires,/Categories/Catalog role/Discoverable product | /Categories/Product types/Questionnaires | /Categories/Countries/NER | /Categories/Monitoring products/Questionnaire | /Categories/Geographic scope/Country | /Categories/Languages/English | /Categories/DIEM pillars/Household monitoring system,/Categories/Catalog role/Discoverable product | /Categories/Countries/NER | /Categories/DIEM pillars/Household monitoring system | /Categories/Geographic scope/Country | /Categories/Languages/English | /Categories/Monitoring products/Questionnaire | /Categories/Product types/Questionnaires,verified
d4a9224d8e594aca9a3e89aeaf2fc930,Niger - Household Questionnaire - Round 8,Microsoft Excel,NER,Niger — Round 08,Questionnaire,English,Country,high,apply,,,,,,,/Categories/Catalog role/Discoverable product | /Categories/Countries/NER | /Categories/DIEM pillars/Household monitoring system | /Categories/Geographic scope/Country | /Categories/Languages/English | /Categories/Monitoring products/Questionnaire | /Categories/Product types/Questionnaires,/Categories/Catalog role/Discoverable product | /Categories/Product types/Questionnaires | /Categories/Countries/NER | /Categories/Monitoring products/Questionnaire | /Categories/Geographic scope/Country | /Categories/Languages/English | /Categories/DIEM pillars/Household monitoring system,/Categories/Catalog role/Discoverable product | /Categories/Countries/NER | /Categories/DIEM pillars/Household monitoring system | /Categories/Geographic scope/Country | /Categories/Languages/English | /Categories/Monitoring products/Questionnaire | /Categories/Product types/Questionnaires,verified
b32ee0a7a790492c82c8a4976d873cbe,Niger - Household Questionnaire - Round 9,Microsoft Excel,NER,Niger — Round 09,Questionnaire,English,Country,high,apply,,,,,,,/Categories/Catalog role/Discoverable product | /Categories/Countries/NER | /Categories/DIEM pillars/Household monitoring system | /Categories/Geographic scope/Country | /Categories/Languages/English | /Categories/Monitoring products/Questionnaire | /Categories/Product types/Questionnaires,/Categories/Catalog role/Discoverable product | /Categories/Product types/Questionnaires | /Categories/Countries/NER | /Categories/Monitoring products/Questionnaire | /Categories/Geographic scope/Country | /Categories/Languages/English | /Categories/DIEM pillars/Household monitoring system,/Categories/Catalog role/Discoverable product | /Categories/Countries/NER | /Categories/DIEM pillars/Household monitoring system | /Categories/Geographic scope/Country | /Categories/Languages/English | /Categories/Monitoring products/Questionnaire | /Categories/Product types/Questionnaires,verified
209eb44c3f3348e093ae0cb8a370a0b3,NIGER - Household Questionnaire - Round1 ,Microsoft Excel,NER,,Questionnaire,English,Country,medium,apply,,,,,,Not linked from the monitoring round table; inclusion and round require review,/Categories/Catalog role/Discoverable product | /Categories/Countries/NER | /Categories/DIEM pillars/Household monitoring system | /Categories/Geographic scope/Country | /Categories/Languages/English | /Categories/Monitoring products/Questionnaire | /Categories/Product types/Questionnaires,/Categories/Catalog role/Discoverable product | /Categories/Product types/Questionnaires | /Categories/Countries/NER | /Categories/Monitoring products/Questionnaire | /Categories/Geographic scope/Country | /Categories/Languages/English | /Categories/DIEM pillars/Household monitoring system,/Categories/Catalog role/Discoverable product | /Categories/Countries/NER | /Categories/DIEM pillars/Household monitoring system | /Categories/Geographic scope/Country | /Categories/Languages/English | /Categories/Monitoring products/Questionnaire | /Categories/Product types/Questionnaires,verified
48ecc64e6847461f9ff13b31692d786b,NIGER - Household Questionnaire - Round3,Microsoft Excel,NER,Niger — Round 03,Questionnaire,English,Country,high,apply,,,,,,,/Categories/Catalog role/Discoverable product | /Categories/Countries/NER | /Categories/DIEM pillars/Household monitoring system | /Categories/Geographic scope/Country | /Categories/Languages/English | /Categories/Monitoring products/Questionnaire | /Categories/Product types/Questionnaires,/Categories/Catalog role/Discoverable product | /Categories/Product types/Questionnaires | /Categories/Countries/NER | /Categories/Monitoring products/Questionnaire | /Categories/Geographic scope/Country | /Categories/Languages/English | /Categories/DIEM pillars/Household monitoring system,/Categories/Catalog role/Discoverable product | /Categories/Countries/NER | /Categories/DIEM pillars/Household monitoring system | /Categories/Geographic scope/Country | /Categories/Languages/English | /Categories/Monitoring products/Questionnaire | /Categories/Product types/Questionnaires,verified
dc03cb00156c4894a47ef349c2ca2f7a,NIGER - Household Questionnaire - Round3,Microsoft Excel,NER,,Questionnaire,English,Country,medium,apply,,,,,,Not linked from the monitoring round table; inclusion and round require review,/Categories/Catalog role/Discoverable product | /Categories/Countries/NER | /Categories/DIEM pillars/Household monitoring system | /Categories/Geographic scope/Country | /Categories/Languages/English | /Categories/Monitoring products/Questionnaire | /Categories/Product types/Questionnaires,/Categories/Catalog role/Discoverable product | /Categories/Product types/Questionnaires | /Categories/Countries/NER | /Categories/Monitoring products/Questionnaire | /Categories/Geographic scope/Country | /Categories/Languages/English | /Categories/DIEM pillars/Household monitoring system,/Categories/Catalog role/Discoverable product | /Categories/Countries/NER | /Categories/DIEM pillars/Household monitoring system | /Categories/Geographic scope/Country | /Categories/Languages/English | /Categories/Monitoring products/Questionnaire | /Categories/Product types/Questionnaires,verified
2eda20e30c5b4ddca8b04fbdd6be2035,Niger - Household Questionnaire - Round4,Microsoft Excel,NER,Niger — Round 04,Questionnaire,English,Country,high,apply,,,,,,,/Categories/Catalog role/Discoverable product | /Categories/Countries/NER | /Categories/DIEM pillars/Household monitoring system | /Categories/Geographic scope/Country | /Categories/Languages/English | /Categories/Monitoring products/Questionnaire | /Categories/Product types/Questionnaires,/Categories/Catalog role/Discoverable product | /Categories/Product types/Questionnaires | /Categories/Countries/NER | /Categories/Monitoring products/Questionnaire | /Categories/Geographic scope/Country | /Categories/Languages/English | /Categories/DIEM pillars/Household monitoring system,/Categories/Catalog role/Discoverable product | /Categories/Countries/NER | /Categories/DIEM pillars/Household monitoring system | /Categories/Geographic scope/Country | /Categories/Languages/English | /Categories/Monitoring products/Questionnaire | /Categories/Product types/Questionnaires,verified
48fe19033ee74071b2febb4117fb8e9f,Niger - Household Questionnaire - Round5,Microsoft Excel,NER,,Questionnaire,English,Country,medium,apply,,,,,,Not linked from the monitoring round table; inclusion and round require review,/Categories/Catalog role/Discoverable product | /Categories/Countries/NER | /Categories/DIEM pillars/Household monitoring system | /Categories/Geographic scope/Country | /Categories/Languages/English | /Categories/Monitoring products/Questionnaire | /Categories/Product types/Questionnaires,/Categories/Catalog role/Discoverable product | /Categories/Product types/Questionnaires | /Categories/Countries/NER | /Categories/Monitoring products/Questionnaire | /Categories/Geographic scope/Country | /Categories/Languages/English | /Categories/DIEM pillars/Household monitoring system,/Categories/Catalog role/Discoverable product | /Categories/Countries/NER | /Categories/DIEM pillars/Household monitoring system | /Categories/Geographic scope/Country | /Categories/Languages/English | /Categories/Monitoring products/Questionnaire | /Categories/Product types/Questionnaires,verified
ba246a97f4ba4b9190f8f4fbf8ca7cf4,Niger - Presentation - Round 1,PDF,NER,,Findings presentation,English,Country,medium,apply,,,,,,Not linked from the monitoring round table; inclusion and round require review,/Categories/Catalog role/Discoverable product,/Categories/Catalog role/Discoverable product | /Categories/Countries/NER | /Categories/Monitoring products/Findings presentation | /Categories/Geographic scope/Country | /Categories/Languages/English | /Categories/DIEM pillars/Household monitoring system,/Categories/Catalog role/Discoverable product | /Categories/Countries/NER | /Categories/DIEM pillars/Household monitoring system | /Categories/Geographic scope/Country | /Categories/Languages/English | /Categories/Monitoring products/Findings presentation,verified
429239fdc55b49809c1a182b48d21d94,Niger - Presentation - Round 2,PDF,NER,,Findings presentation,English,Country,medium,apply,,,,,,Not linked from the monitoring round table; inclusion and round require review,/Categories/Catalog role/Discoverable product | /Categories/Countries/NER | /Categories/Geographic scope/Country | /Categories/Product types/Key Findings Presentations,/Categories/Catalog role/Discoverable product | /Categories/Product types/Key Findings Presentations | /Categories/Countries/NER | /Categories/Monitoring products/Findings presentation | /Categories/Geographic scope/Country | /Categories/Languages/English | /Categories/DIEM pillars/Household monitoring system,/Categories/Catalog role/Discoverable product | /Categories/Countries/NER | /Categories/DIEM pillars/Household monitoring system | /Categories/Geographic scope/Country | /Categories/Languages/English | /Categories/Monitoring products/Findings presentation | /Categories/Product types/Key Findings Presentations,verified
9c527991429e4596bbffbc62e52d225f,Niger - Report (agroinput) - Round 1,PDF,NER,Niger — Round 01,Report,English,Country,high,apply,,,,,,,/Categories/Catalog role/Discoverable product | /Categories/Countries/NER | /Categories/DIEM pillars/Household monitoring system | /Categories/Geographic scope/Country | /Categories/Languages/English | /Categories/Monitoring products/Report | /Categories/Product types/Other DIEM documents,/Categories/Catalog role/Discoverable product | /Categories/Product types/Other DIEM documents | /Categories/Countries/NER | /Categories/Monitoring products/Report | /Categories/Geographic scope/Country | /Categories/Languages/English | /Categories/DIEM pillars/Household monitoring system,/Categories/Catalog role/Discoverable product | /Categories/Countries/NER | /Categories/DIEM pillars/Household monitoring system | /Categories/Geographic scope/Country | /Categories/Languages/English | /Categories/Monitoring products/Report | /Categories/Product types/Other DIEM documents,verified
4ebbd0d4f7864f3195f2ae27ca19da10,Niger - Report - Round 1,PDF,NER,,Report,English,Country,medium,apply,,,,,,Not linked from the monitoring round table; inclusion and round require review,/Categories/Catalog role/Discoverable product | /Categories/Countries/NER | /Categories/Geographic scope/Country | /Categories/Product types/Country Briefs,/Categories/Catalog role/Discoverable product | /Categories/Product types/Country Briefs | /Categories/Countries/NER | /Categories/Monitoring products/Report | /Categories/Geographic scope/Country | /Categories/Languages/English | /Categories/DIEM pillars/Household monitoring system,/Categories/Catalog role/Discoverable product | /Categories/Countries/NER | /Categories/DIEM pillars/Household monitoring system | /Categories/Geographic scope/Country | /Categories/Languages/English | /Categories/Monitoring products/Report | /Categories/Product types/Country Briefs,verified
dfd7a79bb6ef4ee88c244810c9bd9794,Niger – DIEM Monitoring Brief - Round  9,Document Link,NER,,Country brief,English,Country,medium,apply,,,,,,Not linked from the monitoring round table; inclusion and round require review,/Categories/Catalog role/Discoverable product | /Categories/Countries/NER | /Categories/Geographic scope/Country | /Categories/Product types/Country Briefs,/Categories/Catalog role/Discoverable product | /Categories/Product types/Country Briefs | /Categories/Countries/NER | /Categories/Monitoring products/Country brief | /Categories/Geographic scope/Country | /Categories/Languages/English | /Categories/DIEM pillars/Household monitoring system,/Categories/Catalog role/Discoverable product | /Categories/Countries/NER | /Categories/DIEM pillars/Household monitoring system | /Categories/Geographic scope/Country | /Categories/Languages/English | /Categories/Monitoring products/Country brief | /Categories/Product types/Country Briefs,verified
cb0b56f881d344519410bcef1bce4d9d,Nigeria - DIEM Monitoring Brief - Round 1,PDF,NGA,Nigeria — Round 01,Country brief,English,Country,high,apply,,,,,,,/Categories/Catalog role/Discoverable product | /Categories/Countries/NGA | /Categories/DIEM pillars/Household monitoring system | /Categories/Geographic scope/Country | /Categories/Languages/English | /Categories/Monitoring products/Country brief | /Categories/Product types/Country Briefs,/Categories/Catalog role/Discoverable product | /Categories/Product types/Country Briefs | /Categories/Countries/NGA | /Categories/Monitoring products/Country brief | /Categories/Geographic scope/Country | /Categories/Languages/English | /Categories/DIEM pillars/Household monitoring system,/Categories/Catalog role/Discoverable product | /Categories/Countries/NGA | /Categories/DIEM pillars/Household monitoring system | /Categories/Geographic scope/Country | /Categories/Languages/English | /Categories/Monitoring products/Country brief | /Categories/Product types/Country Briefs,verified
7bec73621e45452397ad8fc414e3d65b,Nigeria - DIEM Monitoring Brief - Round 2,Document Link,NGA,Nigeria — Round 02,Country brief,English,Country,high,apply,,,,,,,/Categories/Catalog role/Discoverable product | /Categories/Countries/NGA | /Categories/DIEM pillars/Household monitoring system | /Categories/Geographic scope/Country | /Categories/Languages/English | /Categories/Monitoring products/Country brief | /Categories/Product types/Country Briefs,/Categories/Catalog role/Discoverable product | /Categories/Product types/Country Briefs | /Categories/Countries/NGA | /Categories/Monitoring products/Country brief | /Categories/Geographic scope/Country | /Categories/Languages/English | /Categories/DIEM pillars/Household monitoring system,/Categories/Catalog role/Discoverable product | /Categories/Countries/NGA | /Categories/DIEM pillars/Household monitoring system | /Categories/Geographic scope/Country | /Categories/Languages/English | /Categories/Monitoring products/Country brief | /Categories/Product types/Country Briefs,verified
b5885c5783a349c48a564d09a1eba4cb,Nigeria - DIEM Monitoring Brief - Round 3,Document Link,NGA,Nigeria — Round 03,Country brief,English,Country,high,apply,,,,,,,/Categories/Catalog role/Discoverable product | /Categories/Countries/NGA | /Categories/DIEM pillars/Household monitoring system | /Categories/Geographic scope/Country | /Categories/Languages/English | /Categories/Monitoring products/Country brief | /Categories/Product types/Country Briefs,/Categories/Catalog role/Discoverable product | /Categories/Product types/Country Briefs | /Categories/Countries/NGA | /Categories/Monitoring products/Country brief | /Categories/Geographic scope/Country | /Categories/Languages/English | /Categories/DIEM pillars/Household monitoring system,/Categories/Catalog role/Discoverable product | /Categories/Countries/NGA | /Categories/DIEM pillars/Household monitoring system | /Categories/Geographic scope/Country | /Categories/Languages/English | /Categories/Monitoring products/Country brief | /Categories/Product types/Country Briefs,verified
91c9261cc780416e85f5e6df3baaa7f3,Nigeria - DIEM Monitoring Brief - Round 4,Document Link,NGA,Nigeria — Round 04,Country brief,English,Country,high,apply,,,,,,,/Categories/Catalog role/Discoverable product | /Categories/Countries/NGA | /Categories/DIEM pillars/Household monitoring system | /Categories/Geographic scope/Country | /Categories/Languages/English | /Categories/Monitoring products/Country brief | /Categories/Product types/Country Briefs,/Categories/Catalog role/Discoverable product | /Categories/Product types/Country Briefs | /Categories/Countries/NGA | /Categories/Monitoring products/Country brief | /Categories/Geographic scope/Country | /Categories/Languages/English | /Categories/DIEM pillars/Household monitoring system,/Categories/Catalog role/Discoverable product | /Categories/Countries/NGA | /Categories/DIEM pillars/Household monitoring system | /Categories/Geographic scope/Country | /Categories/Languages/English | /Categories/Monitoring products/Country brief | /Categories/Product types/Country Briefs,verified
6a1b15071cca412686aecd0a2f1dfed6,Nigeria - DIEM Monitoring Brief - Round 5,Document Link,NGA,Nigeria — Round 05,Country brief,English,Country,high,apply,,,,,,,/Categories/Catalog role/Discoverable product | /Categories/Countries/NGA | /Categories/DIEM pillars/Household monitoring system | /Categories/Geographic scope/Country | /Categories/Languages/English | /Categories/Monitoring products/Country brief | /Categories/Product types/Country Briefs,/Categories/Catalog role/Discoverable product | /Categories/Product types/Country Briefs | /Categories/Countries/NGA | /Categories/Monitoring products/Country brief | /Categories/Geographic scope/Country | /Categories/Languages/English | /Categories/DIEM pillars/Household monitoring system,/Categories/Catalog role/Discoverable product | /Categories/Countries/NGA | /Categories/DIEM pillars/Household monitoring system | /Categories/Geographic scope/Country | /Categories/Languages/English | /Categories/Monitoring products/Country brief | /Categories/Product types/Country Briefs,verified
0212e1542b0d48d5b711cc70e9540fc9,Nigeria - DIEM Monitoring Brief - Round 6,Document Link,NER | NGA,Niger — Round 06 | Nigeria — Round 06,Country brief,English,Multi-country,high,apply,,,,,,,/Categories/Catalog role/Discoverable product | /Categories/Countries/NER | /Categories/Countries/NGA | /Categories/DIEM pillars/Household monitoring system | /Categories/Geographic scope/Multi-country | /Categories/Languages/English | /Categories/Monitoring products/Country brief | /Categories/Product types/Country Briefs,/Categories/Catalog role/Discoverable product | /Categories/Product types/Country Briefs | /Categories/Countries/NER | /Categories/Countries/NGA | /Categories/Monitoring products/Country brief | /Categories/Geographic scope/Multi-country | /Categories/Languages/English | /Categories/DIEM pillars/Household monitoring system,/Categories/Catalog role/Discoverable product | /Categories/Countries/NER | /Categories/Countries/NGA | /Categories/DIEM pillars/Household monitoring system | /Categories/Geographic scope/Multi-country | /Categories/Languages/English | /Categories/Monitoring products/Country brief | /Categories/Product types/Country Briefs,verified
60b7bc1e9fe844e9adcb0b6a714644ad,Nigeria - DIEM Monitoring Brief - Round 7,Document Link,NGA,Nigeria — Round 07,Country brief,English,Country,high,apply,,,,,,,/Categories/Catalog role/Discoverable product | /Categories/Countries/NGA | /Categories/DIEM pillars/Household monitoring system | /Categories/Geographic scope/Country | /Categories/Languages/English | /Categories/Monitoring products/Country brief | /Categories/Product types/Country Briefs,/Categories/Catalog role/Discoverable product | /Categories/Product types/Country Briefs | /Categories/Countries/NGA | /Categories/Monitoring products/Country brief | /Categories/Geographic scope/Country | /Categories/Languages/English | /Categories/DIEM pillars/Household monitoring system,/Categories/Catalog role/Discoverable product | /Categories/Countries/NGA | /Categories/DIEM pillars/Household monitoring system | /Categories/Geographic scope/Country | /Categories/Languages/English | /Categories/Monitoring products/Country brief | /Categories/Product types/Country Briefs,verified
56772a26c3d845929506d94d0c5ba1a4,Nigeria - Household Questionnaire - Round 4,Microsoft Excel,NGA,Nigeria — Round 04,Questionnaire,English,Country,high,apply,,,,,,,/Categories/Catalog role/Discoverable product | /Categories/Countries/NGA | /Categories/DIEM pillars/Household monitoring system | /Categories/Geographic scope/Country | /Categories/Languages/English | /Categories/Monitoring products/Questionnaire | /Categories/Product types/Questionnaires,/Categories/Catalog role/Discoverable product | /Categories/Product types/Questionnaires | /Categories/Countries/NGA | /Categories/Monitoring products/Questionnaire | /Categories/Geographic scope/Country | /Categories/Languages/English | /Categories/DIEM pillars/Household monitoring system,/Categories/Catalog role/Discoverable product | /Categories/Countries/NGA | /Categories/DIEM pillars/Household monitoring system | /Categories/Geographic scope/Country | /Categories/Languages/English | /Categories/Monitoring products/Questionnaire | /Categories/Product types/Questionnaires,verified
413e74a8f57744c2b92592fbf3889081,Nigeria - Household Questionnaire - Round 6,Microsoft Excel,NGA,Nigeria — Round 06,Questionnaire,English,Country,high,apply,,,,,,,/Categories/Catalog role/Discoverable product | /Categories/Countries/NGA | /Categories/DIEM pillars/Household monitoring system | /Categories/Geographic scope/Country | /Categories/Languages/English | /Categories/Monitoring products/Questionnaire | /Categories/Product types/Questionnaires,/Categories/Catalog role/Discoverable product | /Categories/Product types/Questionnaires | /Categories/Countries/NGA | /Categories/Monitoring products/Questionnaire | /Categories/Geographic scope/Country | /Categories/Languages/English | /Categories/DIEM pillars/Household monitoring system,/Categories/Catalog role/Discoverable product | /Categories/Countries/NGA | /Categories/DIEM pillars/Household monitoring system | /Categories/Geographic scope/Country | /Categories/Languages/English | /Categories/Monitoring products/Questionnaire | /Categories/Product types/Questionnaires,verified
4a9692ab749041658e5c431be862b3af,Nigeria - Household Questionnaire - Round 7,Microsoft Excel,NGA,Nigeria — Round 07,Questionnaire,English,Country,high,apply,,,,,,,/Categories/Catalog role/Discoverable product | /Categories/Countries/NGA | /Categories/DIEM pillars/Household monitoring system | /Categories/Geographic scope/Country | /Categories/Languages/English | /Categories/Monitoring products/Questionnaire | /Categories/Product types/Questionnaires,/Categories/Catalog role/Discoverable product | /Categories/Product types/Questionnaires | /Categories/Countries/NGA | /Categories/Monitoring products/Questionnaire | /Categories/Geographic scope/Country | /Categories/Languages/English | /Categories/DIEM pillars/Household monitoring system,/Categories/Catalog role/Discoverable product | /Categories/Countries/NGA | /Categories/DIEM pillars/Household monitoring system | /Categories/Geographic scope/Country | /Categories/Languages/English | /Categories/Monitoring products/Questionnaire | /Categories/Product types/Questionnaires,verified
ec1a62b97f6b4658b7421a74a617fcfb,Nigeria - Household Questionnaire - Round 8,Microsoft Excel,NGA,,Questionnaire,English,Country,medium,apply,,,,,,Not linked from the monitoring round table; inclusion and round require review,/Categories/Catalog role/Discoverable product | /Categories/Countries/NGA | /Categories/DIEM pillars/Household monitoring system | /Categories/Geographic scope/Country | /Categories/Languages/English | /Categories/Monitoring products/Questionnaire | /Categories/Product types/Questionnaires,/Categories/Catalog role/Discoverable product | /Categories/Product types/Questionnaires | /Categories/Countries/NGA | /Categories/Monitoring products/Questionnaire | /Categories/Geographic scope/Country | /Categories/Languages/English | /Categories/DIEM pillars/Household monitoring system,/Categories/Catalog role/Discoverable product | /Categories/Countries/NGA | /Categories/DIEM pillars/Household monitoring system | /Categories/Geographic scope/Country | /Categories/Languages/English | /Categories/Monitoring products/Questionnaire | /Categories/Product types/Questionnaires,verified
3390102eec984b01adb0d735f28902ff,Nigeria - Household Questionnaire - Round1,Microsoft Excel,NGA,Nigeria — Round 01,Questionnaire,English,Country,high,apply,,,,,,,/Categories/Catalog role/Discoverable product | /Categories/Countries/NGA | /Categories/DIEM pillars/Household monitoring system | /Categories/Geographic scope/Country | /Categories/Languages/English | /Categories/Monitoring products/Questionnaire | /Categories/Product types/Questionnaires,/Categories/Catalog role/Discoverable product | /Categories/Product types/Questionnaires | /Categories/Countries/NGA | /Categories/Monitoring products/Questionnaire | /Categories/Geographic scope/Country | /Categories/Languages/English | /Categories/DIEM pillars/Household monitoring system,/Categories/Catalog role/Discoverable product | /Categories/Countries/NGA | /Categories/DIEM pillars/Household monitoring system | /Categories/Geographic scope/Country | /Categories/Languages/English | /Categories/Monitoring products/Questionnaire | /Categories/Product types/Questionnaires,verified
93e2544848394639a5b53cbf523346c2,Nigeria - Household Questionnaire - Round2,Microsoft Excel,NGA,Nigeria — Round 02,Questionnaire,English,Country,high,apply,,,,,,,/Categories/Catalog role/Discoverable product | /Categories/Countries/NGA | /Categories/DIEM pillars/Household monitoring system | /Categories/Geographic scope/Country | /Categories/Languages/English | /Categories/Monitoring products/Questionnaire | /Categories/Product types/Questionnaires,/Categories/Catalog role/Discoverable product | /Categories/Product types/Questionnaires | /Categories/Countries/NGA | /Categories/Monitoring products/Questionnaire | /Categories/Geographic scope/Country | /Categories/Languages/English | /Categories/DIEM pillars/Household monitoring system,/Categories/Catalog role/Discoverable product | /Categories/Countries/NGA | /Categories/DIEM pillars/Household monitoring system | /Categories/Geographic scope/Country | /Categories/Languages/English | /Categories/Monitoring products/Questionnaire | /Categories/Product types/Questionnaires,verified
647840556f6a458caa2f512a850c5a59,Nigeria - Household Questionnaire - Round3,Microsoft Excel,NGA,Nigeria — Round 03,Questionnaire,English,Country,high,apply,,,,,,,/Categories/Catalog role/Discoverable product | /Categories/Countries/NGA | /Categories/DIEM pillars/Household monitoring system | /Categories/Geographic scope/Country | /Categories/Languages/English | /Categories/Monitoring products/Questionnaire | /Categories/Product types/Questionnaires,/Categories/Catalog role/Discoverable product | /Categories/Product types/Questionnaires | /Categories/Countries/NGA | /Categories/Monitoring products/Questionnaire | /Categories/Geographic scope/Country | /Categories/Languages/English | /Categories/DIEM pillars/Household monitoring system,/Categories/Catalog role/Discoverable product | /Categories/Countries/NGA | /Categories/DIEM pillars/Household monitoring system | /Categories/Geographic scope/Country | /Categories/Languages/English | /Categories/Monitoring products/Questionnaire | /Categories/Product types/Questionnaires,verified
5f5e413948ec4f9f814d58f4e34ab2af,Nigeria - Household Questionnaire - Round5,Microsoft Excel,NGA,Nigeria — Round 05,Questionnaire,English,Country,high,apply,,,,,,,/Categories/Catalog role/Discoverable product | /Categories/Countries/NGA | /Categories/DIEM pillars/Household monitoring system | /Categories/Geographic scope/Country | /Categories/Languages/English | /Categories/Monitoring products/Questionnaire | /Categories/Product types/Questionnaires,/Categories/Catalog role/Discoverable product | /Categories/Product types/Questionnaires | /Categories/Countries/NGA | /Categories/Monitoring products/Questionnaire | /Categories/Geographic scope/Country | /Categories/Languages/English | /Categories/DIEM pillars/Household monitoring system,/Categories/Catalog role/Discoverable product | /Categories/Countries/NGA | /Categories/DIEM pillars/Household monitoring system | /Categories/Geographic scope/Country | /Categories/Languages/English | /Categories/Monitoring products/Questionnaire | /Categories/Product types/Questionnaires,verified
06e6a93b75f44c55baaa6393153692fc,Nigeria - Household Questionnaire - Round8,Microsoft Excel,NGA,Nigeria — Round 08,Questionnaire,French,Country,high,apply,,,,,,,/Categories/Catalog role/Discoverable product | /Categories/Countries/NGA | /Categories/DIEM pillars/Household monitoring system | /Categories/Geographic scope/Country | /Categories/Languages/French | /Categories/Monitoring products/Questionnaire | /Categories/Product types/Questionnaires,/Categories/Catalog role/Discoverable product | /Categories/Product types/Questionnaires | /Categories/Countries/NGA | /Categories/Monitoring products/Questionnaire | /Categories/Geographic scope/Country | /Categories/Languages/French | /Categories/DIEM pillars/Household monitoring system,/Categories/Catalog role/Discoverable product | /Categories/Countries/NGA | /Categories/DIEM pillars/Household monitoring system | /Categories/Geographic scope/Country | /Categories/Languages/French | /Categories/Monitoring products/Questionnaire | /Categories/Product types/Questionnaires,verified
0fd294d868ba493f9493943b3a9eae49,Nigeria - Presentation - Round 1 Traders,PDF,NGA,,Findings presentation,English,Country,medium,apply,,,,,,Not linked from the monitoring round table; inclusion and round require review,/Categories/Catalog role/Discoverable product | /Categories/Countries/NGA | /Categories/Geographic scope/Country | /Categories/Product types/Key Findings Presentations,/Categories/Catalog role/Discoverable product | /Categories/Product types/Key Findings Presentations | /Categories/Countries/NGA | /Categories/Monitoring products/Findings presentation | /Categories/Geographic scope/Country | /Categories/Languages/English | /Categories/DIEM pillars/Household monitoring system,/Categories/Catalog role/Discoverable product | /Categories/Countries/NGA | /Categories/DIEM pillars/Household monitoring system | /Categories/Geographic scope/Country | /Categories/Languages/English | /Categories/Monitoring products/Findings presentation | /Categories/Product types/Key Findings Presentations,verified
e6137bcd5816416788eba88a1d8e6a0f,Nigeria: DIEM-Monitoring emergency agriculture support brief (Round 8),Document Link,NGA,Nigeria — Round 08,Country brief,English,Country,high,apply,,,,,,,/Categories/Catalog role/Discoverable product | /Categories/Countries/NGA | /Categories/DIEM pillars/Household monitoring system | /Categories/Geographic scope/Country | /Categories/Languages/English | /Categories/Monitoring products/Country brief | /Categories/Product types/Country Briefs,/Categories/Catalog role/Discoverable product | /Categories/Product types/Country Briefs | /Categories/Countries/NGA | /Categories/Monitoring products/Country brief | /Categories/Geographic scope/Country | /Categories/Languages/English | /Categories/DIEM pillars/Household monitoring system,/Categories/Catalog role/Discoverable product | /Categories/Countries/NGA | /Categories/DIEM pillars/Household monitoring system | /Categories/Geographic scope/Country | /Categories/Languages/English | /Categories/Monitoring products/Country brief | /Categories/Product types/Country Briefs,verified
d2ace34120674cbd867a2212654f10ae,Pakistan - DIEM Monitoring Brief - Round 2,PDF,PAK,Pakistan — Round 02,Country brief,English,Country,high,apply,,,,,,,/Categories/Catalog role/Discoverable product | /Categories/Countries/PAK | /Categories/DIEM pillars/Household monitoring system | /Categories/Geographic scope/Country | /Categories/Languages/English | /Categories/Monitoring products/Country brief | /Categories/Product types/Country Briefs,/Categories/Catalog role/Discoverable product | /Categories/Product types/Country Briefs | /Categories/Countries/PAK | /Categories/Monitoring products/Country brief | /Categories/Geographic scope/Country | /Categories/Languages/English | /Categories/DIEM pillars/Household monitoring system,/Categories/Catalog role/Discoverable product | /Categories/Countries/PAK | /Categories/DIEM pillars/Household monitoring system | /Categories/Geographic scope/Country | /Categories/Languages/English | /Categories/Monitoring products/Country brief | /Categories/Product types/Country Briefs,verified
110a2b591c494d1db3f7f430c8bdba20,Pakistan - DIEM  Monitoring Brief - Round 3,Document Link,PAK,Pakistan — Round 03,Country brief,English,Country,high,apply,,,,,,,/Categories/Catalog role/Discoverable product | /Categories/Countries/PAK | /Categories/DIEM pillars/Household monitoring system | /Categories/Geographic scope/Country | /Categories/Languages/English | /Categories/Monitoring products/Country brief | /Categories/Product types/Country Briefs,/Categories/Catalog role/Discoverable product | /Categories/Product types/Country Briefs | /Categories/Countries/PAK | /Categories/Monitoring products/Country brief | /Categories/Geographic scope/Country | /Categories/Languages/English | /Categories/DIEM pillars/Household monitoring system,/Categories/Catalog role/Discoverable product | /Categories/Countries/PAK | /Categories/DIEM pillars/Household monitoring system | /Categories/Geographic scope/Country | /Categories/Languages/English | /Categories/Monitoring products/Country brief | /Categories/Product types/Country Briefs,verified
2ed5a1dade0d4b16baed75c9ced4d0f4,Pakistan - DIEM Monitoring Brief - Round 4,Document Link,PAK,Pakistan — Round 04,Country brief,English,Country,high,apply,,,,,,,/Categories/Catalog role/Discoverable product | /Categories/Countries/PAK | /Categories/DIEM pillars/Household monitoring system | /Categories/Geographic scope/Country | /Categories/Languages/English | /Categories/Monitoring products/Country brief | /Categories/Product types/Country Briefs,/Categories/Catalog role/Discoverable product | /Categories/Product types/Country Briefs | /Categories/Countries/PAK | /Categories/Monitoring products/Country brief | /Categories/Geographic scope/Country | /Categories/Languages/English | /Categories/DIEM pillars/Household monitoring system,/Categories/Catalog role/Discoverable product | /Categories/Countries/PAK | /Categories/DIEM pillars/Household monitoring system | /Categories/Geographic scope/Country | /Categories/Languages/English | /Categories/Monitoring products/Country brief | /Categories/Product types/Country Briefs,verified
610f5a8b15734d48b923decf6334fb83,Pakistan - DIEM Monitoring Brief - Round 5,Document Link,PAK,Pakistan — Round 05,Country brief,English,Country,high,apply,,,,,,,/Categories/Catalog role/Discoverable product | /Categories/Countries/PAK | /Categories/DIEM pillars/Household monitoring system | /Categories/Geographic scope/Country | /Categories/Languages/English | /Categories/Monitoring products/Country brief | /Categories/Product types/Country Briefs,/Categories/Catalog role/Discoverable product | /Categories/Product types/Country Briefs | /Categories/Countries/PAK | /Categories/Monitoring products/Country brief | /Categories/Geographic scope/Country | /Categories/Languages/English | /Categories/DIEM pillars/Household monitoring system,/Categories/Catalog role/Discoverable product | /Categories/Countries/PAK | /Categories/DIEM pillars/Household monitoring system | /Categories/Geographic scope/Country | /Categories/Languages/English | /Categories/Monitoring products/Country brief | /Categories/Product types/Country Briefs,verified
7f0d093c64f84af1a0c79ba99ce9e23e,Pakistan - DIEM Monitoring Brief - Round 6,Document Link,PAK,Pakistan — Round 06,Country brief,French,Country,high,apply,,,,,,,/Categories/Catalog role/Discoverable product | /Categories/Countries/PAK | /Categories/DIEM pillars/Household monitoring system | /Categories/Geographic scope/Country | /Categories/Languages/French | /Categories/Monitoring products/Country brief | /Categories/Product types/Country Briefs,/Categories/Catalog role/Discoverable product | /Categories/Product types/Country Briefs | /Categories/Countries/PAK | /Categories/Monitoring products/Country brief | /Categories/Geographic scope/Country | /Categories/Languages/French | /Categories/DIEM pillars/Household monitoring system,/Categories/Catalog role/Discoverable product | /Categories/Countries/PAK | /Categories/DIEM pillars/Household monitoring system | /Categories/Geographic scope/Country | /Categories/Languages/French | /Categories/Monitoring products/Country brief | /Categories/Product types/Country Briefs,verified
f898db9e8ea54ed6a70ac7117146cb5c,Pakistan - Household Questionnaire - Round 4,Microsoft Excel,PAK,Pakistan — Round 04,Questionnaire,English,Country,high,apply,,,,,,,/Categories/Catalog role/Discoverable product | /Categories/Countries/PAK | /Categories/DIEM pillars/Household monitoring system | /Categories/Geographic scope/Country | /Categories/Languages/English | /Categories/Monitoring products/Questionnaire | /Categories/Product types/Questionnaires,/Categories/Catalog role/Discoverable product | /Categories/Product types/Questionnaires | /Categories/Countries/PAK | /Categories/Monitoring products/Questionnaire | /Categories/Geographic scope/Country | /Categories/Languages/English | /Categories/DIEM pillars/Household monitoring system,/Categories/Catalog role/Discoverable product | /Categories/Countries/PAK | /Categories/DIEM pillars/Household monitoring system | /Categories/Geographic scope/Country | /Categories/Languages/English | /Categories/Monitoring products/Questionnaire | /Categories/Product types/Questionnaires,verified
669b1a1616dd48488670e19f1b316a45,Pakistan - Household Questionnaire - Round 5,Microsoft Excel,PAK,Pakistan — Round 05,Questionnaire,English,Country,high,apply,,,,,,,/Categories/Catalog role/Discoverable product | /Categories/Countries/PAK | /Categories/DIEM pillars/Household monitoring system | /Categories/Geographic scope/Country | /Categories/Languages/English | /Categories/Monitoring products/Questionnaire | /Categories/Product types/Questionnaires,/Categories/Catalog role/Discoverable product | /Categories/Product types/Questionnaires | /Categories/Countries/PAK | /Categories/Monitoring products/Questionnaire | /Categories/Geographic scope/Country | /Categories/Languages/English | /Categories/DIEM pillars/Household monitoring system,/Categories/Catalog role/Discoverable product | /Categories/Countries/PAK | /Categories/DIEM pillars/Household monitoring system | /Categories/Geographic scope/Country | /Categories/Languages/English | /Categories/Monitoring products/Questionnaire | /Categories/Product types/Questionnaires,verified
77ef41c6b86841a59cc021b4670b62ef,Pakistan - Household Questionnaire - Round 6,Microsoft Excel,PAK,Pakistan — Round 06,Questionnaire,English,Country,high,apply,,,,,,,/Categories/Catalog role/Discoverable product | /Categories/Countries/PAK | /Categories/DIEM pillars/Household monitoring system | /Categories/Geographic scope/Country | /Categories/Languages/English | /Categories/Monitoring products/Questionnaire | /Categories/Product types/Questionnaires,/Categories/Catalog role/Discoverable product | /Categories/Product types/Questionnaires | /Categories/Countries/PAK | /Categories/Monitoring products/Questionnaire | /Categories/Geographic scope/Country | /Categories/Languages/English | /Categories/DIEM pillars/Household monitoring system,/Categories/Catalog role/Discoverable product | /Categories/Countries/PAK | /Categories/DIEM pillars/Household monitoring system | /Categories/Geographic scope/Country | /Categories/Languages/English | /Categories/Monitoring products/Questionnaire | /Categories/Product types/Questionnaires,verified
448c2a3661ad482ab0afed496852513f,PAKISTAN - Household Questionnaire - Round1,Microsoft Excel,PAK,,Questionnaire,English,Country,medium,apply,,,,,,Not linked from the monitoring round table; inclusion and round require review,/Categories/Catalog role/Discoverable product | /Categories/Countries/PAK | /Categories/DIEM pillars/Household monitoring system | /Categories/Geographic scope/Country | /Categories/Languages/English | /Categories/Monitoring products/Questionnaire | /Categories/Product types/Questionnaires,/Categories/Catalog role/Discoverable product | /Categories/Product types/Questionnaires | /Categories/Countries/PAK | /Categories/Monitoring products/Questionnaire | /Categories/Geographic scope/Country | /Categories/Languages/English | /Categories/DIEM pillars/Household monitoring system,/Categories/Catalog role/Discoverable product | /Categories/Countries/PAK | /Categories/DIEM pillars/Household monitoring system | /Categories/Geographic scope/Country | /Categories/Languages/English | /Categories/Monitoring products/Questionnaire | /Categories/Product types/Questionnaires,verified
d41cd8787e1a4f0f8c42372c2680a1b3,Pakistan - Household Questionnaire - Round2,Microsoft Excel,PAK,Pakistan — Round 02,Questionnaire,English,Country,high,apply,,,,,,,/Categories/Catalog role/Discoverable product | /Categories/Countries/PAK | /Categories/DIEM pillars/Household monitoring system | /Categories/Geographic scope/Country | /Categories/Languages/English | /Categories/Monitoring products/Questionnaire | /Categories/Product types/Questionnaires,/Categories/Catalog role/Discoverable product | /Categories/Product types/Questionnaires | /Categories/Countries/PAK | /Categories/Monitoring products/Questionnaire | /Categories/Geographic scope/Country | /Categories/Languages/English | /Categories/DIEM pillars/Household monitoring system,/Categories/Catalog role/Discoverable product | /Categories/Countries/PAK | /Categories/DIEM pillars/Household monitoring system | /Categories/Geographic scope/Country | /Categories/Languages/English | /Categories/Monitoring products/Questionnaire | /Categories/Product types/Questionnaires,verified
f22b431e167e4b06a6c55bb6eec988a8,PAKISTAN - Household Questionnaire - Round3,Microsoft Excel,PAK,Pakistan — Round 03,Questionnaire,English,Country,high,apply,,,,,,,/Categories/Catalog role/Discoverable product | /Categories/Countries/PAK | /Categories/DIEM pillars/Household monitoring system | /Categories/Geographic scope/Country | /Categories/Languages/English | /Categories/Monitoring products/Questionnaire | /Categories/Product types/Questionnaires,/Categories/Catalog role/Discoverable product | /Categories/Product types/Questionnaires | /Categories/Countries/PAK | /Categories/Monitoring products/Questionnaire | /Categories/Geographic scope/Country | /Categories/Languages/English | /Categories/DIEM pillars/Household monitoring system,/Categories/Catalog role/Discoverable product | /Categories/Countries/PAK | /Categories/DIEM pillars/Household monitoring system | /Categories/Geographic scope/Country | /Categories/Languages/English | /Categories/Monitoring products/Questionnaire | /Categories/Product types/Questionnaires,verified
95d5ecd9eeae4d72bdf379ed6354961c,Palestine - Household Questionnaire - Round 1,Microsoft Excel,PSE,Palestine — Round 01,Questionnaire,English,Country,high,apply,,,,,,,/Categories/Catalog role/Discoverable product | /Categories/Countries/PSE | /Categories/DIEM pillars/Household monitoring system | /Categories/Geographic scope/Country | /Categories/Languages/English | /Categories/Monitoring products/Questionnaire | /Categories/Product types/Questionnaires,/Categories/Catalog role/Discoverable product | /Categories/Product types/Questionnaires | /Categories/Countries/PSE | /Categories/Monitoring products/Questionnaire | /Categories/Geographic scope/Country | /Categories/Languages/English | /Categories/DIEM pillars/Household monitoring system,/Categories/Catalog role/Discoverable product | /Categories/Countries/PSE | /Categories/DIEM pillars/Household monitoring system | /Categories/Geographic scope/Country | /Categories/Languages/English | /Categories/Monitoring products/Questionnaire | /Categories/Product types/Questionnaires,verified
550f8752dbd34f32a91b68228a5b1cc1,Palestine - Household Questionnaire - Round2,Microsoft Excel,PSE,Palestine — Round 02,Questionnaire,French,Country,high,apply,,,,,,,/Categories/Catalog role/Discoverable product | /Categories/Countries/PSE | /Categories/DIEM pillars/Household monitoring system | /Categories/Geographic scope/Country | /Categories/Languages/French | /Categories/Monitoring products/Questionnaire | /Categories/Product types/Questionnaires,/Categories/Catalog role/Discoverable product | /Categories/Product types/Questionnaires | /Categories/Countries/PSE | /Categories/Monitoring products/Questionnaire | /Categories/Geographic scope/Country | /Categories/Languages/French | /Categories/DIEM pillars/Household monitoring system,/Categories/Catalog role/Discoverable product | /Categories/Countries/PSE | /Categories/DIEM pillars/Household monitoring system | /Categories/Geographic scope/Country | /Categories/Languages/French | /Categories/Monitoring products/Questionnaire | /Categories/Product types/Questionnaires,verified
0c48a0e3ccc94fcdae349eefc2634352,Philippines - DIEM Monitoring Brief - Round 1,PDF,PHL,Philippines — Round 01,Country brief,English,Country,high,apply,,,,,,,/Categories/Catalog role/Discoverable product | /Categories/Countries/PHL | /Categories/DIEM pillars/Household monitoring system | /Categories/Geographic scope/Country | /Categories/Languages/English | /Categories/Monitoring products/Country brief | /Categories/Product types/Country Briefs,/Categories/Catalog role/Discoverable product | /Categories/Product types/Country Briefs | /Categories/Countries/PHL | /Categories/Monitoring products/Country brief | /Categories/Geographic scope/Country | /Categories/Languages/English | /Categories/DIEM pillars/Household monitoring system,/Categories/Catalog role/Discoverable product | /Categories/Countries/PHL | /Categories/DIEM pillars/Household monitoring system | /Categories/Geographic scope/Country | /Categories/Languages/English | /Categories/Monitoring products/Country brief | /Categories/Product types/Country Briefs,verified
82df717f9118490db29e799ff35e6b12,Philippines - DIEM Monitoring Brief - Round 2,PDF,PHL,Philippines — Round 02,Country brief,English,Country,high,apply,,,,,,,/Categories/Catalog role/Discoverable product | /Categories/Countries/PHL | /Categories/DIEM pillars/Household monitoring system | /Categories/Geographic scope/Country | /Categories/Languages/English | /Categories/Monitoring products/Country brief | /Categories/Product types/Country Briefs,/Categories/Catalog role/Discoverable product | /Categories/Product types/Country Briefs | /Categories/Countries/PHL | /Categories/Monitoring products/Country brief | /Categories/Geographic scope/Country | /Categories/Languages/English | /Categories/DIEM pillars/Household monitoring system,/Categories/Catalog role/Discoverable product | /Categories/Countries/PHL | /Categories/DIEM pillars/Household monitoring system | /Categories/Geographic scope/Country | /Categories/Languages/English | /Categories/Monitoring products/Country brief | /Categories/Product types/Country Briefs,verified
25074c489e4f4ff891ab7be38a194f31,PHILIPPINES - Household Questionnaire - Round1,Microsoft Excel,PHL,Philippines — Round 01,Questionnaire,English,Country,high,apply,,,,,,,/Categories/Catalog role/Discoverable product | /Categories/Countries/PHL | /Categories/DIEM pillars/Household monitoring system | /Categories/Geographic scope/Country | /Categories/Languages/English | /Categories/Monitoring products/Questionnaire | /Categories/Product types/Questionnaires,/Categories/Catalog role/Discoverable product | /Categories/Product types/Questionnaires | /Categories/Countries/PHL | /Categories/Monitoring products/Questionnaire | /Categories/Geographic scope/Country | /Categories/Languages/English | /Categories/DIEM pillars/Household monitoring system,/Categories/Catalog role/Discoverable product | /Categories/Countries/PHL | /Categories/DIEM pillars/Household monitoring system | /Categories/Geographic scope/Country | /Categories/Languages/English | /Categories/Monitoring products/Questionnaire | /Categories/Product types/Questionnaires,verified
cf901b0495d347299ee74a81a2bc1902,PHILIPPINES - Household Questionnaire - Round1,Microsoft Excel,PHL,,Questionnaire,English,Country,medium,apply,,,,,,Not linked from the monitoring round table; inclusion and round require review,/Categories/Catalog role/Discoverable product | /Categories/Countries/PHL | /Categories/DIEM pillars/Household monitoring system | /Categories/Geographic scope/Country | /Categories/Languages/English | /Categories/Monitoring products/Questionnaire | /Categories/Product types/Questionnaires,/Categories/Catalog role/Discoverable product | /Categories/Product types/Questionnaires | /Categories/Countries/PHL | /Categories/Monitoring products/Questionnaire | /Categories/Geographic scope/Country | /Categories/Languages/English | /Categories/DIEM pillars/Household monitoring system,/Categories/Catalog role/Discoverable product | /Categories/Countries/PHL | /Categories/DIEM pillars/Household monitoring system | /Categories/Geographic scope/Country | /Categories/Languages/English | /Categories/Monitoring products/Questionnaire | /Categories/Product types/Questionnaires,verified
bea79d39565b4f03ad69f84ee0397159,Philippines - Household Questionnaire - Round2,Microsoft Excel,PHL,Philippines — Round 02,Questionnaire,English,Country,high,apply,,,,,,,/Categories/Catalog role/Discoverable product | /Categories/Countries/PHL | /Categories/DIEM pillars/Household monitoring system | /Categories/Geographic scope/Country | /Categories/Languages/English | /Categories/Monitoring products/Questionnaire | /Categories/Product types/Questionnaires,/Categories/Catalog role/Discoverable product | /Categories/Product types/Questionnaires | /Categories/Countries/PHL | /Categories/Monitoring products/Questionnaire | /Categories/Geographic scope/Country | /Categories/Languages/English | /Categories/DIEM pillars/Household monitoring system,/Categories/Catalog role/Discoverable product | /Categories/Countries/PHL | /Categories/DIEM pillars/Household monitoring system | /Categories/Geographic scope/Country | /Categories/Languages/English | /Categories/Monitoring products/Questionnaire | /Categories/Product types/Questionnaires,verified
93b3718fc7504843886c890f9c3c8eb0,République centrafricaine - Bulletin de suivi DIEM - Cycle 5,Document Link,CAF,,Country brief,French,Country,medium,apply,,,,,,Not linked from the monitoring round table; inclusion and round require review,/Categories/Catalog role/Discoverable product | /Categories/Countries/CAF | /Categories/Geographic scope/Country | /Categories/Product types/Country Briefs,/Categories/Catalog role/Discoverable product | /Categories/Product types/Country Briefs | /Categories/Countries/CAF | /Categories/Monitoring products/Country brief | /Categories/Geographic scope/Country | /Categories/Languages/French | /Categories/DIEM pillars/Household monitoring system,/Categories/Catalog role/Discoverable product | /Categories/Countries/CAF | /Categories/DIEM pillars/Household monitoring system | /Categories/Geographic scope/Country | /Categories/Languages/French | /Categories/Monitoring products/Country brief | /Categories/Product types/Country Briefs,verified
eb8c4ec9747f48d68954f6bc37faba2b,République Centrafricaine - Bulletin de suivi DIEM - Cycle 6,Document Link,CAF,,Country brief,French,Country,medium,apply,,,,,,Not linked from the monitoring round table; inclusion and round require review,/Categories/Catalog role/Discoverable product | /Categories/Countries/CAF | /Categories/Geographic scope/Country | /Categories/Product types/Country Briefs,/Categories/Catalog role/Discoverable product | /Categories/Product types/Country Briefs | /Categories/Countries/CAF | /Categories/Monitoring products/Country brief | /Categories/Geographic scope/Country | /Categories/Languages/French | /Categories/DIEM pillars/Household monitoring system,/Categories/Catalog role/Discoverable product | /Categories/Countries/CAF | /Categories/DIEM pillars/Household monitoring system | /Categories/Geographic scope/Country | /Categories/Languages/French | /Categories/Monitoring products/Country brief | /Categories/Product types/Country Briefs,verified
d309aadf11e74ba1b9b432cbc0aae65c,République démocratique du Congo - Bulletin de suivi DIEM - Cycle 10,Document Link,COD,Democratic Republic of the Congo — Round 10,Country brief,French,Country,high,apply,,,,,,,/Categories/Catalog role/Discoverable product | /Categories/Countries/COD | /Categories/DIEM pillars/Household monitoring system | /Categories/Geographic scope/Country | /Categories/Languages/English | /Categories/Monitoring products/Country brief | /Categories/Product types/Country Briefs,/Categories/Catalog role/Discoverable product | /Categories/Product types/Country Briefs | /Categories/Countries/COD | /Categories/Monitoring products/Country brief | /Categories/Geographic scope/Country | /Categories/Languages/French | /Categories/DIEM pillars/Household monitoring system,/Categories/Catalog role/Discoverable product | /Categories/Countries/COD | /Categories/DIEM pillars/Household monitoring system | /Categories/Geographic scope/Country | /Categories/Languages/French | /Categories/Monitoring products/Country brief | /Categories/Product types/Country Briefs,verified
4a0aeb55af6342358dc027c549450750,République Démocratique du Congo - Bulletin de suivi DIEM - Cycle 7,Document Link,COD,,Country brief,French,Country,medium,apply,,,,,,Not linked from the monitoring round table; inclusion and round require review,/Categories/Catalog role/Discoverable product | /Categories/Countries/COD | /Categories/Geographic scope/Country | /Categories/Product types/Country Briefs,/Categories/Catalog role/Discoverable product | /Categories/Product types/Country Briefs | /Categories/Countries/COD | /Categories/Monitoring products/Country brief | /Categories/Geographic scope/Country | /Categories/Languages/French | /Categories/DIEM pillars/Household monitoring system,/Categories/Catalog role/Discoverable product | /Categories/Countries/COD | /Categories/DIEM pillars/Household monitoring system | /Categories/Geographic scope/Country | /Categories/Languages/French | /Categories/Monitoring products/Country brief | /Categories/Product types/Country Briefs,verified
6e98b0ebd98945848836c2fffd88a887,République démocratique du Congo - Bulletin de suivi DIEM - Cycle 8,Document Link,COD,Democratic Republic of the Congo — Round 08,Country brief,French,Country,high,apply,,,,,,,/Categories/Catalog role/Discoverable product | /Categories/Countries/COD | /Categories/DIEM pillars/Household monitoring system | /Categories/Geographic scope/Country | /Categories/Languages/English | /Categories/Monitoring products/Country brief | /Categories/Product types/Country Briefs,/Categories/Catalog role/Discoverable product | /Categories/Product types/Country Briefs | /Categories/Countries/COD | /Categories/Monitoring products/Country brief | /Categories/Geographic scope/Country | /Categories/Languages/French | /Categories/DIEM pillars/Household monitoring system,/Categories/Catalog role/Discoverable product | /Categories/Countries/COD | /Categories/DIEM pillars/Household monitoring system | /Categories/Geographic scope/Country | /Categories/Languages/French | /Categories/Monitoring products/Country brief | /Categories/Product types/Country Briefs,verified
68dad79bae3742e1b7ce8f0e628758a2,République Démocratique du Congo - DIEM Monitoring Brief - Round 3 (FR),Document Link,COD,,Country brief,French,Country,medium,apply,,,,,,Not linked from the monitoring round table; inclusion and round require review,/Categories/Catalog role/Discoverable product | /Categories/Countries/COD | /Categories/Geographic scope/Country | /Categories/Product types/Country Briefs,/Categories/Catalog role/Discoverable product | /Categories/Product types/Country Briefs | /Categories/Countries/COD | /Categories/Monitoring products/Country brief | /Categories/Geographic scope/Country | /Categories/Languages/French | /Categories/DIEM pillars/Household monitoring system,/Categories/Catalog role/Discoverable product | /Categories/Countries/COD | /Categories/DIEM pillars/Household monitoring system | /Categories/Geographic scope/Country | /Categories/Languages/French | /Categories/Monitoring products/Country brief | /Categories/Product types/Country Briefs,verified
e84765413c874d0ea9a0ab86f77ccf5c,"République démocratique du Congo - Note d’information DIEM-Suivi – cycle 11, mai 2026.",Document Link,COD,Democratic Republic of the Congo — Round 11,Country brief,French,Country,high,apply,,,,,,,/Categories/Catalog role/Discoverable product | /Categories/Countries/COD | /Categories/DIEM pillars/Household monitoring system | /Categories/Geographic scope/Country | /Categories/Languages/English | /Categories/Monitoring products/Country brief | /Categories/Product types/Other DIEM documents,/Categories/Catalog role/Discoverable product | /Categories/Product types/Other DIEM documents | /Categories/Countries/COD | /Categories/Monitoring products/Country brief | /Categories/Geographic scope/Country | /Categories/Languages/French | /Categories/DIEM pillars/Household monitoring system,/Categories/Catalog role/Discoverable product | /Categories/Countries/COD | /Categories/DIEM pillars/Household monitoring system | /Categories/Geographic scope/Country | /Categories/Languages/French | /Categories/Monitoring products/Country brief | /Categories/Product types/Other DIEM documents,verified
f7d093361f3f4f76a8dbf74f4c9476ed,Sierra Leone - DIEM Monitoring Brief - Round 10,Document Link,SLE,Sierra Leone — Round 10,Country brief,English,Country,high,apply,,,,,,,/Categories/Catalog role/Discoverable product | /Categories/Countries/SLE | /Categories/DIEM pillars/Household monitoring system | /Categories/Geographic scope/Country | /Categories/Languages/English | /Categories/Monitoring products/Country brief | /Categories/Product types/Country Briefs,/Categories/Catalog role/Discoverable product | /Categories/Product types/Country Briefs | /Categories/Countries/SLE | /Categories/Monitoring products/Country brief | /Categories/Geographic scope/Country | /Categories/Languages/English | /Categories/DIEM pillars/Household monitoring system,/Categories/Catalog role/Discoverable product | /Categories/Countries/SLE | /Categories/DIEM pillars/Household monitoring system | /Categories/Geographic scope/Country | /Categories/Languages/English | /Categories/Monitoring products/Country brief | /Categories/Product types/Country Briefs,verified
c3340ebf6a004224afdb8f592d896043,Sierra Leone - DIEM Monitoring Brief - Round 11,Document Link,SLE,Sierra Leone — Round 11,Country brief,English,Country,high,apply,,,,,,,/Categories/Catalog role/Discoverable product | /Categories/Countries/SLE | /Categories/DIEM pillars/Household monitoring system | /Categories/Geographic scope/Country | /Categories/Languages/English | /Categories/Monitoring products/Country brief | /Categories/Product types/Country Briefs,/Categories/Catalog role/Discoverable product | /Categories/Product types/Country Briefs | /Categories/Countries/SLE | /Categories/Monitoring products/Country brief | /Categories/Geographic scope/Country | /Categories/Languages/English | /Categories/DIEM pillars/Household monitoring system,/Categories/Catalog role/Discoverable product | /Categories/Countries/SLE | /Categories/DIEM pillars/Household monitoring system | /Categories/Geographic scope/Country | /Categories/Languages/English | /Categories/Monitoring products/Country brief | /Categories/Product types/Country Briefs,verified
a715b18eb2054a989a58535e785f17c5,Sierra Leone - DIEM Monitoring Brief - Round 12,Document Link,SLE,Sierra Leone — Round 12,Country brief,English,Country,high,apply,,,,,,,/Categories/Catalog role/Discoverable product | /Categories/Countries/SLE | /Categories/DIEM pillars/Household monitoring system | /Categories/Geographic scope/Country | /Categories/Languages/English | /Categories/Monitoring products/Country brief | /Categories/Product types/Country Briefs,/Categories/Catalog role/Discoverable product | /Categories/Product types/Country Briefs | /Categories/Countries/SLE | /Categories/Monitoring products/Country brief | /Categories/Geographic scope/Country | /Categories/Languages/English | /Categories/DIEM pillars/Household monitoring system,/Categories/Catalog role/Discoverable product | /Categories/Countries/SLE | /Categories/DIEM pillars/Household monitoring system | /Categories/Geographic scope/Country | /Categories/Languages/English | /Categories/Monitoring products/Country brief | /Categories/Product types/Country Briefs,verified
4e0c947f848f44908850f59e7d7dda94,Sierra Leone - DIEM Monitoring Brief - Round 13,Document Link,SLE,Sierra Leone — Round 13,Country brief,English,Country,high,apply,,,,,,,/Categories/Catalog role/Discoverable product | /Categories/Countries/SLE | /Categories/DIEM pillars/Household monitoring system | /Categories/Geographic scope/Country | /Categories/Languages/English | /Categories/Monitoring products/Country brief | /Categories/Product types/Country Briefs,/Categories/Catalog role/Discoverable product | /Categories/Product types/Country Briefs | /Categories/Countries/SLE | /Categories/Monitoring products/Country brief | /Categories/Geographic scope/Country | /Categories/Languages/English | /Categories/DIEM pillars/Household monitoring system,/Categories/Catalog role/Discoverable product | /Categories/Countries/SLE | /Categories/DIEM pillars/Household monitoring system | /Categories/Geographic scope/Country | /Categories/Languages/English | /Categories/Monitoring products/Country brief | /Categories/Product types/Country Briefs,verified
6455206992aa4dbb900fa9e342c10e7a,Sierra Leone - DIEM Monitoring Brief - Round 5-6,PDF,SLE,,Country brief,English,Country,medium,apply,,,,,,Not linked from the monitoring round table; inclusion and round require review,/Categories/Catalog role/Discoverable product | /Categories/Countries/SLE | /Categories/Geographic scope/Country | /Categories/Product types/Country Briefs,/Categories/Catalog role/Discoverable product | /Categories/Product types/Country Briefs | /Categories/Countries/SLE | /Categories/Monitoring products/Country brief | /Categories/Geographic scope/Country | /Categories/Languages/English | /Categories/DIEM pillars/Household monitoring system,/Categories/Catalog role/Discoverable product | /Categories/Countries/SLE | /Categories/DIEM pillars/Household monitoring system | /Categories/Geographic scope/Country | /Categories/Languages/English | /Categories/Monitoring products/Country brief | /Categories/Product types/Country Briefs,verified
ebe977fbc05a4d59b1d40e6c4db2a0a0,Sierra Leone - DIEM Monitoring Brief - Round 7,Document Link,SLE,Sierra Leone — Round 07,Country brief,English,Country,high,apply,,,,,,,/Categories/Catalog role/Discoverable product | /Categories/Countries/SLE | /Categories/DIEM pillars/Household monitoring system | /Categories/Geographic scope/Country | /Categories/Languages/English | /Categories/Monitoring products/Country brief | /Categories/Product types/Country Briefs,/Categories/Catalog role/Discoverable product | /Categories/Product types/Country Briefs | /Categories/Countries/SLE | /Categories/Monitoring products/Country brief | /Categories/Geographic scope/Country | /Categories/Languages/English | /Categories/DIEM pillars/Household monitoring system,/Categories/Catalog role/Discoverable product | /Categories/Countries/SLE | /Categories/DIEM pillars/Household monitoring system | /Categories/Geographic scope/Country | /Categories/Languages/English | /Categories/Monitoring products/Country brief | /Categories/Product types/Country Briefs,verified
72341329b9684b5ab477c3a57c058ed8,Sierra Leone - DIEM Monitoring Brief - Round 8,Document Link,SLE,Sierra Leone — Round 08,Country brief,English,Country,high,apply,,,,,,,/Categories/Catalog role/Discoverable product | /Categories/Countries/SLE | /Categories/DIEM pillars/Household monitoring system | /Categories/Geographic scope/Country | /Categories/Languages/English | /Categories/Monitoring products/Country brief | /Categories/Product types/Country Briefs,/Categories/Catalog role/Discoverable product | /Categories/Product types/Country Briefs | /Categories/Countries/SLE | /Categories/Monitoring products/Country brief | /Categories/Geographic scope/Country | /Categories/Languages/English | /Categories/DIEM pillars/Household monitoring system,/Categories/Catalog role/Discoverable product | /Categories/Countries/SLE | /Categories/DIEM pillars/Household monitoring system | /Categories/Geographic scope/Country | /Categories/Languages/English | /Categories/Monitoring products/Country brief | /Categories/Product types/Country Briefs,verified
80f3f9d159124575928b96d8e452c495,Sierra Leone - DIEM Monitoring Brief - Round 9,Document Link,SLE,Sierra Leone — Round 09,Country brief,English,Country,high,apply,,,,,,,/Categories/Catalog role/Discoverable product | /Categories/Countries/SLE | /Categories/DIEM pillars/Household monitoring system | /Categories/Geographic scope/Country | /Categories/Languages/English | /Categories/Monitoring products/Country brief | /Categories/Product types/Country Briefs,/Categories/Catalog role/Discoverable product | /Categories/Product types/Country Briefs | /Categories/Countries/SLE | /Categories/Monitoring products/Country brief | /Categories/Geographic scope/Country | /Categories/Languages/English | /Categories/DIEM pillars/Household monitoring system,/Categories/Catalog role/Discoverable product | /Categories/Countries/SLE | /Categories/DIEM pillars/Household monitoring system | /Categories/Geographic scope/Country | /Categories/Languages/English | /Categories/Monitoring products/Country brief | /Categories/Product types/Country Briefs,verified
4040425cfbab43e6a2afb716f53fe74e,Sierra Leone - Household Questionnaire - Round 11,Microsoft Excel,SLE,Sierra Leone — Round 11,Questionnaire,English,Country,high,apply,,,,,,,/Categories/Catalog role/Discoverable product | /Categories/Countries/SLE | /Categories/DIEM pillars/Household monitoring system | /Categories/Geographic scope/Country | /Categories/Languages/English | /Categories/Monitoring products/Questionnaire | /Categories/Product types/Questionnaires,/Categories/Catalog role/Discoverable product | /Categories/Product types/Questionnaires | /Categories/Countries/SLE | /Categories/Monitoring products/Questionnaire | /Categories/Geographic scope/Country | /Categories/Languages/English | /Categories/DIEM pillars/Household monitoring system,/Categories/Catalog role/Discoverable product | /Categories/Countries/SLE | /Categories/DIEM pillars/Household monitoring system | /Categories/Geographic scope/Country | /Categories/Languages/English | /Categories/Monitoring products/Questionnaire | /Categories/Product types/Questionnaires,verified
025d38c15d2842d1962aac16a1696bb5,Sierra Leone - Household Questionnaire - Round 13,Microsoft Excel,SLE,Sierra Leone — Round 13,Questionnaire,English,Country,high,apply,,,,,,,/Categories/Catalog role/Discoverable product | /Categories/Countries/SLE | /Categories/DIEM pillars/Household monitoring system | /Categories/Geographic scope/Country | /Categories/Languages/English | /Categories/Monitoring products/Questionnaire | /Categories/Product types/Questionnaires,/Categories/Catalog role/Discoverable product | /Categories/Product types/Questionnaires | /Categories/Countries/SLE | /Categories/Monitoring products/Questionnaire | /Categories/Geographic scope/Country | /Categories/Languages/English | /Categories/DIEM pillars/Household monitoring system,/Categories/Catalog role/Discoverable product | /Categories/Countries/SLE | /Categories/DIEM pillars/Household monitoring system | /Categories/Geographic scope/Country | /Categories/Languages/English | /Categories/Monitoring products/Questionnaire | /Categories/Product types/Questionnaires,verified
43fc0f6cd5414f4dae92f12358d4b211,Sierra Leone - Household Questionnaire - Round 8,Microsoft Excel,SLE,Sierra Leone — Round 08,Questionnaire,English,Country,high,apply,,,,,,,/Categories/Catalog role/Discoverable product | /Categories/Countries/SLE | /Categories/DIEM pillars/Household monitoring system | /Categories/Geographic scope/Country | /Categories/Languages/English | /Categories/Monitoring products/Questionnaire | /Categories/Product types/Questionnaires,/Categories/Catalog role/Discoverable product | /Categories/Product types/Questionnaires | /Categories/Countries/SLE | /Categories/Monitoring products/Questionnaire | /Categories/Geographic scope/Country | /Categories/Languages/English | /Categories/DIEM pillars/Household monitoring system,/Categories/Catalog role/Discoverable product | /Categories/Countries/SLE | /Categories/DIEM pillars/Household monitoring system | /Categories/Geographic scope/Country | /Categories/Languages/English | /Categories/Monitoring products/Questionnaire | /Categories/Product types/Questionnaires,verified
ded951999f92439db4b85577dc8da9a8,Sierra Leone - Household Questionnaire - Round 9,Microsoft Excel,SLE,Sierra Leone — Round 09,Questionnaire,English,Country,high,apply,,,,,,,/Categories/Catalog role/Discoverable product | /Categories/Countries/SLE | /Categories/DIEM pillars/Household monitoring system | /Categories/Geographic scope/Country | /Categories/Languages/English | /Categories/Monitoring products/Questionnaire | /Categories/Product types/Questionnaires,/Categories/Catalog role/Discoverable product | /Categories/Product types/Questionnaires | /Categories/Countries/SLE | /Categories/Monitoring products/Questionnaire | /Categories/Geographic scope/Country | /Categories/Languages/English | /Categories/DIEM pillars/Household monitoring system,/Categories/Catalog role/Discoverable product | /Categories/Countries/SLE | /Categories/DIEM pillars/Household monitoring system | /Categories/Geographic scope/Country | /Categories/Languages/English | /Categories/Monitoring products/Questionnaire | /Categories/Product types/Questionnaires,verified
22649506b566447f850b9995530ea32c,Sierra Leone - Household Questionnaire - Round1 ,Microsoft Excel,SLE,,Questionnaire,English,Country,medium,apply,,,,,,Not linked from the monitoring round table; inclusion and round require review,/Categories/Catalog role/Discoverable product | /Categories/Countries/SLE | /Categories/DIEM pillars/Household monitoring system | /Categories/Geographic scope/Country | /Categories/Languages/English | /Categories/Monitoring products/Questionnaire | /Categories/Product types/Questionnaires,/Categories/Catalog role/Discoverable product | /Categories/Product types/Questionnaires | /Categories/Countries/SLE | /Categories/Monitoring products/Questionnaire | /Categories/Geographic scope/Country | /Categories/Languages/English | /Categories/DIEM pillars/Household monitoring system,/Categories/Catalog role/Discoverable product | /Categories/Countries/SLE | /Categories/DIEM pillars/Household monitoring system | /Categories/Geographic scope/Country | /Categories/Languages/English | /Categories/Monitoring products/Questionnaire | /Categories/Product types/Questionnaires,verified
9f6b0fe3ad0c4b9386bc2a60b6eba6fd,Sierra Leone - Household Questionnaire - Round10,Microsoft Excel,SLE,Sierra Leone — Round 10,Questionnaire,English,Country,high,apply,,,,,,,/Categories/Catalog role/Discoverable product | /Categories/Countries/SLE | /Categories/DIEM pillars/Household monitoring system | /Categories/Geographic scope/Country | /Categories/Languages/English | /Categories/Monitoring products/Questionnaire | /Categories/Product types/Questionnaires,/Categories/Catalog role/Discoverable product | /Categories/Product types/Questionnaires | /Categories/Countries/SLE | /Categories/Monitoring products/Questionnaire | /Categories/Geographic scope/Country | /Categories/Languages/English | /Categories/DIEM pillars/Household monitoring system,/Categories/Catalog role/Discoverable product | /Categories/Countries/SLE | /Categories/DIEM pillars/Household monitoring system | /Categories/Geographic scope/Country | /Categories/Languages/English | /Categories/Monitoring products/Questionnaire | /Categories/Product types/Questionnaires,verified
48a689ef25d046a78d3ea0a5220168bc,Sierra Leone - Household Questionnaire - Round12,Microsoft Excel,SLE,Sierra Leone — Round 12,Questionnaire,English,Country,high,apply,,,,,,,/Categories/Catalog role/Discoverable product | /Categories/Countries/SLE | /Categories/DIEM pillars/Household monitoring system | /Categories/Geographic scope/Country | /Categories/Languages/English | /Categories/Monitoring products/Questionnaire | /Categories/Product types/Questionnaires,/Categories/Catalog role/Discoverable product | /Categories/Product types/Questionnaires | /Categories/Countries/SLE | /Categories/Monitoring products/Questionnaire | /Categories/Geographic scope/Country | /Categories/Languages/English | /Categories/DIEM pillars/Household monitoring system,/Categories/Catalog role/Discoverable product | /Categories/Countries/SLE | /Categories/DIEM pillars/Household monitoring system | /Categories/Geographic scope/Country | /Categories/Languages/English | /Categories/Monitoring products/Questionnaire | /Categories/Product types/Questionnaires,verified
ca67088a6f3f444fa3bbaa20a7fbfa11,Sierra Leone - Household Questionnaire - Round2,Microsoft Excel,SLE,Sierra Leone — Round 02,Questionnaire,English,Country,high,apply,,,,,,,/Categories/Catalog role/Discoverable product | /Categories/Countries/SLE | /Categories/DIEM pillars/Household monitoring system | /Categories/Geographic scope/Country | /Categories/Languages/English | /Categories/Monitoring products/Questionnaire | /Categories/Product types/Questionnaires,/Categories/Catalog role/Discoverable product | /Categories/Product types/Questionnaires | /Categories/Countries/SLE | /Categories/Monitoring products/Questionnaire | /Categories/Geographic scope/Country | /Categories/Languages/English | /Categories/DIEM pillars/Household monitoring system,/Categories/Catalog role/Discoverable product | /Categories/Countries/SLE | /Categories/DIEM pillars/Household monitoring system | /Categories/Geographic scope/Country | /Categories/Languages/English | /Categories/Monitoring products/Questionnaire | /Categories/Product types/Questionnaires,verified
c68ec1d324a14a17a957eae14cb2e8ea,Sierra Leone - Household Questionnaire - Round3,Microsoft Excel,SLE,,Questionnaire,English,Country,medium,apply,,,,,,Not linked from the monitoring round table; inclusion and round require review,/Categories/Catalog role/Discoverable product | /Categories/Countries/SLE | /Categories/DIEM pillars/Household monitoring system | /Categories/Geographic scope/Country | /Categories/Languages/English | /Categories/Monitoring products/Questionnaire | /Categories/Product types/Questionnaires,/Categories/Catalog role/Discoverable product | /Categories/Product types/Questionnaires | /Categories/Countries/SLE | /Categories/Monitoring products/Questionnaire | /Categories/Geographic scope/Country | /Categories/Languages/English | /Categories/DIEM pillars/Household monitoring system,/Categories/Catalog role/Discoverable product | /Categories/Countries/SLE | /Categories/DIEM pillars/Household monitoring system | /Categories/Geographic scope/Country | /Categories/Languages/English | /Categories/Monitoring products/Questionnaire | /Categories/Product types/Questionnaires,verified
a95f0d93ff674399b7400d813894b778,Sierra Leone - Household Questionnaire - Round4,Microsoft Excel,SLE,Sierra Leone — Round 03,Questionnaire,English,Country,high,apply,,,,,,,/Categories/Catalog role/Discoverable product | /Categories/Countries/SLE | /Categories/DIEM pillars/Household monitoring system | /Categories/Geographic scope/Country | /Categories/Languages/English | /Categories/Monitoring products/Questionnaire | /Categories/Product types/Questionnaires,/Categories/Catalog role/Discoverable product | /Categories/Product types/Questionnaires | /Categories/Countries/SLE | /Categories/Monitoring products/Questionnaire | /Categories/Geographic scope/Country | /Categories/Languages/English | /Categories/DIEM pillars/Household monitoring system,/Categories/Catalog role/Discoverable product | /Categories/Countries/SLE | /Categories/DIEM pillars/Household monitoring system | /Categories/Geographic scope/Country | /Categories/Languages/English | /Categories/Monitoring products/Questionnaire | /Categories/Product types/Questionnaires,verified
8fe4a7ac22234db3b18c783eb2635e40,Sierra Leone - Household Questionnaire - Round5,Microsoft Excel,SLE,Sierra Leone — Round 05,Questionnaire,English,Country,high,apply,,,,,,,/Categories/Catalog role/Discoverable product | /Categories/Countries/SLE | /Categories/DIEM pillars/Household monitoring system | /Categories/Geographic scope/Country | /Categories/Languages/English | /Categories/Monitoring products/Questionnaire | /Categories/Product types/Questionnaires,/Categories/Catalog role/Discoverable product | /Categories/Product types/Questionnaires | /Categories/Countries/SLE | /Categories/Monitoring products/Questionnaire | /Categories/Geographic scope/Country | /Categories/Languages/English | /Categories/DIEM pillars/Household monitoring system,/Categories/Catalog role/Discoverable product | /Categories/Countries/SLE | /Categories/DIEM pillars/Household monitoring system | /Categories/Geographic scope/Country | /Categories/Languages/English | /Categories/Monitoring products/Questionnaire | /Categories/Product types/Questionnaires,verified
e369e0bb78b04d6a86cab290e485c8aa,Sierra Leone - Household Questionnaire - Round5,Microsoft Excel,SLE,,Questionnaire,English,Country,medium,apply,,,,,,Not linked from the monitoring round table; inclusion and round require review,/Categories/Catalog role/Discoverable product | /Categories/Countries/SLE | /Categories/DIEM pillars/Household monitoring system | /Categories/Geographic scope/Country | /Categories/Languages/English | /Categories/Monitoring products/Questionnaire | /Categories/Product types/Questionnaires,/Categories/Catalog role/Discoverable product | /Categories/Product types/Questionnaires | /Categories/Countries/SLE | /Categories/Monitoring products/Questionnaire | /Categories/Geographic scope/Country | /Categories/Languages/English | /Categories/DIEM pillars/Household monitoring system,/Categories/Catalog role/Discoverable product | /Categories/Countries/SLE | /Categories/DIEM pillars/Household monitoring system | /Categories/Geographic scope/Country | /Categories/Languages/English | /Categories/Monitoring products/Questionnaire | /Categories/Product types/Questionnaires,verified
7d983bd5491043cea3a0c910fd149866,Sierra Leone - Household Questionnaire - Round6,Microsoft Excel,SLE,Sierra Leone — Round 06,Questionnaire,English,Country,high,apply,,,,,,,/Categories/Catalog role/Discoverable product | /Categories/Countries/SLE | /Categories/DIEM pillars/Household monitoring system | /Categories/Geographic scope/Country | /Categories/Languages/English | /Categories/Monitoring products/Questionnaire | /Categories/Product types/Questionnaires,/Categories/Catalog role/Discoverable product | /Categories/Product types/Questionnaires | /Categories/Countries/SLE | /Categories/Monitoring products/Questionnaire | /Categories/Geographic scope/Country | /Categories/Languages/English | /Categories/DIEM pillars/Household monitoring system,/Categories/Catalog role/Discoverable product | /Categories/Countries/SLE | /Categories/DIEM pillars/Household monitoring system | /Categories/Geographic scope/Country | /Categories/Languages/English | /Categories/Monitoring products/Questionnaire | /Categories/Product types/Questionnaires,verified
837035caa17e4569b3fcd78dbdfb1f13,Sierra Leone - Household Questionnaire - Round7,Microsoft Excel,SLE,,Questionnaire,English,Country,medium,apply,,,,,,Not linked from the monitoring round table; inclusion and round require review,/Categories/Catalog role/Discoverable product | /Categories/Countries/SLE | /Categories/DIEM pillars/Household monitoring system | /Categories/Geographic scope/Country | /Categories/Languages/English | /Categories/Monitoring products/Questionnaire | /Categories/Product types/Questionnaires,/Categories/Catalog role/Discoverable product | /Categories/Product types/Questionnaires | /Categories/Countries/SLE | /Categories/Monitoring products/Questionnaire | /Categories/Geographic scope/Country | /Categories/Languages/English | /Categories/DIEM pillars/Household monitoring system,/Categories/Catalog role/Discoverable product | /Categories/Countries/SLE | /Categories/DIEM pillars/Household monitoring system | /Categories/Geographic scope/Country | /Categories/Languages/English | /Categories/Monitoring products/Questionnaire | /Categories/Product types/Questionnaires,verified
dc9f4e98ad864dd2ae72ef2756e55af5,Sierra Leone - Presentation - Round 1,PDF,SLE,,Findings presentation,English,Country,medium,apply,,,,,,Not linked from the monitoring round table; inclusion and round require review,/Categories/Catalog role/Discoverable product | /Categories/Countries/SLE | /Categories/Geographic scope/Country | /Categories/Product types/Key Findings Presentations,/Categories/Catalog role/Discoverable product | /Categories/Product types/Key Findings Presentations | /Categories/Countries/SLE | /Categories/Monitoring products/Findings presentation | /Categories/Geographic scope/Country | /Categories/Languages/English | /Categories/DIEM pillars/Household monitoring system,/Categories/Catalog role/Discoverable product | /Categories/Countries/SLE | /Categories/DIEM pillars/Household monitoring system | /Categories/Geographic scope/Country | /Categories/Languages/English | /Categories/Monitoring products/Findings presentation | /Categories/Product types/Key Findings Presentations,verified
76c78536f44349d089c3f990fd0f6c49,Sierra Leone - Report - Round 1,PDF,SLE,,Report,English,Country,medium,apply,,,,,,Not linked from the monitoring round table; inclusion and round require review,/Categories/Catalog role/Discoverable product | /Categories/Countries/SLE | /Categories/Geographic scope/Country | /Categories/Product types/Country Briefs,/Categories/Catalog role/Discoverable product | /Categories/Product types/Country Briefs | /Categories/Countries/SLE | /Categories/Monitoring products/Report | /Categories/Geographic scope/Country | /Categories/Languages/English | /Categories/DIEM pillars/Household monitoring system,/Categories/Catalog role/Discoverable product | /Categories/Countries/SLE | /Categories/DIEM pillars/Household monitoring system | /Categories/Geographic scope/Country | /Categories/Languages/English | /Categories/Monitoring products/Report | /Categories/Product types/Country Briefs,verified
7d01d87d266245ee9c70f6602dc65e4f,Somalia - DIEM Monitoring Brief - Round 3,PDF,SOM,Somalia — Round 03,Country brief,English,Country,high,apply,,,,,,,/Categories/Catalog role/Discoverable product | /Categories/Countries/SOM | /Categories/DIEM pillars/Household monitoring system | /Categories/Geographic scope/Country | /Categories/Languages/English | /Categories/Monitoring products/Country brief | /Categories/Product types/Country Briefs,/Categories/Catalog role/Discoverable product | /Categories/Product types/Country Briefs | /Categories/Countries/SOM | /Categories/Monitoring products/Country brief | /Categories/Geographic scope/Country | /Categories/Languages/English | /Categories/DIEM pillars/Household monitoring system,/Categories/Catalog role/Discoverable product | /Categories/Countries/SOM | /Categories/DIEM pillars/Household monitoring system | /Categories/Geographic scope/Country | /Categories/Languages/English | /Categories/Monitoring products/Country brief | /Categories/Product types/Country Briefs,verified
a74facd46d65456baf8e25b68ab9ddcd,Somalia - DIEM Monitoring Brief - Round 4,Document Link,SOM,Somalia — Round 04,Country brief,English,Country,high,apply,,,,,,,/Categories/Catalog role/Discoverable product | /Categories/Countries/SOM | /Categories/DIEM pillars/Household monitoring system | /Categories/Geographic scope/Country | /Categories/Languages/English | /Categories/Monitoring products/Country brief | /Categories/Product types/Country Briefs,/Categories/Catalog role/Discoverable product | /Categories/Product types/Country Briefs | /Categories/Countries/SOM | /Categories/Monitoring products/Country brief | /Categories/Geographic scope/Country | /Categories/Languages/English | /Categories/DIEM pillars/Household monitoring system,/Categories/Catalog role/Discoverable product | /Categories/Countries/SOM | /Categories/DIEM pillars/Household monitoring system | /Categories/Geographic scope/Country | /Categories/Languages/English | /Categories/Monitoring products/Country brief | /Categories/Product types/Country Briefs,verified
e01423f40b284e4caa3940013d9caab2,Somalia - DIEM Monitoring Brief - Round 5,Document Link,SOM,Somalia — Round 05,Country brief,English,Country,high,apply,,,,,,,/Categories/Catalog role/Discoverable product | /Categories/Countries/SOM | /Categories/DIEM pillars/Household monitoring system | /Categories/Geographic scope/Country | /Categories/Languages/English | /Categories/Monitoring products/Country brief | /Categories/Product types/Country Briefs,/Categories/Catalog role/Discoverable product | /Categories/Product types/Country Briefs | /Categories/Countries/SOM | /Categories/Monitoring products/Country brief | /Categories/Geographic scope/Country | /Categories/Languages/English | /Categories/DIEM pillars/Household monitoring system,/Categories/Catalog role/Discoverable product | /Categories/Countries/SOM | /Categories/DIEM pillars/Household monitoring system | /Categories/Geographic scope/Country | /Categories/Languages/English | /Categories/Monitoring products/Country brief | /Categories/Product types/Country Briefs,verified
34060c145ff643de8bcac49892f64694,Somalia - DIEM Monitoring Brief - Round 6,Document Link,SOM,Somalia — Round 06,Country brief,English,Country,high,apply,,,,,,,/Categories/Catalog role/Discoverable product | /Categories/Countries/SOM | /Categories/DIEM pillars/Household monitoring system | /Categories/Geographic scope/Country | /Categories/Languages/English | /Categories/Monitoring products/Country brief | /Categories/Product types/Country Briefs,/Categories/Catalog role/Discoverable product | /Categories/Product types/Country Briefs | /Categories/Countries/SOM | /Categories/Monitoring products/Country brief | /Categories/Geographic scope/Country | /Categories/Languages/English | /Categories/DIEM pillars/Household monitoring system,/Categories/Catalog role/Discoverable product | /Categories/Countries/SOM | /Categories/DIEM pillars/Household monitoring system | /Categories/Geographic scope/Country | /Categories/Languages/English | /Categories/Monitoring products/Country brief | /Categories/Product types/Country Briefs,verified
dd454eff2d38452aaae9819701408398,Somalia - Household Questionnaire - Round 5,Microsoft Excel,SOM,Somalia — Round 05,Questionnaire,English,Country,high,apply,,,,,,,/Categories/Catalog role/Discoverable product | /Categories/Countries/SOM | /Categories/DIEM pillars/Household monitoring system | /Categories/Geographic scope/Country | /Categories/Languages/English | /Categories/Monitoring products/Questionnaire | /Categories/Product types/Questionnaires,/Categories/Catalog role/Discoverable product | /Categories/Product types/Questionnaires | /Categories/Countries/SOM | /Categories/Monitoring products/Questionnaire | /Categories/Geographic scope/Country | /Categories/Languages/English | /Categories/DIEM pillars/Household monitoring system,/Categories/Catalog role/Discoverable product | /Categories/Countries/SOM | /Categories/DIEM pillars/Household monitoring system | /Categories/Geographic scope/Country | /Categories/Languages/English | /Categories/Monitoring products/Questionnaire | /Categories/Product types/Questionnaires,verified
2800a728baea4ed0830a44d4bcee8fc2,Somalia - Household Questionnaire - Round 6,Microsoft Excel,SOM,Somalia — Round 06,Questionnaire,English,Country,high,apply,,,,,,,/Categories/Catalog role/Discoverable product | /Categories/Countries/SOM | /Categories/DIEM pillars/Household monitoring system | /Categories/Geographic scope/Country | /Categories/Languages/English | /Categories/Monitoring products/Questionnaire | /Categories/Product types/Questionnaires,/Categories/Catalog role/Discoverable product | /Categories/Product types/Questionnaires | /Categories/Countries/SOM | /Categories/Monitoring products/Questionnaire | /Categories/Geographic scope/Country | /Categories/Languages/English | /Categories/DIEM pillars/Household monitoring system,/Categories/Catalog role/Discoverable product | /Categories/Countries/SOM | /Categories/DIEM pillars/Household monitoring system | /Categories/Geographic scope/Country | /Categories/Languages/English | /Categories/Monitoring products/Questionnaire | /Categories/Product types/Questionnaires,verified
bd536dbe9b4d496aa8a1d59797626df2,SOMALIA - Household Questionnaire - Round1 ,Microsoft Excel,SOM,,Questionnaire,English,Country,medium,apply,,,,,,Not linked from the monitoring round table; inclusion and round require review,/Categories/Catalog role/Discoverable product | /Categories/Countries/SOM | /Categories/DIEM pillars/Household monitoring system | /Categories/Geographic scope/Country | /Categories/Languages/English | /Categories/Monitoring products/Questionnaire | /Categories/Product types/Questionnaires,/Categories/Catalog role/Discoverable product | /Categories/Product types/Questionnaires | /Categories/Countries/SOM | /Categories/Monitoring products/Questionnaire | /Categories/Geographic scope/Country | /Categories/Languages/English | /Categories/DIEM pillars/Household monitoring system,/Categories/Catalog role/Discoverable product | /Categories/Countries/SOM | /Categories/DIEM pillars/Household monitoring system | /Categories/Geographic scope/Country | /Categories/Languages/English | /Categories/Monitoring products/Questionnaire | /Categories/Product types/Questionnaires,verified
ed8bb301d1e747fab864d5071055ab88,Somalia - Household Questionnaire - Round2,Microsoft Excel,SOM,Somalia — Round 02,Questionnaire,English,Country,high,apply,,,,,,,/Categories/Catalog role/Discoverable product | /Categories/Countries/SOM | /Categories/DIEM pillars/Household monitoring system | /Categories/Geographic scope/Country | /Categories/Languages/English | /Categories/Monitoring products/Questionnaire | /Categories/Product types/Questionnaires,/Categories/Catalog role/Discoverable product | /Categories/Product types/Questionnaires | /Categories/Countries/SOM | /Categories/Monitoring products/Questionnaire | /Categories/Geographic scope/Country | /Categories/Languages/English | /Categories/DIEM pillars/Household monitoring system,/Categories/Catalog role/Discoverable product | /Categories/Countries/SOM | /Categories/DIEM pillars/Household monitoring system | /Categories/Geographic scope/Country | /Categories/Languages/English | /Categories/Monitoring products/Questionnaire | /Categories/Product types/Questionnaires,verified
ef2ef0d9485746a7953a78fea5fc3cbd,SOMALIA - Household Questionnaire - Round3,Microsoft Excel,SOM,Somalia — Round 03,Questionnaire,English,Country,high,apply,,,,,,,/Categories/Catalog role/Discoverable product | /Categories/Countries/SOM | /Categories/DIEM pillars/Household monitoring system | /Categories/Geographic scope/Country | /Categories/Languages/English | /Categories/Monitoring products/Questionnaire | /Categories/Product types/Questionnaires,/Categories/Catalog role/Discoverable product | /Categories/Product types/Questionnaires | /Categories/Countries/SOM | /Categories/Monitoring products/Questionnaire | /Categories/Geographic scope/Country | /Categories/Languages/English | /Categories/DIEM pillars/Household monitoring system,/Categories/Catalog role/Discoverable product | /Categories/Countries/SOM | /Categories/DIEM pillars/Household monitoring system | /Categories/Geographic scope/Country | /Categories/Languages/English | /Categories/Monitoring products/Questionnaire | /Categories/Product types/Questionnaires,verified
ecaa8704b011441899d625db24cf7d0d,SOMALIA - Household Questionnaire - Round4,Microsoft Excel,SOM,Somalia — Round 04,Questionnaire,English,Country,high,apply,,,,,,,/Categories/Catalog role/Discoverable product | /Categories/Countries/SOM | /Categories/DIEM pillars/Household monitoring system | /Categories/Geographic scope/Country | /Categories/Languages/English | /Categories/Monitoring products/Questionnaire | /Categories/Product types/Questionnaires,/Categories/Catalog role/Discoverable product | /Categories/Product types/Questionnaires | /Categories/Countries/SOM | /Categories/Monitoring products/Questionnaire | /Categories/Geographic scope/Country | /Categories/Languages/English | /Categories/DIEM pillars/Household monitoring system,/Categories/Catalog role/Discoverable product | /Categories/Countries/SOM | /Categories/DIEM pillars/Household monitoring system | /Categories/Geographic scope/Country | /Categories/Languages/English | /Categories/Monitoring products/Questionnaire | /Categories/Product types/Questionnaires,verified
15839bf5b1184f748ebf7a987ea40302,Somalia - Presentation - Round 1,PDF,SOM,,Findings presentation,English,Country,medium,apply,,,,,,Not linked from the monitoring round table; inclusion and round require review,/Categories/Catalog role/Discoverable product | /Categories/Countries/SOM | /Categories/Geographic scope/Country | /Categories/Product types/Key Findings Presentations,/Categories/Catalog role/Discoverable product | /Categories/Product types/Key Findings Presentations | /Categories/Countries/SOM | /Categories/Monitoring products/Findings presentation | /Categories/Geographic scope/Country | /Categories/Languages/English | /Categories/DIEM pillars/Household monitoring system,/Categories/Catalog role/Discoverable product | /Categories/Countries/SOM | /Categories/DIEM pillars/Household monitoring system | /Categories/Geographic scope/Country | /Categories/Languages/English | /Categories/Monitoring products/Findings presentation | /Categories/Product types/Key Findings Presentations,verified
47438c56820a467fa0ac5e859ab70394,Somalia - Presentation - Round 2,PDF,SOM,,Findings presentation,English,Country,medium,apply,,,,,,Not linked from the monitoring round table; inclusion and round require review,/Categories/Catalog role/Discoverable product | /Categories/Countries/SOM | /Categories/Geographic scope/Country | /Categories/Product types/Key Findings Presentations,/Categories/Catalog role/Discoverable product | /Categories/Product types/Key Findings Presentations | /Categories/Countries/SOM | /Categories/Monitoring products/Findings presentation | /Categories/Geographic scope/Country | /Categories/Languages/English | /Categories/DIEM pillars/Household monitoring system,/Categories/Catalog role/Discoverable product | /Categories/Countries/SOM | /Categories/DIEM pillars/Household monitoring system | /Categories/Geographic scope/Country | /Categories/Languages/English | /Categories/Monitoring products/Findings presentation | /Categories/Product types/Key Findings Presentations,verified
38ad332a364f48ad9bfb533e25222f2a,Somalia - Presentation - Round 3,PDF,SOM,,Findings presentation,English,Country,medium,apply,,,,,,Not linked from the monitoring round table; inclusion and round require review,/Categories/Catalog role/Discoverable product | /Categories/Countries/SOM | /Categories/Geographic scope/Country | /Categories/Product types/Key Findings Presentations,/Categories/Catalog role/Discoverable product | /Categories/Product types/Key Findings Presentations | /Categories/Countries/SOM | /Categories/Monitoring products/Findings presentation | /Categories/Geographic scope/Country | /Categories/Languages/English | /Categories/DIEM pillars/Household monitoring system,/Categories/Catalog role/Discoverable product | /Categories/Countries/SOM | /Categories/DIEM pillars/Household monitoring system | /Categories/Geographic scope/Country | /Categories/Languages/English | /Categories/Monitoring products/Findings presentation | /Categories/Product types/Key Findings Presentations,verified
74342e8c7cfd44f3b9ed887941ce47c6,Somalia - Presentation - Round 4,PDF,SOM,Somalia — Round 04,Findings presentation,English,Country,high,apply,,,,,,,/Categories/Catalog role/Discoverable product | /Categories/Countries/SOM | /Categories/DIEM pillars/Household monitoring system | /Categories/Geographic scope/Country | /Categories/Languages/English | /Categories/Monitoring products/Findings presentation | /Categories/Product types/Key Findings Presentations,/Categories/Catalog role/Discoverable product | /Categories/Product types/Key Findings Presentations | /Categories/Countries/SOM | /Categories/Monitoring products/Findings presentation | /Categories/Geographic scope/Country | /Categories/Languages/English | /Categories/DIEM pillars/Household monitoring system,/Categories/Catalog role/Discoverable product | /Categories/Countries/SOM | /Categories/DIEM pillars/Household monitoring system | /Categories/Geographic scope/Country | /Categories/Languages/English | /Categories/Monitoring products/Findings presentation | /Categories/Product types/Key Findings Presentations,verified
4ae79f245aaf4b71a70e12290f1f83bc,Somalia - Report - Round 1,PDF,SOM,,Report,English,Country,medium,apply,,,,,,Not linked from the monitoring round table; inclusion and round require review,/Categories/Catalog role/Discoverable product | /Categories/Countries/SOM | /Categories/Geographic scope/Country | /Categories/Product types/Country Briefs,/Categories/Catalog role/Discoverable product | /Categories/Product types/Country Briefs | /Categories/Countries/SOM | /Categories/Monitoring products/Report | /Categories/Geographic scope/Country | /Categories/Languages/English | /Categories/DIEM pillars/Household monitoring system,/Categories/Catalog role/Discoverable product | /Categories/Countries/SOM | /Categories/DIEM pillars/Household monitoring system | /Categories/Geographic scope/Country | /Categories/Languages/English | /Categories/Monitoring products/Report | /Categories/Product types/Country Briefs,verified
5fc4bde7f60f4607abb178c9915c6395,Somalia - Report - Round 1,PDF,SOM,,Report,English,Country,medium,apply,,,,,,Not linked from the monitoring round table; inclusion and round require review,/Categories/Catalog role/Discoverable product | /Categories/Countries/SOM | /Categories/Geographic scope/Country | /Categories/Product types/Country Briefs,/Categories/Catalog role/Discoverable product | /Categories/Product types/Country Briefs | /Categories/Countries/SOM | /Categories/Monitoring products/Report | /Categories/Geographic scope/Country | /Categories/Languages/English | /Categories/DIEM pillars/Household monitoring system,/Categories/Catalog role/Discoverable product | /Categories/Countries/SOM | /Categories/DIEM pillars/Household monitoring system | /Categories/Geographic scope/Country | /Categories/Languages/English | /Categories/Monitoring products/Report | /Categories/Product types/Country Briefs,verified
aa2dd05ad9bf43978c2393595f8d08c2,Somalia -  Report - Round 2,PDF,SOM,,Report,English,Country,medium,apply,,,,,,Not linked from the monitoring round table; inclusion and round require review,/Categories/Catalog role/Discoverable product | /Categories/Countries/SOM | /Categories/Geographic scope/Country | /Categories/Product types/Country Briefs,/Categories/Catalog role/Discoverable product | /Categories/Product types/Country Briefs | /Categories/Countries/SOM | /Categories/Monitoring products/Report | /Categories/Geographic scope/Country | /Categories/Languages/English | /Categories/DIEM pillars/Household monitoring system,/Categories/Catalog role/Discoverable product | /Categories/Countries/SOM | /Categories/DIEM pillars/Household monitoring system | /Categories/Geographic scope/Country | /Categories/Languages/English | /Categories/Monitoring products/Report | /Categories/Product types/Country Briefs,verified
d5b4e2dcefe648a0a9bc3d791af837a3,Somalia - Report - Round 3,PDF,SOM,,Report,English,Country,medium,apply,,,,,,Not linked from the monitoring round table; inclusion and round require review,/Categories/Catalog role/Discoverable product | /Categories/Countries/SOM | /Categories/Geographic scope/Country | /Categories/Product types/Country Briefs,/Categories/Catalog role/Discoverable product | /Categories/Product types/Country Briefs | /Categories/Countries/SOM | /Categories/Monitoring products/Report | /Categories/Geographic scope/Country | /Categories/Languages/English | /Categories/DIEM pillars/Household monitoring system,/Categories/Catalog role/Discoverable product | /Categories/Countries/SOM | /Categories/DIEM pillars/Household monitoring system | /Categories/Geographic scope/Country | /Categories/Languages/English | /Categories/Monitoring products/Report | /Categories/Product types/Country Briefs,verified
c7fbf2b0d17e48eface683a48aa11041,South Sudan - DIEM Monitoring Brief - Round 3,Document Link,SSD,South Sudan — Round 03,Country brief,English,Country,high,apply,,,,,,,/Categories/Catalog role/Discoverable product | /Categories/Countries/SSD | /Categories/DIEM pillars/Household monitoring system | /Categories/Geographic scope/Country | /Categories/Languages/English | /Categories/Monitoring products/Country brief | /Categories/Product types/Country Briefs,/Categories/Catalog role/Discoverable product | /Categories/Product types/Country Briefs | /Categories/Countries/SSD | /Categories/Monitoring products/Country brief | /Categories/Geographic scope/Country | /Categories/Languages/English | /Categories/DIEM pillars/Household monitoring system,/Categories/Catalog role/Discoverable product | /Categories/Countries/SSD | /Categories/DIEM pillars/Household monitoring system | /Categories/Geographic scope/Country | /Categories/Languages/English | /Categories/Monitoring products/Country brief | /Categories/Product types/Country Briefs,verified
952c73c3e7db499cba7f46bc3bc7d2ad,South Sudan - DIEM Monitoring Brief - Round 4,Document Link,SSD,South Sudan — Round 04,Country brief,English,Country,high,apply,,,,,,,/Categories/Catalog role/Discoverable product | /Categories/Countries/SSD | /Categories/DIEM pillars/Household monitoring system | /Categories/Geographic scope/Country | /Categories/Languages/English | /Categories/Monitoring products/Country brief | /Categories/Product types/Country Briefs,/Categories/Catalog role/Discoverable product | /Categories/Product types/Country Briefs | /Categories/Countries/SSD | /Categories/Monitoring products/Country brief | /Categories/Geographic scope/Country | /Categories/Languages/English | /Categories/DIEM pillars/Household monitoring system,/Categories/Catalog role/Discoverable product | /Categories/Countries/SSD | /Categories/DIEM pillars/Household monitoring system | /Categories/Geographic scope/Country | /Categories/Languages/English | /Categories/Monitoring products/Country brief | /Categories/Product types/Country Briefs,verified
d8899928660d4c219d50e1e37e7aa5e2,South Sudan - Household Questionnaire - Round3,Microsoft Excel,SSD,South Sudan — Round 03,Questionnaire,English,Country,high,apply,,,,,,,/Categories/Catalog role/Discoverable product | /Categories/Countries/SSD | /Categories/DIEM pillars/Household monitoring system | /Categories/Geographic scope/Country | /Categories/Languages/English | /Categories/Monitoring products/Questionnaire | /Categories/Product types/Questionnaires,/Categories/Catalog role/Discoverable product | /Categories/Product types/Questionnaires | /Categories/Countries/SSD | /Categories/Monitoring products/Questionnaire | /Categories/Geographic scope/Country | /Categories/Languages/English | /Categories/DIEM pillars/Household monitoring system,/Categories/Catalog role/Discoverable product | /Categories/Countries/SSD | /Categories/DIEM pillars/Household monitoring system | /Categories/Geographic scope/Country | /Categories/Languages/English | /Categories/Monitoring products/Questionnaire | /Categories/Product types/Questionnaires,verified
a93979ac2e0449348ae9776a15188121,South Sudan - Household Questionnaire - Round4,Microsoft Excel,SSD,South Sudan — Round 04,Questionnaire,French,Country,high,apply,,,,,,,/Categories/Catalog role/Discoverable product | /Categories/Countries/SSD | /Categories/DIEM pillars/Household monitoring system | /Categories/Geographic scope/Country | /Categories/Languages/French | /Categories/Monitoring products/Questionnaire | /Categories/Product types/Questionnaires,/Categories/Catalog role/Discoverable product | /Categories/Product types/Questionnaires | /Categories/Countries/SSD | /Categories/Monitoring products/Questionnaire | /Categories/Geographic scope/Country | /Categories/Languages/French | /Categories/DIEM pillars/Household monitoring system,/Categories/Catalog role/Discoverable product | /Categories/Countries/SSD | /Categories/DIEM pillars/Household monitoring system | /Categories/Geographic scope/Country | /Categories/Languages/French | /Categories/Monitoring products/Questionnaire | /Categories/Product types/Questionnaires,verified
8fd49ff486994f44a50f485bffc744e1,South Sudan - Household Questionnaire - Round5,Microsoft Excel,SSD,South Sudan — Round 05,Questionnaire,French,Country,high,apply,,,,,,,/Categories/Catalog role/Discoverable product | /Categories/Countries/SSD | /Categories/DIEM pillars/Household monitoring system | /Categories/Geographic scope/Country | /Categories/Languages/French | /Categories/Monitoring products/Questionnaire | /Categories/Product types/Questionnaires,/Categories/Catalog role/Discoverable product | /Categories/Product types/Questionnaires | /Categories/Countries/SSD | /Categories/Monitoring products/Questionnaire | /Categories/Geographic scope/Country | /Categories/Languages/French | /Categories/DIEM pillars/Household monitoring system,/Categories/Catalog role/Discoverable product | /Categories/Countries/SSD | /Categories/DIEM pillars/Household monitoring system | /Categories/Geographic scope/Country | /Categories/Languages/French | /Categories/Monitoring products/Questionnaire | /Categories/Product types/Questionnaires,verified
37c29510caff4277b1d91b377d7cc35a,South Sudan - Presentation - Round 2,PDF,SSD,,Findings presentation,English,Country,medium,apply,,,,,,Not linked from the monitoring round table; inclusion and round require review,/Categories/Catalog role/Discoverable product | /Categories/Countries/SSD | /Categories/Geographic scope/Country | /Categories/Product types/Key Findings Presentations,/Categories/Catalog role/Discoverable product | /Categories/Product types/Key Findings Presentations | /Categories/Countries/SSD | /Categories/Monitoring products/Findings presentation | /Categories/Geographic scope/Country | /Categories/Languages/English | /Categories/DIEM pillars/Household monitoring system,/Categories/Catalog role/Discoverable product | /Categories/Countries/SSD | /Categories/DIEM pillars/Household monitoring system | /Categories/Geographic scope/Country | /Categories/Languages/English | /Categories/Monitoring products/Findings presentation | /Categories/Product types/Key Findings Presentations,verified
d480fdf75d334d6d82b174870ddcd9aa,South Sudan - Report - Round 1,PDF,SSD,,Report,English,Country,medium,apply,,,,,,Not linked from the monitoring round table; inclusion and round require review,/Categories/Catalog role/Discoverable product | /Categories/Countries/SSD | /Categories/Geographic scope/Country | /Categories/Product types/Country Briefs,/Categories/Catalog role/Discoverable product | /Categories/Product types/Country Briefs | /Categories/Countries/SSD | /Categories/Monitoring products/Report | /Categories/Geographic scope/Country | /Categories/Languages/English | /Categories/DIEM pillars/Household monitoring system,/Categories/Catalog role/Discoverable product | /Categories/Countries/SSD | /Categories/DIEM pillars/Household monitoring system | /Categories/Geographic scope/Country | /Categories/Languages/English | /Categories/Monitoring products/Report | /Categories/Product types/Country Briefs,verified
efddd64d455649f2ab6e1c2f9e3ef10b,Sri Lanka - DIEM Monitoring Brief - Round 1,Document Link,LKA,Sri Lanka — Round 01,Country brief,English,Country,high,apply,,,,,,,/Categories/Catalog role/Discoverable product | /Categories/Countries/LKA | /Categories/DIEM pillars/Household monitoring system | /Categories/Geographic scope/Country | /Categories/Languages/English | /Categories/Monitoring products/Country brief | /Categories/Product types/Country Briefs,/Categories/Catalog role/Discoverable product | /Categories/Product types/Country Briefs | /Categories/Countries/LKA | /Categories/Monitoring products/Country brief | /Categories/Geographic scope/Country | /Categories/Languages/English | /Categories/DIEM pillars/Household monitoring system,/Categories/Catalog role/Discoverable product | /Categories/Countries/LKA | /Categories/DIEM pillars/Household monitoring system | /Categories/Geographic scope/Country | /Categories/Languages/English | /Categories/Monitoring products/Country brief | /Categories/Product types/Country Briefs,verified
8e597a8118d4486b8b7d8215b508aece,Sri Lanka - Household Questionnaire - Round 1,Microsoft Excel,LKA,Sri Lanka — Round 01,Questionnaire,English,Country,high,apply,,,,,,,/Categories/Catalog role/Discoverable product | /Categories/Countries/LKA | /Categories/DIEM pillars/Household monitoring system | /Categories/Geographic scope/Country | /Categories/Languages/English | /Categories/Monitoring products/Questionnaire | /Categories/Product types/Questionnaires,/Categories/Catalog role/Discoverable product | /Categories/Product types/Questionnaires | /Categories/Countries/LKA | /Categories/Monitoring products/Questionnaire | /Categories/Geographic scope/Country | /Categories/Languages/English | /Categories/DIEM pillars/Household monitoring system,/Categories/Catalog role/Discoverable product | /Categories/Countries/LKA | /Categories/DIEM pillars/Household monitoring system | /Categories/Geographic scope/Country | /Categories/Languages/English | /Categories/Monitoring products/Questionnaire | /Categories/Product types/Questionnaires,verified
71644ffa7fec43bea636bdb65768e384,Sudan - DIEM Monitoring Brief - Round 3,Document Link,SDN,,Country brief,English,Country,medium,apply,,,,,,Not linked from the monitoring round table; inclusion and round require review,/Categories/Catalog role/Discoverable product | /Categories/Countries/SDN | /Categories/Geographic scope/Country | /Categories/Product types/Country Briefs,/Categories/Catalog role/Discoverable product | /Categories/Product types/Country Briefs | /Categories/Countries/SDN | /Categories/Monitoring products/Country brief | /Categories/Geographic scope/Country | /Categories/Languages/English | /Categories/DIEM pillars/Household monitoring system,/Categories/Catalog role/Discoverable product | /Categories/Countries/SDN | /Categories/DIEM pillars/Household monitoring system | /Categories/Geographic scope/Country | /Categories/Languages/English | /Categories/Monitoring products/Country brief | /Categories/Product types/Country Briefs,verified
27945709e2854406874f8aa95562021d,Sudan - DIEM Monitoring Brief - Round 4,Document Link,SDN,,Country brief,English,Country,medium,apply,,,,,,Not linked from the monitoring round table; inclusion and round require review,/Categories/Catalog role/Discoverable product | /Categories/Countries/SDN | /Categories/Geographic scope/Country | /Categories/Product types/Country Briefs,/Categories/Catalog role/Discoverable product | /Categories/Product types/Country Briefs | /Categories/Countries/SDN | /Categories/Monitoring products/Country brief | /Categories/Geographic scope/Country | /Categories/Languages/English | /Categories/DIEM pillars/Household monitoring system,/Categories/Catalog role/Discoverable product | /Categories/Countries/SDN | /Categories/DIEM pillars/Household monitoring system | /Categories/Geographic scope/Country | /Categories/Languages/English | /Categories/Monitoring products/Country brief | /Categories/Product types/Country Briefs,verified
2bb53a3f34154801b7ec53a7f20e37b3,Sudan - Household Questionnaire - Round 7,Microsoft Excel,SDN,Sudan — Round 07,Questionnaire,English,Country,high,apply,,,,,,,/Categories/Catalog role/Discoverable product | /Categories/Countries/SDN | /Categories/DIEM pillars/Household monitoring system | /Categories/Geographic scope/Country | /Categories/Languages/English | /Categories/Monitoring products/Questionnaire | /Categories/Product types/Questionnaires,/Categories/Catalog role/Discoverable product | /Categories/Product types/Questionnaires | /Categories/Countries/SDN | /Categories/Monitoring products/Questionnaire | /Categories/Geographic scope/Country | /Categories/Languages/English | /Categories/DIEM pillars/Household monitoring system,/Categories/Catalog role/Discoverable product | /Categories/Countries/SDN | /Categories/DIEM pillars/Household monitoring system | /Categories/Geographic scope/Country | /Categories/Languages/English | /Categories/Monitoring products/Questionnaire | /Categories/Product types/Questionnaires,verified
9bef06ae0b36419b84a68fdff9a6b9ce,Sudan - Household Questionnaire - Round3,Microsoft Excel,SDN,Sudan — Round 03,Questionnaire,English,Country,high,apply,,,,,,,/Categories/Catalog role/Discoverable product | /Categories/Countries/SDN | /Categories/DIEM pillars/Household monitoring system | /Categories/Geographic scope/Country | /Categories/Languages/English | /Categories/Monitoring products/Questionnaire | /Categories/Product types/Questionnaires,/Categories/Catalog role/Discoverable product | /Categories/Product types/Questionnaires | /Categories/Countries/SDN | /Categories/Monitoring products/Questionnaire | /Categories/Geographic scope/Country | /Categories/Languages/English | /Categories/DIEM pillars/Household monitoring system,/Categories/Catalog role/Discoverable product | /Categories/Countries/SDN | /Categories/DIEM pillars/Household monitoring system | /Categories/Geographic scope/Country | /Categories/Languages/English | /Categories/Monitoring products/Questionnaire | /Categories/Product types/Questionnaires,verified
f3f9e8d28a454513b656992b06173427,Sudan - Report - Round 1,PDF,SDN,,Report,English,Country,medium,apply,,,,,,Not linked from the monitoring round table; inclusion and round require review,/Categories/Catalog role/Discoverable product | /Categories/Countries/SDN | /Categories/Geographic scope/Country | /Categories/Product types/Country Briefs,/Categories/Catalog role/Discoverable product | /Categories/Product types/Country Briefs | /Categories/Countries/SDN | /Categories/Monitoring products/Report | /Categories/Geographic scope/Country | /Categories/Languages/English | /Categories/DIEM pillars/Household monitoring system,/Categories/Catalog role/Discoverable product | /Categories/Countries/SDN | /Categories/DIEM pillars/Household monitoring system | /Categories/Geographic scope/Country | /Categories/Languages/English | /Categories/Monitoring products/Report | /Categories/Product types/Country Briefs,verified
38b95bff694a484f85d5dc9f2a92e46a,Sudan Report Round 2,PDF,SDN,,Report,English,Country,medium,apply,,,,,,Not linked from the monitoring round table; inclusion and round require review,/Categories/Catalog role/Discoverable product | /Categories/Countries/SDN | /Categories/Geographic scope/Country | /Categories/Product types/Country Briefs,/Categories/Catalog role/Discoverable product | /Categories/Product types/Country Briefs | /Categories/Countries/SDN | /Categories/Monitoring products/Report | /Categories/Geographic scope/Country | /Categories/Languages/English | /Categories/DIEM pillars/Household monitoring system,/Categories/Catalog role/Discoverable product | /Categories/Countries/SDN | /Categories/DIEM pillars/Household monitoring system | /Categories/Geographic scope/Country | /Categories/Languages/English | /Categories/Monitoring products/Report | /Categories/Product types/Country Briefs,verified
743b186c3ba247abae01d4072f2f33ec,Sudan – Al Jazirah: DIEM-Monitoring emergency agriculture support brief,Document Link,SDN,,Country brief,English,Country,medium,apply,,,,,,Not linked from the monitoring round table; inclusion and round require review,/Categories/Catalog role/Discoverable product | /Categories/Countries/SDN | /Categories/Geographic scope/Country | /Categories/Product types/Country Briefs,/Categories/Catalog role/Discoverable product | /Categories/Product types/Country Briefs | /Categories/Countries/SDN | /Categories/Monitoring products/Country brief | /Categories/Geographic scope/Country | /Categories/Languages/English | /Categories/DIEM pillars/Household monitoring system,/Categories/Catalog role/Discoverable product | /Categories/Countries/SDN | /Categories/DIEM pillars/Household monitoring system | /Categories/Geographic scope/Country | /Categories/Languages/English | /Categories/Monitoring products/Country brief | /Categories/Product types/Country Briefs,verified
03d2630976d54540bd08e079d58d2273,Syrian Arab Republic - Household Questionnaire - Round 1,Microsoft Excel,SYR,,Questionnaire,English,Country,medium,apply,,,,,,Not linked from the monitoring round table; inclusion and round require review,/Categories/Catalog role/Discoverable product | /Categories/Countries/SYR | /Categories/DIEM pillars/Household monitoring system | /Categories/Geographic scope/Country | /Categories/Languages/English | /Categories/Monitoring products/Questionnaire,/Categories/Catalog role/Discoverable product | /Categories/Countries/SYR | /Categories/Monitoring products/Questionnaire | /Categories/Geographic scope/Country | /Categories/Languages/English | /Categories/DIEM pillars/Household monitoring system,/Categories/Catalog role/Discoverable product | /Categories/Countries/SYR | /Categories/DIEM pillars/Household monitoring system | /Categories/Geographic scope/Country | /Categories/Languages/English | /Categories/Monitoring products/Questionnaire,verified
ede757585abc4744b510159b0242be45,Tchad - Bulletin de suivi DIEM - Cycle 7,Document Link,TCD,,Country brief,French,Country,medium,apply,,,,,,Not linked from the monitoring round table; inclusion and round require review,/Categories/Catalog role/Discoverable product | /Categories/Countries/TCD | /Categories/Geographic scope/Country | /Categories/Product types/Country Briefs,/Categories/Catalog role/Discoverable product | /Categories/Product types/Country Briefs | /Categories/Countries/TCD | /Categories/Monitoring products/Country brief | /Categories/Geographic scope/Country | /Categories/Languages/French | /Categories/DIEM pillars/Household monitoring system,/Categories/Catalog role/Discoverable product | /Categories/Countries/TCD | /Categories/DIEM pillars/Household monitoring system | /Categories/Geographic scope/Country | /Categories/Languages/French | /Categories/Monitoring products/Country brief | /Categories/Product types/Country Briefs,verified
054447d38f7f4e3eae313e798b92cbcb,Tchad - Bulletin de suivi DIEM - Cycle 8,Document Link,TCD,Chad — Round 08,Country brief,French,Country,high,apply,,,,,,,/Categories/Catalog role/Discoverable product | /Categories/Countries/TCD | /Categories/DIEM pillars/Household monitoring system | /Categories/Geographic scope/Country | /Categories/Languages/English | /Categories/Monitoring products/Country brief | /Categories/Product types/Country Briefs,/Categories/Catalog role/Discoverable product | /Categories/Product types/Country Briefs | /Categories/Countries/TCD | /Categories/Monitoring products/Country brief | /Categories/Geographic scope/Country | /Categories/Languages/French | /Categories/DIEM pillars/Household monitoring system,/Categories/Catalog role/Discoverable product | /Categories/Countries/TCD | /Categories/DIEM pillars/Household monitoring system | /Categories/Geographic scope/Country | /Categories/Languages/French | /Categories/Monitoring products/Country brief | /Categories/Product types/Country Briefs,verified
b8ae6a9a287a46a0833863881759addc,Tchad - Bulletin de suivi DIEM - Cycle 9,Document Link,TCD,,Country brief,French,Country,medium,apply,,,,,,Not linked from the monitoring round table; inclusion and round require review,/Categories/Catalog role/Discoverable product | /Categories/Countries/TCD | /Categories/Geographic scope/Country | /Categories/Product types/Country Briefs,/Categories/Catalog role/Discoverable product | /Categories/Product types/Country Briefs | /Categories/Countries/TCD | /Categories/Monitoring products/Country brief | /Categories/Geographic scope/Country | /Categories/Languages/French | /Categories/DIEM pillars/Household monitoring system,/Categories/Catalog role/Discoverable product | /Categories/Countries/TCD | /Categories/DIEM pillars/Household monitoring system | /Categories/Geographic scope/Country | /Categories/Languages/French | /Categories/Monitoring products/Country brief | /Categories/Product types/Country Briefs,verified
76e42396aa9e4f12ad460d5965558aeb,Tchad - Évaluation des dommages et des besoins à la suite des inondations (mars 2022),Document Link,TCD,,Report,French,Country,medium,exclude,,,,,,Not linked from the monitoring round table; inclusion and round require review,/Categories/Catalog role/Discoverable product | /Categories/Countries/TCD | /Categories/DIEM pillars/Hazard impact assessment | /Categories/Geographic scope/Country | /Categories/Languages/French | /Categories/Product types/Assessment Reports | /Categories/Shock types/Flood,/Categories/Catalog role/Discoverable product | /Categories/Product types/Assessment Reports | /Categories/Shock types/Flood | /Categories/Countries/TCD | /Categories/Monitoring products/Report | /Categories/Geographic scope/Country | /Categories/Languages/French | /Categories/DIEM pillars/Household monitoring system,,excluded by review
0323ecf73b4f452895d512d9828bb076,Tchad - Suivi des données en situations d’urgence (DIEM-suivi) - bulletin cycle 2,PDF,TCD,Chad — Round 02,Country brief,French,Country,high,apply,,,,,,,/Categories/Catalog role/Discoverable product | /Categories/Countries/TCD | /Categories/DIEM pillars/Household monitoring system | /Categories/Geographic scope/Country | /Categories/Languages/English | /Categories/Monitoring products/Country brief | /Categories/Product types/Country Briefs,/Categories/Catalog role/Discoverable product | /Categories/Product types/Country Briefs | /Categories/Countries/TCD | /Categories/Monitoring products/Country brief | /Categories/Geographic scope/Country | /Categories/Languages/French | /Categories/DIEM pillars/Household monitoring system,/Categories/Catalog role/Discoverable product | /Categories/Countries/TCD | /Categories/DIEM pillars/Household monitoring system | /Categories/Geographic scope/Country | /Categories/Languages/French | /Categories/Monitoring products/Country brief | /Categories/Product types/Country Briefs,verified
90d09f3ae2f84444a4eeb62dc5f8a333,Togo - DIEM Monitoring Brief - Round 3 - French,Document Link,TGO,Togo — Round 03,Country brief,French,Country,high,apply,,,,,,,/Categories/Catalog role/Discoverable product | /Categories/Countries/TGO | /Categories/DIEM pillars/Household monitoring system | /Categories/Geographic scope/Country | /Categories/Languages/English | /Categories/Monitoring products/Country brief | /Categories/Product types/Country Briefs,/Categories/Catalog role/Discoverable product | /Categories/Product types/Country Briefs | /Categories/Countries/TGO | /Categories/Monitoring products/Country brief | /Categories/Geographic scope/Country | /Categories/Languages/French | /Categories/DIEM pillars/Household monitoring system,/Categories/Catalog role/Discoverable product | /Categories/Countries/TGO | /Categories/DIEM pillars/Household monitoring system | /Categories/Geographic scope/Country | /Categories/Languages/French | /Categories/Monitoring products/Country brief | /Categories/Product types/Country Briefs,verified
e1eab9407b6d494cbcd06f5875614f88,Togo - Household Questionnaire - Round2,Microsoft Excel,TGO,,Questionnaire,English,Country,medium,apply,,,,,,Not linked from the monitoring round table; inclusion and round require review,/Categories/Catalog role/Discoverable product | /Categories/Countries/TGO | /Categories/DIEM pillars/Household monitoring system | /Categories/Geographic scope/Country | /Categories/Languages/English | /Categories/Monitoring products/Questionnaire | /Categories/Product types/Questionnaires,/Categories/Catalog role/Discoverable product | /Categories/Product types/Questionnaires | /Categories/Countries/TGO | /Categories/Monitoring products/Questionnaire | /Categories/Geographic scope/Country | /Categories/Languages/English | /Categories/DIEM pillars/Household monitoring system,/Categories/Catalog role/Discoverable product | /Categories/Countries/TGO | /Categories/DIEM pillars/Household monitoring system | /Categories/Geographic scope/Country | /Categories/Languages/English | /Categories/Monitoring products/Questionnaire | /Categories/Product types/Questionnaires,verified
3c37486f97c64adca9d668393fb2bbe5,Togo - Household Questionnaire - Round3,Microsoft Excel,TGO,Togo — Round 03,Questionnaire,English,Country,high,apply,,,,,,,/Categories/Catalog role/Discoverable product | /Categories/Countries/TGO | /Categories/DIEM pillars/Household monitoring system | /Categories/Geographic scope/Country | /Categories/Languages/English | /Categories/Monitoring products/Questionnaire | /Categories/Product types/Questionnaires,/Categories/Catalog role/Discoverable product | /Categories/Product types/Questionnaires | /Categories/Countries/TGO | /Categories/Monitoring products/Questionnaire | /Categories/Geographic scope/Country | /Categories/Languages/English | /Categories/DIEM pillars/Household monitoring system,/Categories/Catalog role/Discoverable product | /Categories/Countries/TGO | /Categories/DIEM pillars/Household monitoring system | /Categories/Geographic scope/Country | /Categories/Languages/English | /Categories/Monitoring products/Questionnaire | /Categories/Product types/Questionnaires,verified
00d7b780a95a4cda8c312d86350d5232,Togo - Presentation - Round 1,PDF,TGO,,Findings presentation,English,Country,medium,apply,,,,,,Not linked from the monitoring round table; inclusion and round require review,/Categories/Catalog role/Discoverable product | /Categories/Countries/TGO | /Categories/Geographic scope/Country | /Categories/Product types/Key Findings Presentations,/Categories/Catalog role/Discoverable product | /Categories/Product types/Key Findings Presentations | /Categories/Countries/TGO | /Categories/Monitoring products/Findings presentation | /Categories/Geographic scope/Country | /Categories/Languages/English | /Categories/DIEM pillars/Household monitoring system,/Categories/Catalog role/Discoverable product | /Categories/Countries/TGO | /Categories/DIEM pillars/Household monitoring system | /Categories/Geographic scope/Country | /Categories/Languages/English | /Categories/Monitoring products/Findings presentation | /Categories/Product types/Key Findings Presentations,verified
d5133ecede314eeeb68be4439a5cdfc8,Togo - Presentation - Round 2,PDF,TGO,,Findings presentation,English,Country,medium,apply,,,,,,Not linked from the monitoring round table; inclusion and round require review,/Categories/Catalog role/Discoverable product | /Categories/Countries/TGO | /Categories/Geographic scope/Country | /Categories/Product types/Key Findings Presentations,/Categories/Catalog role/Discoverable product | /Categories/Product types/Key Findings Presentations | /Categories/Countries/TGO | /Categories/Monitoring products/Findings presentation | /Categories/Geographic scope/Country | /Categories/Languages/English | /Categories/DIEM pillars/Household monitoring system,/Categories/Catalog role/Discoverable product | /Categories/Countries/TGO | /Categories/DIEM pillars/Household monitoring system | /Categories/Geographic scope/Country | /Categories/Languages/English | /Categories/Monitoring products/Findings presentation | /Categories/Product types/Key Findings Presentations,verified
996269ab1e254d27a026f84c7ec848a9,Togo - Report - Round 1,PDF,TGO,,Report,English,Country,medium,apply,,,,,,Not linked from the monitoring round table; inclusion and round require review,/Categories/Catalog role/Discoverable product | /Categories/Countries/TGO | /Categories/Geographic scope/Country | /Categories/Product types/Country Briefs,/Categories/Catalog role/Discoverable product | /Categories/Product types/Country Briefs | /Categories/Countries/TGO | /Categories/Monitoring products/Report | /Categories/Geographic scope/Country | /Categories/Languages/English | /Categories/DIEM pillars/Household monitoring system,/Categories/Catalog role/Discoverable product | /Categories/Countries/TGO | /Categories/DIEM pillars/Household monitoring system | /Categories/Geographic scope/Country | /Categories/Languages/English | /Categories/Monitoring products/Report | /Categories/Product types/Country Briefs,verified
cc4dfc2e67aa4cd8835f1451dca0636f,Ukraine - Household Questionnaire - Round 1,Microsoft Excel,UKR,Ukraine — Round 01,Questionnaire,English,Country,high,apply,,,,,,,/Categories/Catalog role/Discoverable product | /Categories/Countries/UKR | /Categories/DIEM pillars/Household monitoring system | /Categories/Geographic scope/Country | /Categories/Languages/English | /Categories/Monitoring products/Questionnaire | /Categories/Product types/Questionnaires,/Categories/Catalog role/Discoverable product | /Categories/Product types/Questionnaires | /Categories/Countries/UKR | /Categories/Monitoring products/Questionnaire | /Categories/Geographic scope/Country | /Categories/Languages/English | /Categories/DIEM pillars/Household monitoring system,/Categories/Catalog role/Discoverable product | /Categories/Countries/UKR | /Categories/DIEM pillars/Household monitoring system | /Categories/Geographic scope/Country | /Categories/Languages/English | /Categories/Monitoring products/Questionnaire | /Categories/Product types/Questionnaires,verified
7113bf6a9fb04e34abe5c1009308da28,Ukraine - Report - Round 1,Document Link,UKR,Ukraine — Round 01,Report,English,Country,high,apply,,,,,,,/Categories/Catalog role/Discoverable product | /Categories/Countries/UKR | /Categories/DIEM pillars/Household monitoring system | /Categories/Geographic scope/Country | /Categories/Languages/English | /Categories/Monitoring products/Report | /Categories/Product types/Country Briefs,/Categories/Catalog role/Discoverable product | /Categories/Product types/Country Briefs | /Categories/Countries/UKR | /Categories/Monitoring products/Report | /Categories/Geographic scope/Country | /Categories/Languages/English | /Categories/DIEM pillars/Household monitoring system,/Categories/Catalog role/Discoverable product | /Categories/Countries/UKR | /Categories/DIEM pillars/Household monitoring system | /Categories/Geographic scope/Country | /Categories/Languages/English | /Categories/Monitoring products/Report | /Categories/Product types/Country Briefs,verified
e99520b20a7441f984d2797ed987eab8,Ukraine conflict - Household survey presentation,PDF,UKR,,Findings presentation,English,Country,medium,apply,,,,,,Not linked from the monitoring round table; inclusion and round require review,/Categories/Catalog role/Discoverable product | /Categories/Countries/UKR | /Categories/Geographic scope/Country | /Categories/Product types/Other DIEM documents,/Categories/Catalog role/Discoverable product | /Categories/Product types/Other DIEM documents | /Categories/Countries/UKR | /Categories/Monitoring products/Findings presentation | /Categories/Geographic scope/Country | /Categories/Languages/English | /Categories/DIEM pillars/Household monitoring system,/Categories/Catalog role/Discoverable product | /Categories/Countries/UKR | /Categories/DIEM pillars/Household monitoring system | /Categories/Geographic scope/Country | /Categories/Languages/English | /Categories/Monitoring products/Findings presentation | /Categories/Product types/Other DIEM documents,verified
e71d5a9713e9478484c866d5813be0db,Venezuela - Presentation - Round 1,PDF,VEN,,Findings presentation,English,Country,medium,apply,,,,,,Not linked from the monitoring round table; inclusion and round require review,/Categories/Catalog role/Discoverable product | /Categories/Countries/VEN | /Categories/Geographic scope/Country | /Categories/Product types/Key Findings Presentations,/Categories/Catalog role/Discoverable product | /Categories/Product types/Key Findings Presentations | /Categories/Countries/VEN | /Categories/Monitoring products/Findings presentation | /Categories/Geographic scope/Country | /Categories/Languages/English | /Categories/DIEM pillars/Household monitoring system,/Categories/Catalog role/Discoverable product | /Categories/Countries/VEN | /Categories/DIEM pillars/Household monitoring system | /Categories/Geographic scope/Country | /Categories/Languages/English | /Categories/Monitoring products/Findings presentation | /Categories/Product types/Key Findings Presentations,verified
e1ea9f68412144cb883a2bd80607b4c1,Venezuela - Report - Round 1,PDF,VEN,,Report,English,Country,medium,apply,,,,,,Not linked from the monitoring round table; inclusion and round require review,/Categories/Catalog role/Discoverable product | /Categories/Countries/VEN | /Categories/Geographic scope/Country | /Categories/Product types/Country Briefs,/Categories/Catalog role/Discoverable product | /Categories/Product types/Country Briefs | /Categories/Countries/VEN | /Categories/Monitoring products/Report | /Categories/Geographic scope/Country | /Categories/Languages/English | /Categories/DIEM pillars/Household monitoring system,/Categories/Catalog role/Discoverable product | /Categories/Countries/VEN | /Categories/DIEM pillars/Household monitoring system | /Categories/Geographic scope/Country | /Categories/Languages/English | /Categories/Monitoring products/Report | /Categories/Product types/Country Briefs,verified
c19d822c58924ad78124b1ce31061511,West Bank - DIEM - Data in Emergencies brief on the food security and livelihoods of agricultural households,Document Link,PSE,Palestine — Round 02,Country brief,French,Country,high,apply,,,,,,,/Categories/Catalog role/Discoverable product | /Categories/Countries/PSE | /Categories/DIEM pillars/Household monitoring system | /Categories/Geographic scope/Country | /Categories/Languages/French | /Categories/Monitoring products/Country brief | /Categories/Product types/Country Briefs,/Categories/Catalog role/Discoverable product | /Categories/Product types/Country Briefs | /Categories/Countries/PSE | /Categories/Monitoring products/Country brief | /Categories/Geographic scope/Country | /Categories/Languages/French | /Categories/DIEM pillars/Household monitoring system,/Categories/Catalog role/Discoverable product | /Categories/Countries/PSE | /Categories/DIEM pillars/Household monitoring system | /Categories/Geographic scope/Country | /Categories/Languages/French | /Categories/Monitoring products/Country brief | /Categories/Product types/Country Briefs,verified
307afb36fb924b15bcaff11dd2c18505,Yemen - DIEM Monitoring Brief - Round 10,Document Link,YEM,Yemen — Round 10,Country brief,English,Country,high,apply,,,,,,,/Categories/Catalog role/Discoverable product | /Categories/Countries/YEM | /Categories/DIEM pillars/Household monitoring system | /Categories/Geographic scope/Country | /Categories/Languages/English | /Categories/Monitoring products/Country brief | /Categories/Product types/Country Briefs,/Categories/Catalog role/Discoverable product | /Categories/Product types/Country Briefs | /Categories/Countries/YEM | /Categories/Monitoring products/Country brief | /Categories/Geographic scope/Country | /Categories/Languages/English | /Categories/DIEM pillars/Household monitoring system,/Categories/Catalog role/Discoverable product | /Categories/Countries/YEM | /Categories/DIEM pillars/Household monitoring system | /Categories/Geographic scope/Country | /Categories/Languages/English | /Categories/Monitoring products/Country brief | /Categories/Product types/Country Briefs,verified
fa03b98fbdfa4505a46a03b176876919,Yemen - DIEM Monitoring Brief - Round 13,Document Link,YEM,Yemen — Round 13,Country brief,English,Country,high,apply,,,,,,,/Categories/Catalog role/Discoverable product | /Categories/Countries/YEM | /Categories/DIEM pillars/Household monitoring system | /Categories/Geographic scope/Country | /Categories/Languages/English | /Categories/Monitoring products/Country brief | /Categories/Product types/Country Briefs,/Categories/Catalog role/Discoverable product | /Categories/Product types/Country Briefs | /Categories/Countries/YEM | /Categories/Monitoring products/Country brief | /Categories/Geographic scope/Country | /Categories/Languages/English | /Categories/DIEM pillars/Household monitoring system,/Categories/Catalog role/Discoverable product | /Categories/Countries/YEM | /Categories/DIEM pillars/Household monitoring system | /Categories/Geographic scope/Country | /Categories/Languages/English | /Categories/Monitoring products/Country brief | /Categories/Product types/Country Briefs,verified
4fe0cf37ad724b70aeea8d3c3d08dfdf,Yemen - DIEM Monitoring Brief - Round 16,Document Link,YEM,Yemen — Round 16,Country brief,English,Country,high,apply,,,,,,,/Categories/Catalog role/Discoverable product | /Categories/Countries/YEM | /Categories/DIEM pillars/Household monitoring system | /Categories/Geographic scope/Country | /Categories/Languages/English | /Categories/Monitoring products/Country brief | /Categories/Product types/Country Briefs,/Categories/Catalog role/Discoverable product | /Categories/Product types/Country Briefs | /Categories/Countries/YEM | /Categories/Monitoring products/Country brief | /Categories/Geographic scope/Country | /Categories/Languages/English | /Categories/DIEM pillars/Household monitoring system,/Categories/Catalog role/Discoverable product | /Categories/Countries/YEM | /Categories/DIEM pillars/Household monitoring system | /Categories/Geographic scope/Country | /Categories/Languages/English | /Categories/Monitoring products/Country brief | /Categories/Product types/Country Briefs,verified
6a9d3422c4f448cd81c0954ac5501346,Yemen - DIEM Monitoring Brief - Round 19,Document Link,YEM,Yemen — Round 19,Country brief,English,Country,high,apply,,,,,,,/Categories/Catalog role/Discoverable product | /Categories/Countries/YEM | /Categories/DIEM pillars/Household monitoring system | /Categories/Geographic scope/Country | /Categories/Languages/English | /Categories/Monitoring products/Country brief | /Categories/Product types/Country Briefs,/Categories/Catalog role/Discoverable product | /Categories/Product types/Country Briefs | /Categories/Countries/YEM | /Categories/Monitoring products/Country brief | /Categories/Geographic scope/Country | /Categories/Languages/English | /Categories/DIEM pillars/Household monitoring system,/Categories/Catalog role/Discoverable product | /Categories/Countries/YEM | /Categories/DIEM pillars/Household monitoring system | /Categories/Geographic scope/Country | /Categories/Languages/English | /Categories/Monitoring products/Country brief | /Categories/Product types/Country Briefs,verified
2ae45f69d98643a4bc05f16dc72a71ac,Yemen - DIEM Monitoring Brief - Round 23,Document Link,YEM,Yemen — Round 23,Country brief,French,Country,high,apply,,,,,,,/Categories/Catalog role/Discoverable product | /Categories/Countries/YEM | /Categories/DIEM pillars/Household monitoring system | /Categories/Geographic scope/Country | /Categories/Languages/French | /Categories/Monitoring products/Country brief | /Categories/Product types/Country Briefs,/Categories/Catalog role/Discoverable product | /Categories/Product types/Country Briefs | /Categories/Countries/YEM | /Categories/Monitoring products/Country brief | /Categories/Geographic scope/Country | /Categories/Languages/French | /Categories/DIEM pillars/Household monitoring system,/Categories/Catalog role/Discoverable product | /Categories/Countries/YEM | /Categories/DIEM pillars/Household monitoring system | /Categories/Geographic scope/Country | /Categories/Languages/French | /Categories/Monitoring products/Country brief | /Categories/Product types/Country Briefs,verified
4ed64bb6fd92449ebcbdb10621510663,Yemen - DIEM Monitoring Brief - Round 3,PDF,YEM,,Country brief,English,Country,medium,apply,,,,,,Not linked from the monitoring round table; inclusion and round require review,/Categories/Catalog role/Discoverable product | /Categories/Countries/YEM | /Categories/Geographic scope/Country | /Categories/Product types/Country Briefs,/Categories/Catalog role/Discoverable product | /Categories/Product types/Country Briefs | /Categories/Countries/YEM | /Categories/Monitoring products/Country brief | /Categories/Geographic scope/Country | /Categories/Languages/English | /Categories/DIEM pillars/Household monitoring system,/Categories/Catalog role/Discoverable product | /Categories/Countries/YEM | /Categories/DIEM pillars/Household monitoring system | /Categories/Geographic scope/Country | /Categories/Languages/English | /Categories/Monitoring products/Country brief | /Categories/Product types/Country Briefs,verified
e732db423bcd489facfaf54704b9e390,Yemen - DIEM Monitoring Brief - Round 30,Document Link,YEM,Yemen — Round 30,Country brief,English,Country,high,apply,,,,,,,/Categories/Catalog role/Discoverable product | /Categories/Countries/YEM | /Categories/DIEM pillars/Household monitoring system | /Categories/Geographic scope/Country | /Categories/Languages/English | /Categories/Monitoring products/Country brief | /Categories/Product types/Country Briefs,/Categories/Catalog role/Discoverable product | /Categories/Product types/Country Briefs | /Categories/Countries/YEM | /Categories/Monitoring products/Country brief | /Categories/Geographic scope/Country | /Categories/Languages/English | /Categories/DIEM pillars/Household monitoring system,/Categories/Catalog role/Discoverable product | /Categories/Countries/YEM | /Categories/DIEM pillars/Household monitoring system | /Categories/Geographic scope/Country | /Categories/Languages/English | /Categories/Monitoring products/Country brief | /Categories/Product types/Country Briefs,verified
989ee8fa25cd436bbd0168e11fbba9f7,Yemen - DIEM Monitoring Brief - Round 4,Document Link,YEM,Yemen — Round 04,Country brief,English,Country,high,apply,,,,,,,/Categories/Catalog role/Discoverable product | /Categories/Countries/YEM | /Categories/DIEM pillars/Household monitoring system | /Categories/Geographic scope/Country | /Categories/Languages/English | /Categories/Monitoring products/Country brief | /Categories/Product types/Country Briefs,/Categories/Catalog role/Discoverable product | /Categories/Product types/Country Briefs | /Categories/Countries/YEM | /Categories/Monitoring products/Country brief | /Categories/Geographic scope/Country | /Categories/Languages/English | /Categories/DIEM pillars/Household monitoring system,/Categories/Catalog role/Discoverable product | /Categories/Countries/YEM | /Categories/DIEM pillars/Household monitoring system | /Categories/Geographic scope/Country | /Categories/Languages/English | /Categories/Monitoring products/Country brief | /Categories/Product types/Country Briefs,verified
4a5a5444de664f1592e613efa4121af1,Yemen - DIEM Monitoring Brief - Round 6,Document Link,YEM,Yemen — Round 06,Country brief,English,Country,high,apply,,,,,,,/Categories/Catalog role/Discoverable product | /Categories/Countries/YEM | /Categories/DIEM pillars/Household monitoring system | /Categories/Geographic scope/Country | /Categories/Languages/English | /Categories/Monitoring products/Country brief | /Categories/Product types/Country Briefs,/Categories/Catalog role/Discoverable product | /Categories/Product types/Country Briefs | /Categories/Countries/YEM | /Categories/Monitoring products/Country brief | /Categories/Geographic scope/Country | /Categories/Languages/English | /Categories/DIEM pillars/Household monitoring system,/Categories/Catalog role/Discoverable product | /Categories/Countries/YEM | /Categories/DIEM pillars/Household monitoring system | /Categories/Geographic scope/Country | /Categories/Languages/English | /Categories/Monitoring products/Country brief | /Categories/Product types/Country Briefs,verified
1d032cc4b41e46bc9ac78ce0bdc68d1a,Yemen - DIEM Monitoring Brief - Rounds 28 and 29,Document Link,YEM,,Country brief,English,Country,medium,apply,,,,,,Not linked from the monitoring round table; inclusion and round require review,/Categories/Catalog role/Discoverable product | /Categories/Countries/YEM | /Categories/Geographic scope/Country | /Categories/Product types/Country Briefs,/Categories/Catalog role/Discoverable product | /Categories/Product types/Country Briefs | /Categories/Countries/YEM | /Categories/Monitoring products/Country brief | /Categories/Geographic scope/Country | /Categories/Languages/English | /Categories/DIEM pillars/Household monitoring system,/Categories/Catalog role/Discoverable product | /Categories/Countries/YEM | /Categories/DIEM pillars/Household monitoring system | /Categories/Geographic scope/Country | /Categories/Languages/English | /Categories/Monitoring products/Country brief | /Categories/Product types/Country Briefs,verified
b14fc3a36144465da11df20c2c5053e8,Yemen - Household Questionnaire - Round 10,Microsoft Excel,YEM,Yemen — Round 10,Questionnaire,English,Country,high,apply,,,,,,,/Categories/Catalog role/Discoverable product | /Categories/Countries/YEM | /Categories/DIEM pillars/Household monitoring system | /Categories/Geographic scope/Country | /Categories/Languages/English | /Categories/Monitoring products/Questionnaire | /Categories/Product types/Questionnaires,/Categories/Catalog role/Discoverable product | /Categories/Product types/Questionnaires | /Categories/Countries/YEM | /Categories/Monitoring products/Questionnaire | /Categories/Geographic scope/Country | /Categories/Languages/English | /Categories/DIEM pillars/Household monitoring system,/Categories/Catalog role/Discoverable product | /Categories/Countries/YEM | /Categories/DIEM pillars/Household monitoring system | /Categories/Geographic scope/Country | /Categories/Languages/English | /Categories/Monitoring products/Questionnaire | /Categories/Product types/Questionnaires,verified
feaa3ffd5c5e4240ae57a2a8dfb48730,Yemen - Household Questionnaire - Round 11,Microsoft Excel,YEM,Yemen — Round 11,Questionnaire,English,Country,high,apply,,,,,,,/Categories/Catalog role/Discoverable product | /Categories/Countries/YEM | /Categories/DIEM pillars/Household monitoring system | /Categories/Geographic scope/Country | /Categories/Languages/English | /Categories/Monitoring products/Questionnaire | /Categories/Product types/Questionnaires,/Categories/Catalog role/Discoverable product | /Categories/Product types/Questionnaires | /Categories/Countries/YEM | /Categories/Monitoring products/Questionnaire | /Categories/Geographic scope/Country | /Categories/Languages/English | /Categories/DIEM pillars/Household monitoring system,/Categories/Catalog role/Discoverable product | /Categories/Countries/YEM | /Categories/DIEM pillars/Household monitoring system | /Categories/Geographic scope/Country | /Categories/Languages/English | /Categories/Monitoring products/Questionnaire | /Categories/Product types/Questionnaires,verified
896251b31a7443c3af26de858f7011d3,Yemen - Household Questionnaire - Round 12,Microsoft Excel,YEM,Yemen — Round 12,Questionnaire,English,Country,high,apply,,,,,,,/Categories/Catalog role/Discoverable product | /Categories/Countries/YEM | /Categories/DIEM pillars/Household monitoring system | /Categories/Geographic scope/Country | /Categories/Languages/English | /Categories/Monitoring products/Questionnaire | /Categories/Product types/Questionnaires,/Categories/Catalog role/Discoverable product | /Categories/Product types/Questionnaires | /Categories/Countries/YEM | /Categories/Monitoring products/Questionnaire | /Categories/Geographic scope/Country | /Categories/Languages/English | /Categories/DIEM pillars/Household monitoring system,/Categories/Catalog role/Discoverable product | /Categories/Countries/YEM | /Categories/DIEM pillars/Household monitoring system | /Categories/Geographic scope/Country | /Categories/Languages/English | /Categories/Monitoring products/Questionnaire | /Categories/Product types/Questionnaires,verified
4d18343ca0ce49328c7dbd874ecf1476,Yemen - Household Questionnaire - Round 13,Microsoft Excel,YEM,Yemen — Round 13,Questionnaire,English,Country,high,apply,,,,,,,/Categories/Catalog role/Discoverable product | /Categories/Countries/YEM | /Categories/DIEM pillars/Household monitoring system | /Categories/Geographic scope/Country | /Categories/Languages/English | /Categories/Monitoring products/Questionnaire | /Categories/Product types/Questionnaires,/Categories/Catalog role/Discoverable product | /Categories/Product types/Questionnaires | /Categories/Countries/YEM | /Categories/Monitoring products/Questionnaire | /Categories/Geographic scope/Country | /Categories/Languages/English | /Categories/DIEM pillars/Household monitoring system,/Categories/Catalog role/Discoverable product | /Categories/Countries/YEM | /Categories/DIEM pillars/Household monitoring system | /Categories/Geographic scope/Country | /Categories/Languages/English | /Categories/Monitoring products/Questionnaire | /Categories/Product types/Questionnaires,verified
c2b01cc8a1bf4b8595cce4dc3baca275,Yemen - Household Questionnaire - Round 14,Microsoft Excel,YEM,Yemen — Round 14,Questionnaire,English,Country,high,apply,,,,,,,/Categories/Catalog role/Discoverable product | /Categories/Countries/YEM | /Categories/DIEM pillars/Household monitoring system | /Categories/Geographic scope/Country | /Categories/Languages/English | /Categories/Monitoring products/Questionnaire | /Categories/Product types/Questionnaires,/Categories/Catalog role/Discoverable product | /Categories/Product types/Questionnaires | /Categories/Countries/YEM | /Categories/Monitoring products/Questionnaire | /Categories/Geographic scope/Country | /Categories/Languages/English | /Categories/DIEM pillars/Household monitoring system,/Categories/Catalog role/Discoverable product | /Categories/Countries/YEM | /Categories/DIEM pillars/Household monitoring system | /Categories/Geographic scope/Country | /Categories/Languages/English | /Categories/Monitoring products/Questionnaire | /Categories/Product types/Questionnaires,verified
0267055debd84b19918213624613d4d9,Yemen - Household Questionnaire - Round 15,Microsoft Excel,YEM,Yemen — Round 15,Questionnaire,English,Country,high,apply,,,,,,,/Categories/Catalog role/Discoverable product | /Categories/Countries/YEM | /Categories/DIEM pillars/Household monitoring system | /Categories/Geographic scope/Country | /Categories/Languages/English | /Categories/Monitoring products/Questionnaire | /Categories/Product types/Questionnaires,/Categories/Catalog role/Discoverable product | /Categories/Product types/Questionnaires | /Categories/Countries/YEM | /Categories/Monitoring products/Questionnaire | /Categories/Geographic scope/Country | /Categories/Languages/English | /Categories/DIEM pillars/Household monitoring system,/Categories/Catalog role/Discoverable product | /Categories/Countries/YEM | /Categories/DIEM pillars/Household monitoring system | /Categories/Geographic scope/Country | /Categories/Languages/English | /Categories/Monitoring products/Questionnaire | /Categories/Product types/Questionnaires,verified
0c06f5d06f214f2388105b5c747823a0,Yemen - Household Questionnaire - Round 17,Microsoft Excel,YEM,Yemen — Round 17,Questionnaire,English,Country,high,apply,,,,,,,/Categories/Catalog role/Discoverable product | /Categories/Countries/YEM | /Categories/DIEM pillars/Household monitoring system | /Categories/Geographic scope/Country | /Categories/Languages/English | /Categories/Monitoring products/Questionnaire | /Categories/Product types/Questionnaires,/Categories/Catalog role/Discoverable product | /Categories/Product types/Questionnaires | /Categories/Countries/YEM | /Categories/Monitoring products/Questionnaire | /Categories/Geographic scope/Country | /Categories/Languages/English | /Categories/DIEM pillars/Household monitoring system,/Categories/Catalog role/Discoverable product | /Categories/Countries/YEM | /Categories/DIEM pillars/Household monitoring system | /Categories/Geographic scope/Country | /Categories/Languages/English | /Categories/Monitoring products/Questionnaire | /Categories/Product types/Questionnaires,verified
8c9dfae6cf3340d5ba1164be540c1abd,Yemen - Household Questionnaire - Round 18,Microsoft Excel,YEM,Yemen — Round 18,Questionnaire,English,Country,high,apply,,,,,,,/Categories/Catalog role/Discoverable product | /Categories/Countries/YEM | /Categories/DIEM pillars/Household monitoring system | /Categories/Geographic scope/Country | /Categories/Languages/English | /Categories/Monitoring products/Questionnaire | /Categories/Product types/Questionnaires,/Categories/Catalog role/Discoverable product | /Categories/Product types/Questionnaires | /Categories/Countries/YEM | /Categories/Monitoring products/Questionnaire | /Categories/Geographic scope/Country | /Categories/Languages/English | /Categories/DIEM pillars/Household monitoring system,/Categories/Catalog role/Discoverable product | /Categories/Countries/YEM | /Categories/DIEM pillars/Household monitoring system | /Categories/Geographic scope/Country | /Categories/Languages/English | /Categories/Monitoring products/Questionnaire | /Categories/Product types/Questionnaires,verified
7355fdb975e34fad898d09903bbe0e80,Yemen - Household Questionnaire - Round 27,Microsoft Excel,YEM,Yemen — Round 27,Questionnaire,English,Country,high,apply,,,,,,,/Categories/Catalog role/Discoverable product | /Categories/Countries/YEM | /Categories/DIEM pillars/Household monitoring system | /Categories/Geographic scope/Country | /Categories/Languages/English | /Categories/Monitoring products/Questionnaire | /Categories/Product types/Questionnaires,/Categories/Catalog role/Discoverable product | /Categories/Product types/Questionnaires | /Categories/Countries/YEM | /Categories/Monitoring products/Questionnaire | /Categories/Geographic scope/Country | /Categories/Languages/English | /Categories/DIEM pillars/Household monitoring system,/Categories/Catalog role/Discoverable product | /Categories/Countries/YEM | /Categories/DIEM pillars/Household monitoring system | /Categories/Geographic scope/Country | /Categories/Languages/English | /Categories/Monitoring products/Questionnaire | /Categories/Product types/Questionnaires,verified
efcf38ff051d4d3eaaabe57bcd9b5edf,Yemen - Household Questionnaire - Round 28,Microsoft Excel,YEM,Yemen — Round 28,Questionnaire,English,Country,high,apply,,,,,,,/Categories/Catalog role/Discoverable product | /Categories/Countries/YEM | /Categories/DIEM pillars/Household monitoring system | /Categories/Geographic scope/Country | /Categories/Languages/English | /Categories/Monitoring products/Questionnaire | /Categories/Product types/Questionnaires,/Categories/Catalog role/Discoverable product | /Categories/Product types/Questionnaires | /Categories/Countries/YEM | /Categories/Monitoring products/Questionnaire | /Categories/Geographic scope/Country | /Categories/Languages/English | /Categories/DIEM pillars/Household monitoring system,/Categories/Catalog role/Discoverable product | /Categories/Countries/YEM | /Categories/DIEM pillars/Household monitoring system | /Categories/Geographic scope/Country | /Categories/Languages/English | /Categories/Monitoring products/Questionnaire | /Categories/Product types/Questionnaires,verified
9c0c07523b8b410f8cb8debe7ade7810,Yemen - Household Questionnaire - Round 5,Microsoft Excel,YEM,Yemen — Round 05,Questionnaire,English,Country,high,apply,,,,,,,/Categories/Catalog role/Discoverable product | /Categories/Countries/YEM | /Categories/DIEM pillars/Household monitoring system | /Categories/Geographic scope/Country | /Categories/Languages/English | /Categories/Monitoring products/Questionnaire | /Categories/Product types/Questionnaires,/Categories/Catalog role/Discoverable product | /Categories/Product types/Questionnaires | /Categories/Countries/YEM | /Categories/Monitoring products/Questionnaire | /Categories/Geographic scope/Country | /Categories/Languages/English | /Categories/DIEM pillars/Household monitoring system,/Categories/Catalog role/Discoverable product | /Categories/Countries/YEM | /Categories/DIEM pillars/Household monitoring system | /Categories/Geographic scope/Country | /Categories/Languages/English | /Categories/Monitoring products/Questionnaire | /Categories/Product types/Questionnaires,verified
191241c730154a2cb6e794e94aab6ddd,Yemen - Household Questionnaire - Round 6,Microsoft Excel,YEM,Yemen — Round 06,Questionnaire,English,Country,high,apply,,,,,,,/Categories/Catalog role/Discoverable product | /Categories/Countries/YEM | /Categories/DIEM pillars/Household monitoring system | /Categories/Geographic scope/Country | /Categories/Languages/English | /Categories/Monitoring products/Questionnaire | /Categories/Product types/Questionnaires,/Categories/Catalog role/Discoverable product | /Categories/Product types/Questionnaires | /Categories/Countries/YEM | /Categories/Monitoring products/Questionnaire | /Categories/Geographic scope/Country | /Categories/Languages/English | /Categories/DIEM pillars/Household monitoring system,/Categories/Catalog role/Discoverable product | /Categories/Countries/YEM | /Categories/DIEM pillars/Household monitoring system | /Categories/Geographic scope/Country | /Categories/Languages/English | /Categories/Monitoring products/Questionnaire | /Categories/Product types/Questionnaires,verified
df130dca49c5413cb465fd9177761f7f,Yemen - Household Questionnaire - Round 7,Microsoft Excel,YEM,Yemen — Round 07,Questionnaire,English,Country,high,apply,,,,,,,/Categories/Catalog role/Discoverable product | /Categories/Countries/YEM | /Categories/DIEM pillars/Household monitoring system | /Categories/Geographic scope/Country | /Categories/Languages/English | /Categories/Monitoring products/Questionnaire | /Categories/Product types/Questionnaires,/Categories/Catalog role/Discoverable product | /Categories/Product types/Questionnaires | /Categories/Countries/YEM | /Categories/Monitoring products/Questionnaire | /Categories/Geographic scope/Country | /Categories/Languages/English | /Categories/DIEM pillars/Household monitoring system,/Categories/Catalog role/Discoverable product | /Categories/Countries/YEM | /Categories/DIEM pillars/Household monitoring system | /Categories/Geographic scope/Country | /Categories/Languages/English | /Categories/Monitoring products/Questionnaire | /Categories/Product types/Questionnaires,verified
43af83750aeb4d1597952776bedc8e8d,Yemen - Household Questionnaire - Round 8,Microsoft Excel,YEM,Yemen — Round 08,Questionnaire,English,Country,high,apply,,,,,,,/Categories/Catalog role/Discoverable product | /Categories/Countries/YEM | /Categories/DIEM pillars/Household monitoring system | /Categories/Geographic scope/Country | /Categories/Languages/English | /Categories/Monitoring products/Questionnaire | /Categories/Product types/Questionnaires,/Categories/Catalog role/Discoverable product | /Categories/Product types/Questionnaires | /Categories/Countries/YEM | /Categories/Monitoring products/Questionnaire | /Categories/Geographic scope/Country | /Categories/Languages/English | /Categories/DIEM pillars/Household monitoring system,/Categories/Catalog role/Discoverable product | /Categories/Countries/YEM | /Categories/DIEM pillars/Household monitoring system | /Categories/Geographic scope/Country | /Categories/Languages/English | /Categories/Monitoring products/Questionnaire | /Categories/Product types/Questionnaires,verified
a6d6a2836d6c467cade6948ec819868d,Yemen - Household Questionnaire - Round 9,Microsoft Excel,YEM,Yemen — Round 09,Questionnaire,English,Country,high,apply,,,,,,,/Categories/Catalog role/Discoverable product | /Categories/Countries/YEM | /Categories/DIEM pillars/Household monitoring system | /Categories/Geographic scope/Country | /Categories/Languages/English | /Categories/Monitoring products/Questionnaire | /Categories/Product types/Questionnaires,/Categories/Catalog role/Discoverable product | /Categories/Product types/Questionnaires | /Categories/Countries/YEM | /Categories/Monitoring products/Questionnaire | /Categories/Geographic scope/Country | /Categories/Languages/English | /Categories/DIEM pillars/Household monitoring system,/Categories/Catalog role/Discoverable product | /Categories/Countries/YEM | /Categories/DIEM pillars/Household monitoring system | /Categories/Geographic scope/Country | /Categories/Languages/English | /Categories/Monitoring products/Questionnaire | /Categories/Product types/Questionnaires,verified
e3f097ccd5144273888b08652b1c3a4a,Yemen - Household Questionnaire - Round1,Microsoft Excel,YEM,Yemen — Round 01,Questionnaire,English,Country,high,apply,,,,,,,/Categories/Catalog role/Discoverable product | /Categories/Countries/YEM | /Categories/DIEM pillars/Household monitoring system | /Categories/Geographic scope/Country | /Categories/Languages/English | /Categories/Monitoring products/Questionnaire | /Categories/Product types/Questionnaires,/Categories/Catalog role/Discoverable product | /Categories/Product types/Questionnaires | /Categories/Countries/YEM | /Categories/Monitoring products/Questionnaire | /Categories/Geographic scope/Country | /Categories/Languages/English | /Categories/DIEM pillars/Household monitoring system,/Categories/Catalog role/Discoverable product | /Categories/Countries/YEM | /Categories/DIEM pillars/Household monitoring system | /Categories/Geographic scope/Country | /Categories/Languages/English | /Categories/Monitoring products/Questionnaire | /Categories/Product types/Questionnaires,verified
c825728f563a44a0ab1ffce4e13108ab,Yemen - Household Questionnaire - Round16,Microsoft Excel,YEM,Yemen — Round 16,Questionnaire,English,Country,high,apply,,,,,,,/Categories/Catalog role/Discoverable product | /Categories/Countries/YEM | /Categories/DIEM pillars/Household monitoring system | /Categories/Geographic scope/Country | /Categories/Languages/English | /Categories/Monitoring products/Questionnaire | /Categories/Product types/Questionnaires,/Categories/Catalog role/Discoverable product | /Categories/Product types/Questionnaires | /Categories/Countries/YEM | /Categories/Monitoring products/Questionnaire | /Categories/Geographic scope/Country | /Categories/Languages/English | /Categories/DIEM pillars/Household monitoring system,/Categories/Catalog role/Discoverable product | /Categories/Countries/YEM | /Categories/DIEM pillars/Household monitoring system | /Categories/Geographic scope/Country | /Categories/Languages/English | /Categories/Monitoring products/Questionnaire | /Categories/Product types/Questionnaires,verified
f08e6fde4afe4d7297df598175002cad,Yemen - Household Questionnaire - Round19,Microsoft Excel,YEM,Yemen — Round 19,Questionnaire,English,Country,high,apply,,,,,,,/Categories/Catalog role/Discoverable product | /Categories/Countries/YEM | /Categories/DIEM pillars/Household monitoring system | /Categories/Geographic scope/Country | /Categories/Languages/English | /Categories/Monitoring products/Questionnaire | /Categories/Product types/Questionnaires,/Categories/Catalog role/Discoverable product | /Categories/Product types/Questionnaires | /Categories/Countries/YEM | /Categories/Monitoring products/Questionnaire | /Categories/Geographic scope/Country | /Categories/Languages/English | /Categories/DIEM pillars/Household monitoring system,/Categories/Catalog role/Discoverable product | /Categories/Countries/YEM | /Categories/DIEM pillars/Household monitoring system | /Categories/Geographic scope/Country | /Categories/Languages/English | /Categories/Monitoring products/Questionnaire | /Categories/Product types/Questionnaires,verified
9dc36c465b3144f7b97660b31c561d18,Yemen - Household Questionnaire - Round20,Microsoft Excel,YEM,Yemen — Round 20,Questionnaire,English,Country,high,apply,,,,,,,/Categories/Catalog role/Discoverable product | /Categories/Countries/YEM | /Categories/DIEM pillars/Household monitoring system | /Categories/Geographic scope/Country | /Categories/Languages/English | /Categories/Monitoring products/Questionnaire | /Categories/Product types/Questionnaires,/Categories/Catalog role/Discoverable product | /Categories/Product types/Questionnaires | /Categories/Countries/YEM | /Categories/Monitoring products/Questionnaire | /Categories/Geographic scope/Country | /Categories/Languages/English | /Categories/DIEM pillars/Household monitoring system,/Categories/Catalog role/Discoverable product | /Categories/Countries/YEM | /Categories/DIEM pillars/Household monitoring system | /Categories/Geographic scope/Country | /Categories/Languages/English | /Categories/Monitoring products/Questionnaire | /Categories/Product types/Questionnaires,verified
c14836dd3203414b92279ef6de9e851c,Yemen - Household Questionnaire - Round21,Microsoft Excel,YEM,Yemen — Round 21,Questionnaire,English,Country,high,apply,,,,,,,/Categories/Catalog role/Discoverable product | /Categories/Countries/YEM | /Categories/DIEM pillars/Household monitoring system | /Categories/Geographic scope/Country | /Categories/Languages/English | /Categories/Monitoring products/Questionnaire | /Categories/Product types/Questionnaires,/Categories/Catalog role/Discoverable product | /Categories/Product types/Questionnaires | /Categories/Countries/YEM | /Categories/Monitoring products/Questionnaire | /Categories/Geographic scope/Country | /Categories/Languages/English | /Categories/DIEM pillars/Household monitoring system,/Categories/Catalog role/Discoverable product | /Categories/Countries/YEM | /Categories/DIEM pillars/Household monitoring system | /Categories/Geographic scope/Country | /Categories/Languages/English | /Categories/Monitoring products/Questionnaire | /Categories/Product types/Questionnaires,verified
f3ef1e52759943d18716d8de643128e1,Yemen - Household Questionnaire - Round22,Microsoft Excel,YEM,Yemen — Round 22,Questionnaire,English,Country,high,apply,,,,,,,/Categories/Catalog role/Discoverable product | /Categories/Countries/YEM | /Categories/DIEM pillars/Household monitoring system | /Categories/Geographic scope/Country | /Categories/Languages/English | /Categories/Monitoring products/Questionnaire | /Categories/Product types/Questionnaires,/Categories/Catalog role/Discoverable product | /Categories/Product types/Questionnaires | /Categories/Countries/YEM | /Categories/Monitoring products/Questionnaire | /Categories/Geographic scope/Country | /Categories/Languages/English | /Categories/DIEM pillars/Household monitoring system,/Categories/Catalog role/Discoverable product | /Categories/Countries/YEM | /Categories/DIEM pillars/Household monitoring system | /Categories/Geographic scope/Country | /Categories/Languages/English | /Categories/Monitoring products/Questionnaire | /Categories/Product types/Questionnaires,verified
3abc80cc41ab4893912b800a2b2dcc00,Yemen - Household Questionnaire - Round23,Microsoft Excel,YEM,Yemen — Round 23,Questionnaire,English,Country,high,apply,,,,,,,/Categories/Catalog role/Discoverable product | /Categories/Countries/YEM | /Categories/DIEM pillars/Household monitoring system | /Categories/Geographic scope/Country | /Categories/Languages/English | /Categories/Monitoring products/Questionnaire | /Categories/Product types/Questionnaires,/Categories/Catalog role/Discoverable product | /Categories/Product types/Questionnaires | /Categories/Countries/YEM | /Categories/Monitoring products/Questionnaire | /Categories/Geographic scope/Country | /Categories/Languages/English | /Categories/DIEM pillars/Household monitoring system,/Categories/Catalog role/Discoverable product | /Categories/Countries/YEM | /Categories/DIEM pillars/Household monitoring system | /Categories/Geographic scope/Country | /Categories/Languages/English | /Categories/Monitoring products/Questionnaire | /Categories/Product types/Questionnaires,verified
e5e6bfd49f3b4ccd8bbf9b21e592b28b,Yemen - Household Questionnaire - Round24,Microsoft Excel,YEM,Yemen — Round 24,Questionnaire,English,Country,high,apply,,,,,,,/Categories/Catalog role/Discoverable product | /Categories/Countries/YEM | /Categories/DIEM pillars/Household monitoring system | /Categories/Geographic scope/Country | /Categories/Languages/English | /Categories/Monitoring products/Questionnaire | /Categories/Product types/Questionnaires,/Categories/Catalog role/Discoverable product | /Categories/Product types/Questionnaires | /Categories/Countries/YEM | /Categories/Monitoring products/Questionnaire | /Categories/Geographic scope/Country | /Categories/Languages/English | /Categories/DIEM pillars/Household monitoring system,/Categories/Catalog role/Discoverable product | /Categories/Countries/YEM | /Categories/DIEM pillars/Household monitoring system | /Categories/Geographic scope/Country | /Categories/Languages/English | /Categories/Monitoring products/Questionnaire | /Categories/Product types/Questionnaires,verified
6c34e8ad1a604038aaf4a3c6e825f230,Yemen - Household Questionnaire - Round25,Microsoft Excel,YEM,Yemen — Round 25,Questionnaire,English,Country,high,apply,,,,,,,/Categories/Catalog role/Discoverable product | /Categories/Countries/YEM | /Categories/DIEM pillars/Household monitoring system | /Categories/Geographic scope/Country | /Categories/Languages/English | /Categories/Monitoring products/Questionnaire | /Categories/Product types/Questionnaires,/Categories/Catalog role/Discoverable product | /Categories/Product types/Questionnaires | /Categories/Countries/YEM | /Categories/Monitoring products/Questionnaire | /Categories/Geographic scope/Country | /Categories/Languages/English | /Categories/DIEM pillars/Household monitoring system,/Categories/Catalog role/Discoverable product | /Categories/Countries/YEM | /Categories/DIEM pillars/Household monitoring system | /Categories/Geographic scope/Country | /Categories/Languages/English | /Categories/Monitoring products/Questionnaire | /Categories/Product types/Questionnaires,verified
0189269655244c04bb1e9db79df97031,Yemen - Household Questionnaire - Round26,Microsoft Excel,YEM,Yemen — Round 26,Questionnaire,English,Country,high,apply,,,,,,,/Categories/Catalog role/Discoverable product | /Categories/Countries/YEM | /Categories/DIEM pillars/Household monitoring system | /Categories/Geographic scope/Country | /Categories/Languages/English | /Categories/Monitoring products/Questionnaire | /Categories/Product types/Questionnaires,/Categories/Catalog role/Discoverable product | /Categories/Product types/Questionnaires | /Categories/Countries/YEM | /Categories/Monitoring products/Questionnaire | /Categories/Geographic scope/Country | /Categories/Languages/English | /Categories/DIEM pillars/Household monitoring system,/Categories/Catalog role/Discoverable product | /Categories/Countries/YEM | /Categories/DIEM pillars/Household monitoring system | /Categories/Geographic scope/Country | /Categories/Languages/English | /Categories/Monitoring products/Questionnaire | /Categories/Product types/Questionnaires,verified
b149f8cd39884f47b6ff3110a2e69f59,Yemen - Household Questionnaire - Round29,Microsoft Excel,YEM,Yemen — Round 29,Questionnaire,French,Country,high,apply,,,,,,,/Categories/Catalog role/Discoverable product | /Categories/Countries/YEM | /Categories/DIEM pillars/Household monitoring system | /Categories/Geographic scope/Country | /Categories/Languages/French | /Categories/Monitoring products/Questionnaire | /Categories/Product types/Questionnaires,/Categories/Catalog role/Discoverable product | /Categories/Product types/Questionnaires | /Categories/Countries/YEM | /Categories/Monitoring products/Questionnaire | /Categories/Geographic scope/Country | /Categories/Languages/French | /Categories/DIEM pillars/Household monitoring system,/Categories/Catalog role/Discoverable product | /Categories/Countries/YEM | /Categories/DIEM pillars/Household monitoring system | /Categories/Geographic scope/Country | /Categories/Languages/French | /Categories/Monitoring products/Questionnaire | /Categories/Product types/Questionnaires,verified
899c74341b8949e28492ade920aafd8e,Yemen - Household Questionnaire - Round3,Microsoft Excel,YEM,Yemen — Round 03,Questionnaire,English,Country,high,apply,,,,,,,/Categories/Catalog role/Discoverable product | /Categories/Countries/YEM | /Categories/DIEM pillars/Household monitoring system | /Categories/Geographic scope/Country | /Categories/Languages/English | /Categories/Monitoring products/Questionnaire | /Categories/Product types/Questionnaires,/Categories/Catalog role/Discoverable product | /Categories/Product types/Questionnaires | /Categories/Countries/YEM | /Categories/Monitoring products/Questionnaire | /Categories/Geographic scope/Country | /Categories/Languages/English | /Categories/DIEM pillars/Household monitoring system,/Categories/Catalog role/Discoverable product | /Categories/Countries/YEM | /Categories/DIEM pillars/Household monitoring system | /Categories/Geographic scope/Country | /Categories/Languages/English | /Categories/Monitoring products/Questionnaire | /Categories/Product types/Questionnaires,verified
43289e4a6ca7400f85a1ff265fd89c2f,Yemen - Household Questionnaire - Round30,Microsoft Excel,YEM,Yemen — Round 30,Questionnaire,French,Country,high,apply,,,,,,,/Categories/Catalog role/Discoverable product | /Categories/Countries/YEM | /Categories/DIEM pillars/Household monitoring system | /Categories/Geographic scope/Country | /Categories/Languages/French | /Categories/Monitoring products/Questionnaire | /Categories/Product types/Questionnaires,/Categories/Catalog role/Discoverable product | /Categories/Product types/Questionnaires | /Categories/Countries/YEM | /Categories/Monitoring products/Questionnaire | /Categories/Geographic scope/Country | /Categories/Languages/French | /Categories/DIEM pillars/Household monitoring system,/Categories/Catalog role/Discoverable product | /Categories/Countries/YEM | /Categories/DIEM pillars/Household monitoring system | /Categories/Geographic scope/Country | /Categories/Languages/French | /Categories/Monitoring products/Questionnaire | /Categories/Product types/Questionnaires,verified
bc6a774fd60b4c519ef4690474193c47,YEMEN - Household Questionnaire - Round4,Microsoft Excel,YEM,Yemen — Round 04,Questionnaire,English,Country,high,apply,,,,,,,/Categories/Catalog role/Discoverable product | /Categories/Countries/YEM | /Categories/DIEM pillars/Household monitoring system | /Categories/Geographic scope/Country | /Categories/Languages/English | /Categories/Monitoring products/Questionnaire | /Categories/Product types/Questionnaires,/Categories/Catalog role/Discoverable product | /Categories/Product types/Questionnaires | /Categories/Countries/YEM | /Categories/Monitoring products/Questionnaire | /Categories/Geographic scope/Country | /Categories/Languages/English | /Categories/DIEM pillars/Household monitoring system,/Categories/Catalog role/Discoverable product | /Categories/Countries/YEM | /Categories/DIEM pillars/Household monitoring system | /Categories/Geographic scope/Country | /Categories/Languages/English | /Categories/Monitoring products/Questionnaire | /Categories/Product types/Questionnaires,verified
96a17bcd4866404e9559b4496e60f4dd,Yemen - Presentation - Round 1,PDF,YEM,,Findings presentation,English,Country,medium,apply,,,,,,Not linked from the monitoring round table; inclusion and round require review,/Categories/Catalog role/Discoverable product | /Categories/Countries/YEM | /Categories/Geographic scope/Country | /Categories/Product types/Key Findings Presentations,/Categories/Catalog role/Discoverable product | /Categories/Product types/Key Findings Presentations | /Categories/Countries/YEM | /Categories/Monitoring products/Findings presentation | /Categories/Geographic scope/Country | /Categories/Languages/English | /Categories/DIEM pillars/Household monitoring system,/Categories/Catalog role/Discoverable product | /Categories/Countries/YEM | /Categories/DIEM pillars/Household monitoring system | /Categories/Geographic scope/Country | /Categories/Languages/English | /Categories/Monitoring products/Findings presentation | /Categories/Product types/Key Findings Presentations,verified
148c3bb4488c4127a4c0345c96976570,Yemen - Presentation - Round 2,PDF,YEM,,Findings presentation,English,Country,medium,apply,,,,,,Not linked from the monitoring round table; inclusion and round require review,/Categories/Catalog role/Discoverable product | /Categories/Countries/YEM | /Categories/Geographic scope/Country | /Categories/Product types/Key Findings Presentations,/Categories/Catalog role/Discoverable product | /Categories/Product types/Key Findings Presentations | /Categories/Countries/YEM | /Categories/Monitoring products/Findings presentation | /Categories/Geographic scope/Country | /Categories/Languages/English | /Categories/DIEM pillars/Household monitoring system,/Categories/Catalog role/Discoverable product | /Categories/Countries/YEM | /Categories/DIEM pillars/Household monitoring system | /Categories/Geographic scope/Country | /Categories/Languages/English | /Categories/Monitoring products/Findings presentation | /Categories/Product types/Key Findings Presentations,verified
8d7bed82c60f46d8a68681620e8807d6,Yemen - Report - Round 1,PDF,YEM,,Report,English,Country,medium,apply,,,,,,Not linked from the monitoring round table; inclusion and round require review,/Categories/Catalog role/Discoverable product | /Categories/Countries/YEM | /Categories/Geographic scope/Country | /Categories/Product types/Country Briefs,/Categories/Catalog role/Discoverable product | /Categories/Product types/Country Briefs | /Categories/Countries/YEM | /Categories/Monitoring products/Report | /Categories/Geographic scope/Country | /Categories/Languages/English | /Categories/DIEM pillars/Household monitoring system,/Categories/Catalog role/Discoverable product | /Categories/Countries/YEM | /Categories/DIEM pillars/Household monitoring system | /Categories/Geographic scope/Country | /Categories/Languages/English | /Categories/Monitoring products/Report | /Categories/Product types/Country Briefs,verified
88863d02c10a4148834defcb34fc74f1,Yemen - Report - Round 2,PDF,YEM,,Report,English,Country,medium,apply,,,,,,Not linked from the monitoring round table; inclusion and round require review,/Categories/Catalog role/Discoverable product | /Categories/Countries/YEM | /Categories/Geographic scope/Country | /Categories/Product types/Country Briefs,/Categories/Catalog role/Discoverable product | /Categories/Product types/Country Briefs | /Categories/Countries/YEM | /Categories/Monitoring products/Report | /Categories/Geographic scope/Country | /Categories/Languages/English | /Categories/DIEM pillars/Household monitoring system,/Categories/Catalog role/Discoverable product | /Categories/Countries/YEM | /Categories/DIEM pillars/Household monitoring system | /Categories/Geographic scope/Country | /Categories/Languages/English | /Categories/Monitoring products/Report | /Categories/Product types/Country Briefs,verified
402191da1563458a92289ee2ddf3c417,Zimbabwe - DIEM Monitoring Brief - Round 3,PDF,ZWE,Zimbabwe — Round 03,Country brief,English,Country,high,apply,,,,,,,/Categories/Catalog role/Discoverable product | /Categories/Countries/ZWE | /Categories/DIEM pillars/Household monitoring system | /Categories/Geographic scope/Country | /Categories/Languages/English | /Categories/Monitoring products/Country brief | /Categories/Product types/Country Briefs,/Categories/Catalog role/Discoverable product | /Categories/Product types/Country Briefs | /Categories/Countries/ZWE | /Categories/Monitoring products/Country brief | /Categories/Geographic scope/Country | /Categories/Languages/English | /Categories/DIEM pillars/Household monitoring system,/Categories/Catalog role/Discoverable product | /Categories/Countries/ZWE | /Categories/DIEM pillars/Household monitoring system | /Categories/Geographic scope/Country | /Categories/Languages/English | /Categories/Monitoring products/Country brief | /Categories/Product types/Country Briefs,verified
3d92f71ac29441d39158003736d6a83d,Zimbabwe - DIEM Monitoring Brief - Round 4,Document Link,ZWE,,Country brief,English,Country,medium,apply,,,,,,Not linked from the monitoring round table; inclusion and round require review,/Categories/Catalog role/Discoverable product | /Categories/Countries/ZWE | /Categories/Geographic scope/Country | /Categories/Product types/Country Briefs,/Categories/Catalog role/Discoverable product | /Categories/Product types/Country Briefs | /Categories/Countries/ZWE | /Categories/Monitoring products/Country brief | /Categories/Geographic scope/Country | /Categories/Languages/English | /Categories/DIEM pillars/Household monitoring system,/Categories/Catalog role/Discoverable product | /Categories/Countries/ZWE | /Categories/DIEM pillars/Household monitoring system | /Categories/Geographic scope/Country | /Categories/Languages/English | /Categories/Monitoring products/Country brief | /Categories/Product types/Country Briefs,verified
7bf8e9efff3d488fb2912623c240083c,Zimbabwe - DIEM Monitoring Brief - Round 5,Document Link,ZWE,Zimbabwe — Round 05,Country brief,English,Country,high,apply,,,,,,,/Categories/Catalog role/Discoverable product | /Categories/Countries/ZWE | /Categories/DIEM pillars/Household monitoring system | /Categories/Geographic scope/Country | /Categories/Languages/English | /Categories/Monitoring products/Country brief | /Categories/Product types/Country Briefs,/Categories/Catalog role/Discoverable product | /Categories/Product types/Country Briefs | /Categories/Countries/ZWE | /Categories/Monitoring products/Country brief | /Categories/Geographic scope/Country | /Categories/Languages/English | /Categories/DIEM pillars/Household monitoring system,/Categories/Catalog role/Discoverable product | /Categories/Countries/ZWE | /Categories/DIEM pillars/Household monitoring system | /Categories/Geographic scope/Country | /Categories/Languages/English | /Categories/Monitoring products/Country brief | /Categories/Product types/Country Briefs,verified
ed458c7eb442446ab25f10681f19a837,Zimbabwe - DIEM Monitoring Brief - Round 6,Document Link,ZWE,Zimbabwe — Round 06,Country brief,English,Country,high,apply,,,,,,,/Categories/Catalog role/Discoverable product | /Categories/Countries/ZWE | /Categories/DIEM pillars/Household monitoring system | /Categories/Geographic scope/Country | /Categories/Languages/English | /Categories/Monitoring products/Country brief | /Categories/Product types/Country Briefs,/Categories/Catalog role/Discoverable product | /Categories/Product types/Country Briefs | /Categories/Countries/ZWE | /Categories/Monitoring products/Country brief | /Categories/Geographic scope/Country | /Categories/Languages/English | /Categories/DIEM pillars/Household monitoring system,/Categories/Catalog role/Discoverable product | /Categories/Countries/ZWE | /Categories/DIEM pillars/Household monitoring system | /Categories/Geographic scope/Country | /Categories/Languages/English | /Categories/Monitoring products/Country brief | /Categories/Product types/Country Briefs,verified
6e0a7708a5ea4dd98deb042bb297ce52,Zimbabwe - DIEM Monitoring Brief - Round 7,Document Link,ZWE,Zimbabwe — Round 07,Country brief,English,Country,high,apply,,,,,,,/Categories/Catalog role/Discoverable product | /Categories/Countries/ZWE | /Categories/DIEM pillars/Household monitoring system | /Categories/Geographic scope/Country | /Categories/Languages/English | /Categories/Monitoring products/Country brief | /Categories/Product types/Country Briefs,/Categories/Catalog role/Discoverable product | /Categories/Product types/Country Briefs | /Categories/Countries/ZWE | /Categories/Monitoring products/Country brief | /Categories/Geographic scope/Country | /Categories/Languages/English | /Categories/DIEM pillars/Household monitoring system,/Categories/Catalog role/Discoverable product | /Categories/Countries/ZWE | /Categories/DIEM pillars/Household monitoring system | /Categories/Geographic scope/Country | /Categories/Languages/English | /Categories/Monitoring products/Country brief | /Categories/Product types/Country Briefs,verified
094fc6f268c544498cec4bfdd7ed5d98,Zimbabwe - DIEM Monitoring Brief - Round 8,Document Link,ZWE,Zimbabwe — Round 08,Country brief,English,Country,high,apply,,,,,,,/Categories/Catalog role/Discoverable product | /Categories/Countries/ZWE | /Categories/DIEM pillars/Household monitoring system | /Categories/Geographic scope/Country | /Categories/Languages/English | /Categories/Monitoring products/Country brief | /Categories/Product types/Country Briefs,/Categories/Catalog role/Discoverable product | /Categories/Product types/Country Briefs | /Categories/Countries/ZWE | /Categories/Monitoring products/Country brief | /Categories/Geographic scope/Country | /Categories/Languages/English | /Categories/DIEM pillars/Household monitoring system,/Categories/Catalog role/Discoverable product | /Categories/Countries/ZWE | /Categories/DIEM pillars/Household monitoring system | /Categories/Geographic scope/Country | /Categories/Languages/English | /Categories/Monitoring products/Country brief | /Categories/Product types/Country Briefs,verified
c4df01b4a12a48a197e6a2591452e2c9,Zimbabwe - DIEM Monitoring Brief - Round 9,Document Link,ZWE,Zimbabwe — Round 09,Country brief,English,Country,high,apply,,,,,,,/Categories/Catalog role/Discoverable product | /Categories/Countries/ZWE | /Categories/DIEM pillars/Household monitoring system | /Categories/Geographic scope/Country | /Categories/Languages/English | /Categories/Monitoring products/Country brief | /Categories/Product types/Country Briefs,/Categories/Catalog role/Discoverable product | /Categories/Product types/Country Briefs | /Categories/Countries/ZWE | /Categories/Monitoring products/Country brief | /Categories/Geographic scope/Country | /Categories/Languages/English | /Categories/DIEM pillars/Household monitoring system,/Categories/Catalog role/Discoverable product | /Categories/Countries/ZWE | /Categories/DIEM pillars/Household monitoring system | /Categories/Geographic scope/Country | /Categories/Languages/English | /Categories/Monitoring products/Country brief | /Categories/Product types/Country Briefs,verified
5bf80018a97c478aabcf50725fed8f82,Zimbabwe - Household Questionnaire - Round 10,Microsoft Excel,ZWE,Zimbabwe — Round 10,Questionnaire,English,Country,high,apply,,,,,,,/Categories/Catalog role/Discoverable product | /Categories/Countries/ZWE | /Categories/DIEM pillars/Household monitoring system | /Categories/Geographic scope/Country | /Categories/Languages/English | /Categories/Monitoring products/Questionnaire | /Categories/Product types/Questionnaires,/Categories/Catalog role/Discoverable product | /Categories/Product types/Questionnaires | /Categories/Countries/ZWE | /Categories/Monitoring products/Questionnaire | /Categories/Geographic scope/Country | /Categories/Languages/English | /Categories/DIEM pillars/Household monitoring system,/Categories/Catalog role/Discoverable product | /Categories/Countries/ZWE | /Categories/DIEM pillars/Household monitoring system | /Categories/Geographic scope/Country | /Categories/Languages/English | /Categories/Monitoring products/Questionnaire | /Categories/Product types/Questionnaires,verified
a2bd13564a4a4d169eac185e79b5b5e5,Zimbabwe - Household Questionnaire - Round 11,Microsoft Excel,ZWE,Zimbabwe — Round 11,Questionnaire,English,Country,high,apply,,,,,,,/Categories/Catalog role/Discoverable product | /Categories/Countries/ZWE | /Categories/DIEM pillars/Household monitoring system | /Categories/Geographic scope/Country | /Categories/Languages/English | /Categories/Monitoring products/Questionnaire | /Categories/Product types/Questionnaires,/Categories/Catalog role/Discoverable product | /Categories/Product types/Questionnaires | /Categories/Countries/ZWE | /Categories/Monitoring products/Questionnaire | /Categories/Geographic scope/Country | /Categories/Languages/English | /Categories/DIEM pillars/Household monitoring system,/Categories/Catalog role/Discoverable product | /Categories/Countries/ZWE | /Categories/DIEM pillars/Household monitoring system | /Categories/Geographic scope/Country | /Categories/Languages/English | /Categories/Monitoring products/Questionnaire | /Categories/Product types/Questionnaires,verified
c573aa1eb95d4f63833434fefdc4ae22,Zimbabwe - Household Questionnaire - Round 3,Microsoft Excel,ZWE,Zimbabwe — Round 03,Questionnaire,English,Country,high,apply,,,,,,,/Categories/Catalog role/Discoverable product | /Categories/Countries/ZWE | /Categories/DIEM pillars/Household monitoring system | /Categories/Geographic scope/Country | /Categories/Languages/English | /Categories/Monitoring products/Questionnaire | /Categories/Product types/Questionnaires,/Categories/Catalog role/Discoverable product | /Categories/Product types/Questionnaires | /Categories/Countries/ZWE | /Categories/Monitoring products/Questionnaire | /Categories/Geographic scope/Country | /Categories/Languages/English | /Categories/DIEM pillars/Household monitoring system,/Categories/Catalog role/Discoverable product | /Categories/Countries/ZWE | /Categories/DIEM pillars/Household monitoring system | /Categories/Geographic scope/Country | /Categories/Languages/English | /Categories/Monitoring products/Questionnaire | /Categories/Product types/Questionnaires,verified
23852c9d5a7d4c71bf627ef33e2e860d,Zimbabwe - Household Questionnaire - Round 6,Microsoft Excel,ZWE,Zimbabwe — Round 06,Questionnaire,English,Country,high,apply,,,,,,,/Categories/Catalog role/Discoverable product | /Categories/Countries/ZWE | /Categories/DIEM pillars/Household monitoring system | /Categories/Geographic scope/Country | /Categories/Languages/English | /Categories/Monitoring products/Questionnaire | /Categories/Product types/Questionnaires,/Categories/Catalog role/Discoverable product | /Categories/Product types/Questionnaires | /Categories/Countries/ZWE | /Categories/Monitoring products/Questionnaire | /Categories/Geographic scope/Country | /Categories/Languages/English | /Categories/DIEM pillars/Household monitoring system,/Categories/Catalog role/Discoverable product | /Categories/Countries/ZWE | /Categories/DIEM pillars/Household monitoring system | /Categories/Geographic scope/Country | /Categories/Languages/English | /Categories/Monitoring products/Questionnaire | /Categories/Product types/Questionnaires,verified
c0a1b10db6bb40d9915837bb215b53e0,Zimbabwe - Household Questionnaire - Round 7,Microsoft Excel,ZWE,Zimbabwe — Round 07,Questionnaire,English,Country,high,apply,,,,,,,/Categories/Catalog role/Discoverable product | /Categories/Countries/ZWE | /Categories/DIEM pillars/Household monitoring system | /Categories/Geographic scope/Country | /Categories/Languages/English | /Categories/Monitoring products/Questionnaire | /Categories/Product types/Questionnaires,/Categories/Catalog role/Discoverable product | /Categories/Product types/Questionnaires | /Categories/Countries/ZWE | /Categories/Monitoring products/Questionnaire | /Categories/Geographic scope/Country | /Categories/Languages/English | /Categories/DIEM pillars/Household monitoring system,/Categories/Catalog role/Discoverable product | /Categories/Countries/ZWE | /Categories/DIEM pillars/Household monitoring system | /Categories/Geographic scope/Country | /Categories/Languages/English | /Categories/Monitoring products/Questionnaire | /Categories/Product types/Questionnaires,verified
79bd64003e784bdebe8167d3398290a9,Zimbabwe - Household Questionnaire - Round 8,Microsoft Excel,ZWE,Zimbabwe — Round 08,Questionnaire,English,Country,high,apply,,,,,,,/Categories/Catalog role/Discoverable product | /Categories/Countries/ZWE | /Categories/DIEM pillars/Household monitoring system | /Categories/Geographic scope/Country | /Categories/Languages/English | /Categories/Monitoring products/Questionnaire | /Categories/Product types/Questionnaires,/Categories/Catalog role/Discoverable product | /Categories/Product types/Questionnaires | /Categories/Countries/ZWE | /Categories/Monitoring products/Questionnaire | /Categories/Geographic scope/Country | /Categories/Languages/English | /Categories/DIEM pillars/Household monitoring system,/Categories/Catalog role/Discoverable product | /Categories/Countries/ZWE | /Categories/DIEM pillars/Household monitoring system | /Categories/Geographic scope/Country | /Categories/Languages/English | /Categories/Monitoring products/Questionnaire | /Categories/Product types/Questionnaires,verified
191f700bb246445b9549059e2b5b602e,Zimbabwe - Household Questionnaire - Round 9,Microsoft Excel,ZWE,,Questionnaire,English,Country,medium,apply,,,,,,Not linked from the monitoring round table; inclusion and round require review,/Categories/Catalog role/Discoverable product | /Categories/Countries/ZWE | /Categories/DIEM pillars/Household monitoring system | /Categories/Geographic scope/Country | /Categories/Languages/English | /Categories/Monitoring products/Questionnaire,/Categories/Catalog role/Discoverable product | /Categories/Countries/ZWE | /Categories/Monitoring products/Questionnaire | /Categories/Geographic scope/Country | /Categories/Languages/English | /Categories/DIEM pillars/Household monitoring system,/Categories/Catalog role/Discoverable product | /Categories/Countries/ZWE | /Categories/DIEM pillars/Household monitoring system | /Categories/Geographic scope/Country | /Categories/Languages/English | /Categories/Monitoring products/Questionnaire,verified
d920ed1774b642a4832225aaae542e02,Zimbabwe - Household Questionnaire - Round 9,Microsoft Excel,ZWE,Zimbabwe — Round 09,Questionnaire,English,Country,high,apply,,,,,,,/Categories/Catalog role/Discoverable product | /Categories/Countries/ZWE | /Categories/DIEM pillars/Household monitoring system | /Categories/Geographic scope/Country | /Categories/Languages/English | /Categories/Monitoring products/Questionnaire | /Categories/Product types/Questionnaires,/Categories/Catalog role/Discoverable product | /Categories/Product types/Questionnaires | /Categories/Countries/ZWE | /Categories/Monitoring products/Questionnaire | /Categories/Geographic scope/Country | /Categories/Languages/English | /Categories/DIEM pillars/Household monitoring system,/Categories/Catalog role/Discoverable product | /Categories/Countries/ZWE | /Categories/DIEM pillars/Household monitoring system | /Categories/Geographic scope/Country | /Categories/Languages/English | /Categories/Monitoring products/Questionnaire | /Categories/Product types/Questionnaires,verified
2680d6168c6b418face82c034b4a0b6f,ZIMBABWE - Household Questionnaire - Round1 ,Microsoft Excel,ZWE,,Questionnaire,English,Country,medium,apply,,,,,,Not linked from the monitoring round table; inclusion and round require review,/Categories/Catalog role/Discoverable product | /Categories/Countries/ZWE | /Categories/DIEM pillars/Household monitoring system | /Categories/Geographic scope/Country | /Categories/Languages/English | /Categories/Monitoring products/Questionnaire | /Categories/Product types/Questionnaires,/Categories/Catalog role/Discoverable product | /Categories/Product types/Questionnaires | /Categories/Countries/ZWE | /Categories/Monitoring products/Questionnaire | /Categories/Geographic scope/Country | /Categories/Languages/English | /Categories/DIEM pillars/Household monitoring system,/Categories/Catalog role/Discoverable product | /Categories/Countries/ZWE | /Categories/DIEM pillars/Household monitoring system | /Categories/Geographic scope/Country | /Categories/Languages/English | /Categories/Monitoring products/Questionnaire | /Categories/Product types/Questionnaires,verified
0512fc7041d94d298f8a0cdd03457d26,ZIMBABWE - Household Questionnaire - Round2,Microsoft Excel,ZWE,,Questionnaire,English,Country,medium,apply,,,,,,Not linked from the monitoring round table; inclusion and round require review,/Categories/Catalog role/Discoverable product | /Categories/Countries/ZWE | /Categories/DIEM pillars/Household monitoring system | /Categories/Geographic scope/Country | /Categories/Languages/English | /Categories/Monitoring products/Questionnaire | /Categories/Product types/Questionnaires,/Categories/Catalog role/Discoverable product | /Categories/Product types/Questionnaires | /Categories/Countries/ZWE | /Categories/Monitoring products/Questionnaire | /Categories/Geographic scope/Country | /Categories/Languages/English | /Categories/DIEM pillars/Household monitoring system,/Categories/Catalog role/Discoverable product | /Categories/Countries/ZWE | /Categories/DIEM pillars/Household monitoring system | /Categories/Geographic scope/Country | /Categories/Languages/English | /Categories/Monitoring products/Questionnaire | /Categories/Product types/Questionnaires,verified
72844f4ca481487990bcee0a2232a5fe,ZIMBABWE - Household Questionnaire - Round4,Microsoft Excel,ZWE,Zimbabwe — Round 04,Questionnaire,English,Country,high,apply,,,,,,,/Categories/Catalog role/Discoverable product | /Categories/Countries/ZWE | /Categories/DIEM pillars/Household monitoring system | /Categories/Geographic scope/Country | /Categories/Languages/English | /Categories/Monitoring products/Questionnaire | /Categories/Product types/Questionnaires,/Categories/Catalog role/Discoverable product | /Categories/Product types/Questionnaires | /Categories/Countries/ZWE | /Categories/Monitoring products/Questionnaire | /Categories/Geographic scope/Country | /Categories/Languages/English | /Categories/DIEM pillars/Household monitoring system,/Categories/Catalog role/Discoverable product | /Categories/Countries/ZWE | /Categories/DIEM pillars/Household monitoring system | /Categories/Geographic scope/Country | /Categories/Languages/English | /Categories/Monitoring products/Questionnaire | /Categories/Product types/Questionnaires,verified
23e9fbb55b4f4db2bdfddeba6c63c9cb,Zimbabwe - Household Questionnaire - Round5,Microsoft Excel,ZWE,Zimbabwe — Round 05,Questionnaire,English,Country,high,apply,,,,,,,/Categories/Catalog role/Discoverable product | /Categories/Countries/ZWE | /Categories/DIEM pillars/Household monitoring system | /Categories/Geographic scope/Country | /Categories/Languages/English | /Categories/Monitoring products/Questionnaire | /Categories/Product types/Questionnaires,/Categories/Catalog role/Discoverable product | /Categories/Product types/Questionnaires | /Categories/Countries/ZWE | /Categories/Monitoring products/Questionnaire | /Categories/Geographic scope/Country | /Categories/Languages/English | /Categories/DIEM pillars/Household monitoring system,/Categories/Catalog role/Discoverable product | /Categories/Countries/ZWE | /Categories/DIEM pillars/Household monitoring system | /Categories/Geographic scope/Country | /Categories/Languages/English | /Categories/Monitoring products/Questionnaire | /Categories/Product types/Questionnaires,verified
ff152d7a5e594657886843849e9b8f85,Zimbabwe - Household Questionnaire - Round6,Microsoft Excel,ZWE,,Questionnaire,English,Country,medium,apply,,,,,,Not linked from the monitoring round table; inclusion and round require review,/Categories/Catalog role/Discoverable product | /Categories/Countries/ZWE | /Categories/DIEM pillars/Household monitoring system | /Categories/Geographic scope/Country | /Categories/Languages/English | /Categories/Monitoring products/Questionnaire | /Categories/Product types/Questionnaires,/Categories/Catalog role/Discoverable product | /Categories/Product types/Questionnaires | /Categories/Countries/ZWE | /Categories/Monitoring products/Questionnaire | /Categories/Geographic scope/Country | /Categories/Languages/English | /Categories/DIEM pillars/Household monitoring system,/Categories/Catalog role/Discoverable product | /Categories/Countries/ZWE | /Categories/DIEM pillars/Household monitoring system | /Categories/Geographic scope/Country | /Categories/Languages/English | /Categories/Monitoring products/Questionnaire | /Categories/Product types/Questionnaires,verified
8c3098c4312b4fd7ad87051b0e1e4a67,Zimbabwe - Presentation - Round 1,PDF,ZWE,,Findings presentation,English,Country,medium,apply,,,,,,Not linked from the monitoring round table; inclusion and round require review,/Categories/Catalog role/Discoverable product | /Categories/Countries/ZWE | /Categories/Geographic scope/Country | /Categories/Product types/Key Findings Presentations,/Categories/Catalog role/Discoverable product | /Categories/Product types/Key Findings Presentations | /Categories/Countries/ZWE | /Categories/Monitoring products/Findings presentation | /Categories/Geographic scope/Country | /Categories/Languages/English | /Categories/DIEM pillars/Household monitoring system,/Categories/Catalog role/Discoverable product | /Categories/Countries/ZWE | /Categories/DIEM pillars/Household monitoring system | /Categories/Geographic scope/Country | /Categories/Languages/English | /Categories/Monitoring products/Findings presentation | /Categories/Product types/Key Findings Presentations,verified
d7f97fa7c196434ba25cb6ba38fb7f1c,Zimbabwe - Report - Round 1,PDF,ZWE,,Report,English,Country,medium,apply,,,,,,Not linked from the monitoring round table; inclusion and round require review,/Categories/Catalog role/Discoverable product | /Categories/Countries/ZWE | /Categories/Geographic scope/Country | /Categories/Product types/Country Briefs,/Categories/Catalog role/Discoverable product | /Categories/Product types/Country Briefs | /Categories/Countries/ZWE | /Categories/Monitoring products/Report | /Categories/Geographic scope/Country | /Categories/Languages/English | /Categories/DIEM pillars/Household monitoring system,/Categories/Catalog role/Discoverable product | /Categories/Countries/ZWE | /Categories/DIEM pillars/Household monitoring system | /Categories/Geographic scope/Country | /Categories/Languages/English | /Categories/Monitoring products/Report | /Categories/Product types/Country Briefs,verified
